{"textures":{"0":"modelengine:entity/bs_vm_crab_texture"},"elements":[{"from":[4.0,8.0,10.0],"to":[8.0,8.0,11.0],"faces":{"up":{"uv":[15.0,1.5,13.0,1.0],"tintindex":0,"rotation":0,"texture":"#0"},"down":{"uv":[15.0,1.5,13.0,2.0],"tintindex":0,"rotation":0,"texture":"#0"}}},{"from":[4.0,8.0,7.5],"to":[8.0,8.0,8.5],"faces":{"up":{"uv":[15.0,0.5,13.0,0.0],"tintindex":0,"rotation":0,"texture":"#0"},"down":{"uv":[15.0,0.5,13.0,1.0],"tintindex":0,"rotation":0,"texture":"#0"}}},{"from":[4.0,8.0,5.0],"to":[8.0,8.0,6.0],"faces":{"up":{"uv":[10.0,13.5,8.0,13.0],"tintindex":0,"rotation":0,"texture":"#0"},"down":{"uv":[12.0,13.0,10.0,13.5],"tintindex":0,"rotation":0,"texture":"#0"}}}],"display":{"gui":{"rotation":[30,225,0]}}}