{"textures":{"0":"modelengine:entity/bs_vm_crab_texture"},"elements":[{"from":[8.789984,6.9219847,6.112287],"to":[13.789984,10.921986,10.112287],"faces":{"east":{"uv":[11.5,10.0,13.5,12.0],"tintindex":0,"rotation":0,"texture":"#0"},"south":{"uv":[0.0,10.0,2.5,12.0],"tintindex":0,"rotation":0,"texture":"#0"},"north":{"uv":[9.0,2.0,11.5,4.0],"tintindex":0,"rotation":0,"texture":"#0"},"west":{"uv":[0.0,12.0,2.0,14.0],"tintindex":0,"rotation":0,"texture":"#0"},"up":{"uv":[5.0,12.0,2.5,10.0],"tintindex":0,"rotation":0,"texture":"#0"},"down":{"uv":[7.5,10.0,5.0,12.0],"tintindex":0,"rotation":0,"texture":"#0"}}}],"display":{"gui":{"rotation":[30,225,0]}}}