{"textures":{"0":"modelengine:entity/page"},"elements":[{"from":[4.0,4.0,4.0],"to":[12.0,12.0,12.0],"faces":{"east":{"uv":[0.0,2.5,2.0,4.5],"tintindex":0,"rotation":0,"texture":"#0"},"south":{"uv":[6.0,2.5,8.0,4.5],"tintindex":0,"rotation":0,"texture":"#0"},"north":{"uv":[2.0,2.5,4.0,4.5],"tintindex":0,"rotation":0,"texture":"#0"},"west":{"uv":[4.0,2.5,6.0,4.5],"tintindex":0,"rotation":0,"texture":"#0"},"up":{"uv":[4.0,2.5,2.0,0.5],"tintindex":0,"rotation":0,"texture":"#0"},"down":{"uv":[6.0,0.5,4.0,2.5],"tintindex":0,"rotation":0,"texture":"#0"}}},{"from":[7.0,3.0,2.0],"to":[9.0,7.0,4.0],"faces":{"east":{"uv":[6.0,0.5,6.5,1.5],"tintindex":0,"rotation":0,"texture":"#0"},"south":{"uv":[7.5,0.5,8.0,1.5],"tintindex":0,"rotation":0,"texture":"#0"},"north":{"uv":[6.5,0.5,7.0,1.5],"tintindex":0,"rotation":0,"texture":"#0"},"west":{"uv":[7.0,0.5,7.5,1.5],"tintindex":0,"rotation":0,"texture":"#0"},"up":{"uv":[7.0,0.5,6.5,0.0],"tintindex":0,"rotation":0,"texture":"#0"},"down":{"uv":[7.5,0.0,7.0,0.5],"tintindex":0,"rotation":0,"texture":"#0"}}}],"display":{"gui":{"rotation":[30,225,0]}}}