{"textures":{"0":"modelengine:entity/page"},"elements":[{"from":[5.0,0.0,6.0],"to":[9.0,12.0,10.0],"faces":{"east":{"uv":[13.0,13.5,12.0,15.5],"tintindex":0,"rotation":0,"texture":"#0"},"south":{"uv":[14.0,13.5,13.0,15.5],"tintindex":0,"rotation":0,"texture":"#0"},"north":{"uv":[12.0,13.5,11.0,15.5],"tintindex":0,"rotation":0,"texture":"#0"},"west":{"uv":[11.0,13.5,10.0,15.5],"tintindex":0,"rotation":0,"texture":"#0"},"up":{"uv":[11.0,13.5,12.0,12.5],"tintindex":0,"rotation":0,"texture":"#0"},"down":{"uv":[12.0,12.5,13.0,13.5],"tintindex":0,"rotation":0,"texture":"#0"}}}],"display":{"gui":{"rotation":[30,225,0]}}}