{
	"credit": "Made with Blockbench",
	"texture_size": [64, 64],
	"textures": {
		"0": "default/armadilloplushtext"
	},
	"elements": [
		{
			"name": "head_rotation",
			"from": [6.5, 1, -1],
			"to": [9.5, 6, 1],
			"rotation": {"angle": 22.5, "axis": "x", "origin": [8, 3.5, 0]},
			"faces": {
				"north": {"uv": [11.25, 4.25, 12, 5.5], "texture": "#0"},
				"east": {"uv": [10.75, 4.25, 11.25, 5.5], "texture": "#0"},
				"south": {"uv": [12.5, 4.25, 13.25, 5.5], "texture": "#0"},
				"west": {"uv": [12, 4.25, 12.5, 5.5], "texture": "#0"},
				"up": {"uv": [12, 4.25, 11.25, 3.75], "texture": "#0"},
				"down": {"uv": [12.75, 3.75, 12, 4.25], "texture": "#0"}
			}
		},
		{
			"name": "left_ear_cube",
			"from": [5.5, 4, 0.4],
			"to": [7.5, 9, 0.4],
			"rotation": {"angle": 22.5, "axis": "z", "origin": [6.5, 6.5, 0.4]},
			"faces": {
				"north": {"uv": [11.75, 2.5, 12.25, 3.75], "texture": "#0"},
				"east": {"uv": [11.75, 2.5, 11.75, 3.75], "texture": "#0"},
				"south": {"uv": [10.75, 2.5, 11.25, 3.75], "texture": "#0"},
				"west": {"uv": [12.25, 2.5, 12.25, 3.75], "texture": "#0"},
				"up": {"uv": [12.25, 2.5, 11.75, 2.5], "texture": "#0"},
				"down": {"uv": [12.75, 2.5, 12.25, 2.5], "texture": "#0"}
			}
		},
		{
			"name": "right_ear_cube",
			"from": [8.5, 4, 0.4],
			"to": [10.5, 9, 0.4],
			"rotation": {"angle": -22.5, "axis": "z", "origin": [9.5, 6.5, 0.4]},
			"faces": {
				"north": {"uv": [10.75, 2.5, 11.25, 3.75], "texture": "#0"},
				"east": {"uv": [10.75, 2.5, 10.75, 3.75], "texture": "#missing"},
				"south": {"uv": [11.75, 2.5, 12.25, 3.75], "texture": "#0"},
				"west": {"uv": [11.25, 2.5, 11.25, 3.75], "texture": "#missing"},
				"up": {"uv": [11.25, 2.5, 10.75, 2.5], "texture": "#missing"},
				"down": {"uv": [11.75, 2.5, 11.25, 2.5], "texture": "#missing"}
			}
		},
		{
			"name": "body",
			"from": [3.7, 1.7, 1.7],
			"to": [12.3, 10.3, 14.3],
			"rotation": {"angle": 0, "axis": "y", "origin": [8, 0, 8]},
			"faces": {
				"north": {"uv": [3, 8, 5, 10], "texture": "#0"},
				"east": {"uv": [0, 8, 3, 10], "texture": "#0"},
				"south": {"uv": [8, 8, 10, 10], "texture": "#0"},
				"west": {"uv": [5, 8, 8, 10], "texture": "#0"},
				"up": {"uv": [5, 8, 3, 5], "texture": "#0"},
				"down": {"uv": [7, 5, 5, 8], "texture": "#0"}
			}
		},
		{
			"name": "body",
			"from": [4, 2, 2],
			"to": [12, 10, 14],
			"rotation": {"angle": 0, "axis": "y", "origin": [8, 0, 8]},
			"faces": {
				"north": {"uv": [3, 13, 5, 15], "texture": "#0"},
				"east": {"uv": [0, 13, 3, 15], "texture": "#0"},
				"south": {"uv": [8, 13, 10, 15], "texture": "#0"},
				"west": {"uv": [5, 13, 8, 15], "texture": "#0"},
				"up": {"uv": [5, 13, 3, 10], "texture": "#0"},
				"down": {"uv": [7, 10, 5, 13], "texture": "#0"}
			}
		},
		{
			"name": "front_left_leg",
			"from": [5, 0, 3],
			"to": [7, 3, 5],
			"rotation": {"angle": 0, "axis": "y", "origin": [8, 0, 8]},
			"faces": {
				"north": {"uv": [11, 11.25, 11.5, 12], "texture": "#0"},
				"east": {"uv": [10.5, 11.25, 11, 12], "texture": "#0"},
				"south": {"uv": [12, 11.25, 12.5, 12], "texture": "#0"},
				"west": {"uv": [11.5, 11.25, 12, 12], "texture": "#0"},
				"up": {"uv": [11.5, 11.25, 11, 10.75], "texture": "#0"},
				"down": {"uv": [12, 10.75, 11.5, 11.25], "texture": "#0"}
			}
		},
		{
			"name": "front_right_leg",
			"from": [9, 0, 3],
			"to": [11, 3, 5],
			"rotation": {"angle": 0, "axis": "y", "origin": [8, 0, 8]},
			"faces": {
				"north": {"uv": [13.25, 11.25, 13.75, 12], "texture": "#0"},
				"east": {"uv": [12.75, 11.25, 13.25, 12], "texture": "#0"},
				"south": {"uv": [14.25, 11.25, 14.75, 12], "texture": "#0"},
				"west": {"uv": [13.75, 11.25, 14.25, 12], "texture": "#0"},
				"up": {"uv": [13.75, 11.25, 13.25, 10.75], "texture": "#0"},
				"down": {"uv": [14.25, 10.75, 13.75, 11.25], "texture": "#0"}
			}
		},
		{
			"name": "back_left_leg",
			"from": [5, 0, 11],
			"to": [7, 3, 13],
			"rotation": {"angle": 0, "axis": "y", "origin": [8, 0, 8]},
			"faces": {
				"north": {"uv": [11, 8.25, 11.5, 9], "texture": "#0"},
				"east": {"uv": [10.5, 8.25, 11, 9], "texture": "#0"},
				"south": {"uv": [12, 8.25, 12.5, 9], "texture": "#0"},
				"west": {"uv": [11.5, 8.25, 12, 9], "texture": "#0"},
				"up": {"uv": [11.5, 8.25, 11, 7.75], "texture": "#0"},
				"down": {"uv": [12, 7.75, 11.5, 8.25], "texture": "#0"}
			}
		},
		{
			"name": "back_right_leg",
			"from": [9, 0, 11],
			"to": [11, 3, 13],
			"rotation": {"angle": 0, "axis": "y", "origin": [8, 0, 8]},
			"faces": {
				"north": {"uv": [13.25, 8.25, 13.75, 9], "texture": "#0"},
				"east": {"uv": [12.75, 8.25, 13.25, 9], "texture": "#0"},
				"south": {"uv": [14.25, 8.25, 14.75, 9], "texture": "#0"},
				"west": {"uv": [13.75, 8.25, 14.25, 9], "texture": "#0"},
				"up": {"uv": [13.75, 8.25, 13.25, 7.75], "texture": "#0"},
				"down": {"uv": [14.25, 7.75, 13.75, 8.25], "texture": "#0"}
			}
		},
		{
			"name": "tail",
			"from": [7.5, 0.08645, 13.09326],
			"to": [8.5, 6.08645, 14.09326],
			"rotation": {"angle": 0, "axis": "y", "origin": [8, 0, 8]},
			"faces": {
				"north": {"uv": [11.25, 13.5, 11.5, 15], "texture": "#0"},
				"east": {"uv": [11, 13.5, 11.25, 15], "texture": "#0"},
				"south": {"uv": [11.75, 13.5, 12, 15], "texture": "#0"},
				"west": {"uv": [11.5, 13.5, 11.75, 15], "texture": "#0"},
				"up": {"uv": [11.5, 13.5, 11.25, 13.25], "texture": "#0"},
				"down": {"uv": [11.75, 13.25, 11.5, 13.5], "texture": "#0"}
			}
		}
	],
	"display": {
		"thirdperson_righthand": {
			"rotation": [92, 0, 0],
			"translation": [0, -1.75, 0],
			"scale": [0.5, 0.5, 0.5]
		},
		"thirdperson_lefthand": {
			"rotation": [92, 0, 0],
			"translation": [0, -1.75, 0],
			"scale": [0.5, 0.5, 0.5]
		},
		"firstperson_righthand": {
			"rotation": [0, 111, 0],
			"translation": [1, 5.75, 1.25],
			"scale": [0.5, 0.5, 0.5]
		},
		"firstperson_lefthand": {
			"rotation": [0, 111, 0],
			"translation": [1, 5.75, 1.25],
			"scale": [0.5, 0.5, 0.5]
		},
		"ground": {
			"translation": [0, 2.25, 0],
			"scale": [0.5, 0.5, 0.5]
		},
		"gui": {
			"rotation": [0, 129, 0],
			"translation": [0, 3.5, 0]
		},
		"head": {
			"rotation": [16, 0, 0],
			"translation": [0, 13, 1]
		},
		"fixed": {
			"rotation": [-90, 0, 0],
			"translation": [0, 0, -8]
		}
	},
	"groups": [
		{
			"name": "head",
			"origin": [8, 5, 1],
			"color": 0,
			"children": [
				{
					"name": "head_rotation",
					"origin": [8, 5, 1],
					"color": 0,
					"children": [0]
				}
			]
		},
		{
			"name": "left_ear_cube",
			"origin": [6.5, 6, 0.4],
			"color": 0,
			"children": [1]
		},
		{
			"name": "right_ear_cube",
			"origin": [9.5, 6, 0.4],
			"color": 0,
			"children": [2]
		},
		{
			"name": "body",
			"origin": [8, 3, 12],
			"color": 0,
			"children": [3, 4]
		},
		{
			"name": "cube",
			"origin": [8, 0, 8],
			"color": 0,
			"children": []
		},
		{
			"name": "front_left_leg",
			"origin": [6, 3, 4],
			"color": 0,
			"children": [5]
		},
		{
			"name": "front_right_leg",
			"origin": [10, 3, 4],
			"color": 0,
			"children": [6]
		},
		{
			"name": "back_left_leg",
			"origin": [6, 3, 12],
			"color": 0,
			"children": [7]
		},
		{
			"name": "back_right_leg",
			"origin": [10, 3, 12],
			"color": 0,
			"children": [8]
		},
		{
			"name": "tail",
			"origin": [8, 6, 13],
			"color": 0,
			"children": [9]
		}
	]
}