{
	"credit": "Made with Blockbench",
	"texture_size": [64, 64],
	"textures": {
		"0": "default/beeplushietext",
		"particle": "default/beeplushietext"
	},
	"elements": [
		{
			"name": "torso",
			"from": [-3.5, 2, -5],
			"to": [3.5, 9, 5],
			"faces": {
				"north": {"uv": [2.5, 2.5, 4.25, 4.25], "texture": "#0"},
				"east": {"uv": [0, 2.5, 2.5, 4.25], "texture": "#0"},
				"south": {"uv": [6.75, 2.5, 8.5, 4.25], "texture": "#0"},
				"west": {"uv": [4.25, 2.5, 6.75, 4.25], "texture": "#0"},
				"up": {"uv": [4.25, 2.5, 2.5, 0], "texture": "#0"},
				"down": {"uv": [6, 0, 4.25, 2.5], "texture": "#0"}
			}
		},
		{
			"name": "right_antenna",
			"from": [1.5, 7, -8],
			"to": [2.5, 9, -5],
			"faces": {
				"north": {"uv": [1.25, 1.5, 1.5, 2], "texture": "#0"},
				"east": {"uv": [2.25, 1.5, 1.5, 2], "texture": "#0"},
				"south": {"uv": [2.25, 1.5, 2.5, 2], "texture": "#0"},
				"west": {"uv": [1.5, 1.5, 2.25, 2], "texture": "#0"},
				"up": {"uv": [1.5, 1.5, 1.25, 0.75], "texture": "#0"},
				"down": {"uv": [1.75, 0.75, 1.5, 1.5], "texture": "#0"}
			}
		},
		{
			"name": "stinger",
			"from": [0, 5, 5],
			"to": [0, 6, 7],
			"faces": {
				"north": {"uv": [6.5, 2.25, 6.5, 2.5], "texture": "#0"},
				"east": {"uv": [6, 2.25, 6.5, 2.5], "texture": "#0"},
				"south": {"uv": [7, 2.25, 7, 2.5], "texture": "#0"},
				"west": {"uv": [6.5, 2.25, 7, 2.5], "texture": "#0"},
				"up": {"uv": [6.5, 2.25, 6.5, 1.75], "texture": "#0"},
				"down": {"uv": [6.5, 1.75, 6.5, 2.25], "texture": "#0"}
			}
		},
		{
			"name": "left_antenna",
			"from": [-2.5, 7, -8],
			"to": [-1.5, 9, -5],
			"faces": {
				"north": {"uv": [1.25, 0.75, 1.5, 1.25], "texture": "#0"},
				"east": {"uv": [0.5, 0.75, 1.25, 1.25], "texture": "#0"},
				"south": {"uv": [2.25, 0.75, 2.5, 1.25], "texture": "#0"},
				"west": {"uv": [1.25, 0.75, 0.5, 1.25], "texture": "#0"},
				"up": {"uv": [1.5, 0.75, 1.25, 0], "texture": "#0"},
				"down": {"uv": [1.75, 0, 1.5, 0.75], "texture": "#0"}
			}
		},
		{
			"name": "back_legs",
			"from": [-2.5, 0, 2],
			"to": [2.5, 2, 2],
			"faces": {
				"north": {"uv": [6.75, 1.25, 8, 1.75], "texture": "#0"},
				"east": {"uv": [6.75, 1.25, 6.75, 1.75], "texture": "#0"},
				"south": {"uv": [6.75, 1.25, 8, 1.75], "texture": "#0"},
				"west": {"uv": [8, 1.25, 8, 1.75], "texture": "#0"},
				"up": {"uv": [8, 1.25, 6.75, 1.25], "texture": "#0"},
				"down": {"uv": [9.25, 1.25, 8, 1.25], "texture": "#0"}
			}
		},
		{
			"name": "middle_legs",
			"from": [-2.5, 0, 0],
			"to": [2.5, 2, 0],
			"faces": {
				"north": {"uv": [6.75, 0.75, 8, 1.25], "texture": "#0"},
				"east": {"uv": [6.75, 0.75, 6.75, 1.25], "texture": "#0"},
				"south": {"uv": [6.75, 0.75, 8, 1.25], "texture": "#0"},
				"west": {"uv": [8, 0.75, 8, 1.25], "texture": "#0"},
				"up": {"uv": [8, 0.75, 6.75, 0.75], "texture": "#0"},
				"down": {"uv": [9.25, 0.75, 8, 0.75], "texture": "#0"}
			}
		},
		{
			"name": "front_legs",
			"from": [-1.5, 0, -2],
			"to": [1.5, 2, -2],
			"faces": {
				"north": {"uv": [7, 0.25, 7.75, 0.75], "texture": "#0"},
				"east": {"uv": [7, 0.25, 7, 0.75], "texture": "#0"},
				"south": {"uv": [7, 0.25, 7.75, 0.75], "texture": "#0"},
				"west": {"uv": [7.75, 0.25, 7.75, 0.75], "texture": "#0"},
				"up": {"uv": [7.75, 0.25, 7, 0.25], "texture": "#0"},
				"down": {"uv": [8.5, 0.25, 7.75, 0.25], "texture": "#0"}
			}
		},
		{
			"name": "right_wing",
			"from": [1.5, 9, -3],
			"to": [10.5, 9, 3],
			"faces": {
				"north": {"uv": [1.5, 6, 3.75, 6], "texture": "#0"},
				"east": {"uv": [0, 6, 1.5, 6], "texture": "#0"},
				"south": {"uv": [5.25, 6, 7.5, 6], "texture": "#0"},
				"west": {"uv": [3.75, 6, 5.25, 6], "texture": "#0"},
				"up": {"uv": [3.75, 6, 1.5, 4.5], "texture": "#0"},
				"down": {"uv": [3.75, 4.5, 1.5, 6], "texture": "#0"}
			}
		},
		{
			"name": "left_wing",
			"from": [-10.5, 9, -3],
			"to": [-1.5, 9, 3],
			"faces": {
				"north": {"uv": [3.75, 6, 1.5, 6], "texture": "#0"},
				"east": {"uv": [5.25, 6, 3.75, 6], "texture": "#0"},
				"south": {"uv": [7.5, 6, 5.25, 6], "texture": "#0"},
				"west": {"uv": [1.5, 6, 0, 6], "texture": "#0"},
				"up": {"uv": [1.5, 6, 3.75, 4.5], "texture": "#0"},
				"down": {"uv": [1.5, 4.5, 3.75, 6], "texture": "#0"}
			}
		}
	],
	"display": {
		"thirdperson_righthand": {
			"rotation": [90, 0, 0],
			"translation": [4, -5.5, -0.5],
			"scale": [0.5, 0.5, 0.5]
		},
		"thirdperson_lefthand": {
			"rotation": [90, 0, 0],
			"translation": [-4, -5.5, -0.5],
			"scale": [0.5, 0.5, 0.5]
		},
		"firstperson_righthand": {
			"rotation": [0, 90, 0],
			"translation": [2, 7.5, 0],
			"scale": [0.5, 0.5, 0.5]
		},
		"firstperson_lefthand": {
			"rotation": [0, 90, 0],
			"translation": [2, 7.5, 7.5],
			"scale": [0.5, 0.5, 0.5]
		},
		"ground": {
			"translation": [3.5, 0, 3.5],
			"scale": [0.5, 0.5, 0.5]
		},
		"gui": {
			"rotation": [11, 125, 0],
			"translation": [2.5, 5, 0]
		},
		"head": {
			"translation": [8, 15.5, 7.75]
		},
		"fixed": {
			"rotation": [90, 0, -180],
			"translation": [-8, -8, -10]
		}
	},
	"groups": [
		{
			"name": "all",
			"origin": [8, 8, 8],
			"color": 0,
			"children": [
				{
					"name": "torso",
					"origin": [0, 5, 0],
					"color": 0,
					"children": [0]
				},
				{
					"name": "right_antenna",
					"origin": [0, 7, -5],
					"color": 0,
					"children": [1]
				},
				{
					"name": "stinger",
					"origin": [0, 5, 0],
					"color": 0,
					"children": [2]
				},
				{
					"name": "left_antenna",
					"origin": [0, 7, -5],
					"color": 0,
					"children": [3]
				},
				{
					"name": "back_legs",
					"origin": [-1.5, 2, 2],
					"color": 0,
					"children": [4]
				},
				{
					"name": "middle_legs",
					"origin": [-1.5, 2, 0],
					"color": 0,
					"children": [5]
				},
				{
					"name": "front_legs",
					"origin": [-1.5, 2, -2],
					"color": 0,
					"children": [6]
				},
				{
					"name": "right_wing",
					"origin": [1.5, 9, -3],
					"color": 0,
					"children": [7]
				},
				{
					"name": "left_wing",
					"origin": [-1.5, 9, -3],
					"color": 0,
					"children": [8]
				},
				{
					"name": "body",
					"origin": [0, 0, 0],
					"color": 0,
					"children": []
				}
			]
		}
	]
}