{
	"credit": "Made with Blockbench",
	"texture_size": [64, 32],
	"textures": {
		"0": "default/blazeplushietext"
	},
	"elements": [
		{
			"name": "head",
			"from": [-4, 20, -4],
			"to": [4, 28, 4],
			"faces": {
				"north": {"uv": [2, 4, 4, 8], "texture": "#0"},
				"east": {"uv": [0, 4, 2, 8], "texture": "#0"},
				"south": {"uv": [6, 4, 8, 8], "texture": "#0"},
				"west": {"uv": [4, 4, 6, 8], "texture": "#0"},
				"up": {"uv": [4, 4, 2, 0], "texture": "#0"},
				"down": {"uv": [6, 0, 4, 4], "texture": "#0"}
			}
		},
		{
			"name": "stick1",
			"from": [6, 18, -8],
			"to": [8, 26, -6],
			"faces": {
				"north": {"uv": [0.5, 9, 1, 13], "texture": "#0"},
				"east": {"uv": [0, 9, 0.5, 13], "texture": "#0"},
				"south": {"uv": [1.5, 9, 2, 13], "texture": "#0"},
				"west": {"uv": [1, 9, 1.5, 13], "texture": "#0"},
				"up": {"uv": [1, 9, 0.5, 8], "texture": "#0"},
				"down": {"uv": [1.5, 8, 1, 9], "texture": "#0"}
			}
		},
		{
			"name": "stick2",
			"from": [-8, 18, -8],
			"to": [-6, 26, -6],
			"faces": {
				"north": {"uv": [0.5, 9, 1, 13], "texture": "#0"},
				"east": {"uv": [0, 9, 0.5, 13], "texture": "#0"},
				"south": {"uv": [1.5, 9, 2, 13], "texture": "#0"},
				"west": {"uv": [1, 9, 1.5, 13], "texture": "#0"},
				"up": {"uv": [1, 9, 0.5, 8], "texture": "#0"},
				"down": {"uv": [1.5, 8, 1, 9], "texture": "#0"}
			}
		},
		{
			"name": "stick3",
			"from": [-8, 18, 6],
			"to": [-6, 26, 8],
			"faces": {
				"north": {"uv": [0.5, 9, 1, 13], "texture": "#0"},
				"east": {"uv": [0, 9, 0.5, 13], "texture": "#0"},
				"south": {"uv": [1.5, 9, 2, 13], "texture": "#0"},
				"west": {"uv": [1, 9, 1.5, 13], "texture": "#0"},
				"up": {"uv": [1, 9, 0.5, 8], "texture": "#0"},
				"down": {"uv": [1.5, 8, 1, 9], "texture": "#0"}
			}
		},
		{
			"name": "stick4",
			"from": [6, 18, 6],
			"to": [8, 26, 8],
			"faces": {
				"north": {"uv": [0.5, 9, 1, 13], "texture": "#0"},
				"east": {"uv": [0, 9, 0.5, 13], "texture": "#0"},
				"south": {"uv": [1.5, 9, 2, 13], "texture": "#0"},
				"west": {"uv": [1, 9, 1.5, 13], "texture": "#0"},
				"up": {"uv": [1, 9, 0.5, 8], "texture": "#0"},
				"down": {"uv": [1.5, 8, 1, 9], "texture": "#0"}
			}
		},
		{
			"name": "stick5",
			"from": [4, 14, -6],
			"to": [6, 22, -4],
			"faces": {
				"north": {"uv": [0.5, 9, 1, 13], "texture": "#0"},
				"east": {"uv": [0, 9, 0.5, 13], "texture": "#0"},
				"south": {"uv": [1.5, 9, 2, 13], "texture": "#0"},
				"west": {"uv": [1, 9, 1.5, 13], "texture": "#0"},
				"up": {"uv": [1, 9, 0.5, 8], "texture": "#0"},
				"down": {"uv": [1.5, 8, 1, 9], "texture": "#0"}
			}
		},
		{
			"name": "stick6",
			"from": [-6, 14, -6],
			"to": [-4, 22, -4],
			"faces": {
				"north": {"uv": [0.5, 9, 1, 13], "texture": "#0"},
				"east": {"uv": [0, 9, 0.5, 13], "texture": "#0"},
				"south": {"uv": [1.5, 9, 2, 13], "texture": "#0"},
				"west": {"uv": [1, 9, 1.5, 13], "texture": "#0"},
				"up": {"uv": [1, 9, 0.5, 8], "texture": "#0"},
				"down": {"uv": [1.5, 8, 1, 9], "texture": "#0"}
			}
		},
		{
			"name": "stick7",
			"from": [-6, 14, 4],
			"to": [-4, 22, 6],
			"faces": {
				"north": {"uv": [0.5, 9, 1, 13], "texture": "#0"},
				"east": {"uv": [0, 9, 0.5, 13], "texture": "#0"},
				"south": {"uv": [1.5, 9, 2, 13], "texture": "#0"},
				"west": {"uv": [1, 9, 1.5, 13], "texture": "#0"},
				"up": {"uv": [1, 9, 0.5, 8], "texture": "#0"},
				"down": {"uv": [1.5, 8, 1, 9], "texture": "#0"}
			}
		},
		{
			"name": "stick8",
			"from": [4, 14, 4],
			"to": [6, 22, 6],
			"faces": {
				"north": {"uv": [0.5, 9, 1, 13], "texture": "#0"},
				"east": {"uv": [0, 9, 0.5, 13], "texture": "#0"},
				"south": {"uv": [1.5, 9, 2, 13], "texture": "#0"},
				"west": {"uv": [1, 9, 1.5, 13], "texture": "#0"},
				"up": {"uv": [1, 9, 0.5, 8], "texture": "#0"},
				"down": {"uv": [1.5, 8, 1, 9], "texture": "#0"}
			}
		},
		{
			"name": "stick9",
			"from": [2, 6, -4],
			"to": [4, 14, -2],
			"faces": {
				"north": {"uv": [0.5, 9, 1, 13], "texture": "#0"},
				"east": {"uv": [0, 9, 0.5, 13], "texture": "#0"},
				"south": {"uv": [1.5, 9, 2, 13], "texture": "#0"},
				"west": {"uv": [1, 9, 1.5, 13], "texture": "#0"},
				"up": {"uv": [1, 9, 0.5, 8], "texture": "#0"},
				"down": {"uv": [1.5, 8, 1, 9], "texture": "#0"}
			}
		},
		{
			"name": "stick10",
			"from": [-4, 6, -4],
			"to": [-2, 14, -2],
			"faces": {
				"north": {"uv": [0.5, 9, 1, 13], "texture": "#0"},
				"east": {"uv": [0, 9, 0.5, 13], "texture": "#0"},
				"south": {"uv": [1.5, 9, 2, 13], "texture": "#0"},
				"west": {"uv": [1, 9, 1.5, 13], "texture": "#0"},
				"up": {"uv": [1, 9, 0.5, 8], "texture": "#0"},
				"down": {"uv": [1.5, 8, 1, 9], "texture": "#0"}
			}
		},
		{
			"name": "stick11",
			"from": [-4, 6, 2],
			"to": [-2, 14, 4],
			"faces": {
				"north": {"uv": [0.5, 9, 1, 13], "texture": "#0"},
				"east": {"uv": [0, 9, 0.5, 13], "texture": "#0"},
				"south": {"uv": [1.5, 9, 2, 13], "texture": "#0"},
				"west": {"uv": [1, 9, 1.5, 13], "texture": "#0"},
				"up": {"uv": [1, 9, 0.5, 8], "texture": "#0"},
				"down": {"uv": [1.5, 8, 1, 9], "texture": "#0"}
			}
		},
		{
			"name": "stick12",
			"from": [2, 6, 2],
			"to": [4, 14, 4],
			"faces": {
				"north": {"uv": [0.5, 9, 1, 13], "texture": "#0"},
				"east": {"uv": [0, 9, 0.5, 13], "texture": "#0"},
				"south": {"uv": [1.5, 9, 2, 13], "texture": "#0"},
				"west": {"uv": [1, 9, 1.5, 13], "texture": "#0"},
				"up": {"uv": [1, 9, 0.5, 8], "texture": "#0"},
				"down": {"uv": [1.5, 8, 1, 9], "texture": "#0"}
			}
		}
	],
	"display": {
		"thirdperson_righthand": {
			"rotation": [90, 0, 0],
			"translation": [3, -3.75, 13],
			"scale": [0.25, 0.25, 0.25]
		},
		"thirdperson_lefthand": {
			"rotation": [90, 0, 0],
			"translation": [-1, -3.75, 13],
			"scale": [0.25, 0.25, 0.25]
		},
		"firstperson_righthand": {
			"rotation": [0, 131, 0],
			"translation": [4.5, -4, -9.75],
			"scale": [0.5, 0.5, 0.5]
		},
		"firstperson_lefthand": {
			"rotation": [0, 131, 0],
			"translation": [9.75, -2.25, -3.5],
			"scale": [0.5, 0.5, 0.5]
		},
		"ground": {
			"translation": [3.75, 0, 4],
			"scale": [0.5, 0.5, 0.5]
		},
		"gui": {
			"rotation": [0, 162, 0],
			"translation": [-3.5, -7, 0],
			"scale": [0.75, 0.75, 0.75]
		},
		"head": {
			"translation": [4, 8, 4.25],
			"scale": [0.5, 0.5, 0.5]
		},
		"fixed": {
			"rotation": [-90, -180, 0],
			"translation": [-8, -8, -4.75]
		}
	},
	"groups": [
		{
			"name": "head",
			"origin": [0, 24, 0],
			"color": 0,
			"children": [0]
		},
		{
			"name": "stick1",
			"origin": [7, 26, -7],
			"color": 0,
			"children": [1]
		},
		{
			"name": "stick2",
			"origin": [-7, 26, -7],
			"color": 0,
			"children": [2]
		},
		{
			"name": "stick3",
			"origin": [-7, 26, 7],
			"color": 0,
			"children": [3]
		},
		{
			"name": "stick4",
			"origin": [7, 26, 7],
			"color": 0,
			"children": [4]
		},
		{
			"name": "stick5",
			"origin": [5, 22, -5],
			"color": 0,
			"children": [5]
		},
		{
			"name": "stick6",
			"origin": [-5, 22, -5],
			"color": 0,
			"children": [6]
		},
		{
			"name": "stick7",
			"origin": [-5, 22, 5],
			"color": 0,
			"children": [7]
		},
		{
			"name": "stick8",
			"origin": [5, 22, 5],
			"color": 0,
			"children": [8]
		},
		{
			"name": "stick9",
			"origin": [3, 14, -3],
			"color": 0,
			"children": [9]
		},
		{
			"name": "stick10",
			"origin": [-3, 14, -3],
			"color": 0,
			"children": [10]
		},
		{
			"name": "stick11",
			"origin": [-3, 14, 3],
			"color": 0,
			"children": [11]
		},
		{
			"name": "stick12",
			"origin": [3, 14, 3],
			"color": 0,
			"children": [12]
		}
	]
}