{
	"credit": "Made with Blockbench",
	"texture_size": [64, 64],
	"textures": {
		"0": "default/blueaxotex"
	},
	"elements": [
		{
			"name": "head",
			"from": [4, 4, 0],
			"to": [12, 9, 5],
			"faces": {
				"north": {"uv": [1.25, 1.5, 3.25, 2.75], "texture": "#0"},
				"east": {"uv": [0, 1.5, 1.25, 2.75], "texture": "#0"},
				"south": {"uv": [4.5, 1.5, 6.5, 2.75], "texture": "#0"},
				"west": {"uv": [3.25, 1.5, 4.5, 2.75], "texture": "#0"},
				"up": {"uv": [3.25, 1.5, 1.25, 0.25], "texture": "#0"},
				"down": {"uv": [5.25, 0.25, 3.25, 1.5], "texture": "#0"}
			}
		},
		{
			"name": "top_gills",
			"from": [4, 9, 4],
			"to": [12, 12, 4],
			"faces": {
				"north": {"uv": [0.75, 9.25, 2.75, 10], "texture": "#0"},
				"east": {"uv": [0.75, 9.25, 0.75, 10], "texture": "#0"},
				"south": {"uv": [0.75, 9.25, 2.75, 10], "texture": "#0"},
				"west": {"uv": [2.75, 9.25, 2.75, 10], "texture": "#0"},
				"up": {"uv": [2.75, 9.25, 0.75, 9.25], "texture": "#0"},
				"down": {"uv": [4.75, 9.25, 2.75, 9.25], "texture": "#0"}
			}
		},
		{
			"name": "left_gills",
			"from": [12, 4, 4],
			"to": [15, 11, 4],
			"faces": {
				"north": {"uv": [0, 10, 0.75, 11.75], "texture": "#0"},
				"east": {"uv": [0, 10, 0, 11.75], "texture": "#0"},
				"south": {"uv": [2.75, 10, 3.5, 11.75], "texture": "#0"},
				"west": {"uv": [0.75, 10, 0.75, 11.75], "texture": "#0"},
				"up": {"uv": [0.75, 10, 0, 10], "texture": "#0"},
				"down": {"uv": [1.5, 10, 0.75, 10], "texture": "#0"}
			}
		},
		{
			"name": "right_gills",
			"from": [1, 4, 4],
			"to": [4, 11, 4],
			"faces": {
				"north": {"uv": [2.75, 10, 3.5, 11.75], "texture": "#0"},
				"east": {"uv": [2.75, 10, 2.75, 11.75], "texture": "#0"},
				"south": {"uv": [0, 10, 0.75, 11.75], "texture": "#0"},
				"west": {"uv": [3.5, 10, 3.5, 11.75], "texture": "#0"},
				"up": {"uv": [3.5, 10, 2.75, 10], "texture": "#0"},
				"down": {"uv": [4.25, 10, 3.5, 10], "texture": "#0"}
			}
		},
		{
			"name": "body",
			"from": [4, 4, 5],
			"to": [12, 8, 15],
			"faces": {
				"north": {"uv": [2.5, 5.25, 4.5, 6.25], "texture": "#0"},
				"east": {"uv": [0, 5.25, 2.5, 6.25], "texture": "#0"},
				"south": {"uv": [7, 5.25, 9, 6.25], "texture": "#0"},
				"west": {"uv": [4.5, 5.25, 7, 6.25], "texture": "#0"},
				"up": {"uv": [4.5, 5.25, 2.5, 2.75], "texture": "#0"},
				"down": {"uv": [6.5, 2.75, 4.5, 5.25], "texture": "#0"}
			}
		},
		{
			"name": "body",
			"from": [8, 4, 6],
			"to": [8, 9, 15],
			"faces": {
				"north": {"uv": [2.75, 6.5, 2.75, 7.75], "texture": "#0"},
				"east": {"uv": [0.5, 6.5, 2.75, 7.75], "texture": "#0"},
				"south": {"uv": [5, 6.5, 5, 7.75], "texture": "#0"},
				"west": {"uv": [0.5, 6.5, 2.75, 7.75], "texture": "#0"},
				"up": {"uv": [2.75, 6.5, 2.75, 4.25], "texture": "#0"},
				"down": {"uv": [2.75, 4.25, 2.75, 6.5], "texture": "#0"}
			}
		},
		{
			"name": "leg4",
			"from": [2.5, 0, 6],
			"to": [5.5, 5, 6],
			"faces": {
				"north": {"uv": [0.5, 3.25, 1.25, 4.5], "texture": "#0"},
				"east": {"uv": [0.5, 3.25, 0.5, 4.5], "texture": "#0"},
				"south": {"uv": [0.5, 3.25, 1.25, 4.5], "texture": "#0"},
				"west": {"uv": [1.25, 3.25, 1.25, 4.5], "texture": "#0"},
				"up": {"uv": [1.25, 3.25, 0.5, 3.25], "texture": "#0"},
				"down": {"uv": [2, 3.25, 1.25, 3.25], "texture": "#0"}
			}
		},
		{
			"name": "leg2",
			"from": [2.5, 0, 13],
			"to": [5.5, 5, 13],
			"faces": {
				"north": {"uv": [0.5, 3.25, 1.25, 4.5], "texture": "#0"},
				"east": {"uv": [0.5, 3.25, 0.5, 4.5], "texture": "#0"},
				"south": {"uv": [0.5, 3.25, 1.25, 4.5], "texture": "#0"},
				"west": {"uv": [1.25, 3.25, 1.25, 4.5], "texture": "#0"},
				"up": {"uv": [1.25, 3.25, 0.5, 3.25], "texture": "#0"},
				"down": {"uv": [2, 3.25, 1.25, 3.25], "texture": "#0"}
			}
		},
		{
			"name": "leg3",
			"from": [10.5, 0, 6],
			"to": [13.5, 5, 6],
			"faces": {
				"north": {"uv": [0.5, 3.25, 1.25, 4.5], "texture": "#0"},
				"east": {"uv": [0.5, 3.25, 0.5, 4.5], "texture": "#0"},
				"south": {"uv": [0.5, 3.25, 1.25, 4.5], "texture": "#0"},
				"west": {"uv": [1.25, 3.25, 1.25, 4.5], "texture": "#0"},
				"up": {"uv": [1.25, 3.25, 0.5, 3.25], "texture": "#0"},
				"down": {"uv": [2, 3.25, 1.25, 3.25], "texture": "#0"}
			}
		},
		{
			"name": "leg1",
			"from": [10.5, 0, 13],
			"to": [13.5, 5, 13],
			"faces": {
				"north": {"uv": [0.5, 3.25, 1.25, 4.5], "texture": "#0"},
				"east": {"uv": [0.5, 3.25, 0.5, 4.5], "texture": "#0"},
				"south": {"uv": [0.5, 3.25, 1.25, 4.5], "texture": "#0"},
				"west": {"uv": [1.25, 3.25, 1.25, 4.5], "texture": "#0"},
				"up": {"uv": [1.25, 3.25, 0.5, 3.25], "texture": "#0"},
				"down": {"uv": [2, 3.25, 1.25, 3.25], "texture": "#0"}
			}
		},
		{
			"name": "tail",
			"from": [8, 4, 15],
			"to": [8, 9, 27],
			"rotation": {"angle": 0, "axis": "y", "origin": [0, 16, 0]},
			"faces": {
				"north": {"uv": [3.5, 9, 3.5, 7.75], "texture": "#0"},
				"east": {"uv": [3.5, 9, 0.5, 7.75], "rotation": 180, "texture": "#0"},
				"south": {"uv": [6.5, 9, 6.5, 7.75], "texture": "#0"},
				"west": {"uv": [0.5, 9, 3.5, 7.75], "rotation": 180, "texture": "#0"},
				"up": {"uv": [3.5, 7.75, 3.5, 4.75], "texture": "#0"},
				"down": {"uv": [3.5, 4.75, 3.5, 7.75], "texture": "#0"}
			}
		}
	],
	"display": {
		"thirdperson_righthand": {
			"rotation": [88, 0, 180],
			"translation": [0, -1.25, -1.75],
			"scale": [0.5, 0.5, 0.5]
		},
		"thirdperson_lefthand": {
			"rotation": [88, 0, -180],
			"translation": [0, -1.25, -1.75],
			"scale": [0.5, 0.5, 0.5]
		},
		"firstperson_righthand": {
			"translation": [0.5, 2.75, 0]
		},
		"firstperson_lefthand": {
			"translation": [0.5, 2.75, 0]
		},
		"ground": {
			"scale": [0.5, 0.5, 0.5]
		},
		"gui": {
			"rotation": [172, 29, 180],
			"translation": [0, 1, 0]
		},
		"head": {
			"translation": [0, 10.5, 0]
		},
		"fixed": {
			"rotation": [-90, 0, 0],
			"translation": [0, -2.25, -4.25]
		}
	},
	"groups": [
		{
			"name": "All",
			"origin": [8, 8, 8],
			"color": 0,
			"children": [
				{
					"name": "head",
					"origin": [0, 6, -5],
					"color": 0,
					"children": [0]
				},
				{
					"name": "top_gills",
					"origin": [0, 9, -6],
					"color": 0,
					"children": [1]
				},
				{
					"name": "left_gills",
					"origin": [4, 6, -6],
					"color": 0,
					"children": [2]
				},
				{
					"name": "right_gills",
					"origin": [-4, 6, -6],
					"color": 0,
					"children": [3]
				},
				{
					"name": "body",
					"origin": [0, 6, 4],
					"color": 0,
					"children": [4, 5]
				},
				{
					"name": "leg4",
					"origin": [-3.5, 5, -4],
					"color": 0,
					"children": [6]
				},
				{
					"name": "leg2",
					"origin": [-3.5, 5, 3],
					"color": 0,
					"children": [7]
				},
				{
					"name": "leg3",
					"origin": [3.5, 5, -4],
					"color": 0,
					"children": [8]
				},
				{
					"name": "leg1",
					"origin": [3.5, 5, 3],
					"color": 0,
					"children": [9]
				},
				{
					"name": "tail",
					"origin": [0, 6, 5],
					"color": 0,
					"children": [10]
				}
			]
		}
	]
}