{
	"credit": "Made with Blockbench",
	"texture_size": [64, 32],
	"textures": {
		"0": "default/chickenplushietext"
	},
	"elements": [
		{
			"name": "head",
			"from": [-2, 9, -6],
			"to": [2, 15, -3],
			"faces": {
				"north": {"uv": [0.75, 1.5, 1.75, 4.5], "texture": "#0"},
				"east": {"uv": [0, 1.5, 0.75, 4.5], "texture": "#0"},
				"south": {"uv": [2.5, 1.5, 3.5, 4.5], "texture": "#0"},
				"west": {"uv": [1.75, 1.5, 2.5, 4.5], "texture": "#0"},
				"up": {"uv": [1.75, 1.5, 0.75, 0], "texture": "#0"},
				"down": {"uv": [2.75, 0, 1.75, 1.5], "texture": "#0"}
			}
		},
		{
			"name": "bill",
			"from": [-2, 11, -8],
			"to": [2, 13, -6],
			"faces": {
				"north": {"uv": [4, 1, 5, 2], "texture": "#0"},
				"east": {"uv": [3.5, 1, 4, 2], "texture": "#0"},
				"south": {"uv": [5.5, 1, 6.5, 2], "texture": "#0"},
				"west": {"uv": [5, 1, 5.5, 2], "texture": "#0"},
				"up": {"uv": [5, 1, 4, 0], "texture": "#0"},
				"down": {"uv": [6, 0, 5, 1], "texture": "#0"}
			}
		},
		{
			"name": "chin",
			"from": [-1, 9, -7],
			"to": [1, 11, -5],
			"faces": {
				"north": {"uv": [4, 3, 4.5, 4], "texture": "#0"},
				"east": {"uv": [3.5, 3, 4, 4], "texture": "#0"},
				"south": {"uv": [5, 3, 5.5, 4], "texture": "#0"},
				"west": {"uv": [4.5, 3, 5, 4], "texture": "#0"},
				"up": {"uv": [4.5, 3, 4, 2], "texture": "#0"},
				"down": {"uv": [5, 2, 4.5, 3], "texture": "#0"}
			}
		},
		{
			"name": "body",
			"from": [-3, 4, -3],
			"to": [3, 12, 3],
			"faces": {
				"north": {"uv": [1.5, 7.5, 3, 11.5], "texture": "#0"},
				"east": {"uv": [0, 7.5, 1.5, 11.5], "texture": "#0"},
				"south": {"uv": [4.5, 7.5, 6, 11.5], "texture": "#0"},
				"west": {"uv": [3, 7.5, 4.5, 11.5], "texture": "#0"},
				"up": {"uv": [3, 7.5, 1.5, 4.5], "texture": "#0"},
				"down": {"uv": [4.5, 4.5, 3, 7.5], "texture": "#0"}
			}
		},
		{
			"name": "left_wing",
			"from": [-4, 7, -3],
			"to": [-3, 11, 3],
			"faces": {
				"north": {"uv": [7.5, 9.5, 7.75, 11.5], "texture": "#0"},
				"east": {"uv": [6, 9.5, 7.5, 11.5], "texture": "#0"},
				"south": {"uv": [9.25, 9.5, 9.5, 11.5], "texture": "#0"},
				"west": {"uv": [7.75, 9.5, 9.25, 11.5], "texture": "#0"},
				"up": {"uv": [7.75, 9.5, 7.5, 6.5], "texture": "#0"},
				"down": {"uv": [8, 6.5, 7.75, 9.5], "texture": "#0"}
			}
		},
		{
			"name": "right_wing",
			"from": [3, 7, -3],
			"to": [4, 11, 3],
			"faces": {
				"north": {"uv": [7.5, 9.5, 7.75, 11.5], "texture": "#0"},
				"east": {"uv": [6, 9.5, 7.5, 11.5], "texture": "#0"},
				"south": {"uv": [9.25, 9.5, 9.5, 11.5], "texture": "#0"},
				"west": {"uv": [7.75, 9.5, 9.25, 11.5], "texture": "#0"},
				"up": {"uv": [7.75, 9.5, 7.5, 6.5], "texture": "#0"},
				"down": {"uv": [8, 6.5, 7.75, 9.5], "texture": "#0"}
			}
		},
		{
			"name": "left_leg",
			"from": [-3, 0, 1],
			"to": [0, 5, 1],
			"faces": {
				"north": {"uv": [8.75, 1.5, 9.5, 4], "texture": "#0"},
				"east": {"uv": [7, 0, 7.75, 1.5], "texture": "#0"},
				"south": {"uv": [8.75, 1.5, 9.5, 4], "texture": "#0"},
				"west": {"uv": [8, 1.5, 8.75, 4], "texture": "#0"},
				"up": {"uv": [8.75, 1.5, 8, 0], "texture": "#0"},
				"down": {"uv": [8.75, 0, 8, 1.5], "texture": "#0"}
			}
		},
		{
			"name": "right_leg",
			"from": [0, 0, 1],
			"to": [3, 5, 1],
			"faces": {
				"north": {"uv": [8.75, 4, 9.5, 1.5], "texture": "#0"},
				"east": {"uv": [7, 1, 7.75, 3.5], "texture": "#0"},
				"south": {"uv": [8.75, 1.5, 9.5, 4], "texture": "#0"},
				"west": {"uv": [8, 1.5, 8.75, 4], "texture": "#0"},
				"up": {"uv": [8.75, 1.5, 8, 0], "texture": "#0"},
				"down": {"uv": [8.75, 0, 8, 1.5], "texture": "#0"}
			}
		},
		{
			"from": [0, 0, -2],
			"to": [3, 0, 1],
			"faces": {
				"north": {"uv": [7.25, 0.5, 7.75, 0.5], "texture": "#0"},
				"east": {"uv": [7.5, 0, 8, 0], "texture": "#0"},
				"south": {"uv": [7.5, 0, 8, 0], "texture": "#0"},
				"west": {"uv": [7.5, 0, 8, 0], "texture": "#0"},
				"up": {"uv": [8, 1.5, 8.75, 0], "texture": "#0"},
				"down": {"uv": [8, 0, 8.75, 1.5], "texture": "#0"}
			}
		},
		{
			"from": [-3, 0, -2],
			"to": [0, 0, 1],
			"faces": {
				"north": {"uv": [7.25, 0.5, 7.75, 0.5], "texture": "#0"},
				"east": {"uv": [7.5, 0, 8, 0], "texture": "#0"},
				"south": {"uv": [7.5, 0, 8, 0], "texture": "#0"},
				"west": {"uv": [7.5, 0, 8, 0], "texture": "#0"},
				"up": {"uv": [8, 1.5, 8.75, 0], "texture": "#0"},
				"down": {"uv": [8, 0, 8.75, 1.5], "texture": "#0"}
			}
		}
	],
	"display": {
		"thirdperson_righthand": {
			"rotation": [90, 0, 0],
			"translation": [4.5, -6, 16.25],
			"scale": [0.5, 0.5, 0.5]
		},
		"thirdperson_lefthand": {
			"rotation": [90, 0, 0],
			"translation": [-3.5, -6, 16.25],
			"scale": [0.5, 0.5, 0.5]
		},
		"firstperson_righthand": {
			"translation": [16, 0, 0]
		},
		"ground": {
			"translation": [3.75, 0, 4.5],
			"scale": [0.5, 0.5, 0.5]
		},
		"gui": {
			"rotation": [21, 151, 0],
			"translation": [-2.5, 5, 0]
		},
		"head": {
			"translation": [8, 14.5, 4]
		},
		"fixed": {
			"rotation": [-90, -180, 0],
			"translation": [-8, -8, -8]
		}
	},
	"groups": [
		{
			"name": "head",
			"origin": [0, 9, -4],
			"color": 0,
			"children": [0]
		},
		{
			"name": "bill",
			"origin": [0, 9, -4],
			"color": 0,
			"children": [1]
		},
		{
			"name": "chin",
			"origin": [0, 9, -4],
			"color": 0,
			"children": [2]
		},
		{
			"name": "body",
			"origin": [0, 8, 0],
			"color": 0,
			"children": [3]
		},
		{
			"name": "left_wing",
			"origin": [-4, 11, 0],
			"color": 0,
			"children": [4]
		},
		{
			"name": "right_wing",
			"origin": [4, 11, 0],
			"color": 0,
			"children": [5]
		},
		{
			"name": "left_leg",
			"origin": [-1, 5, 1],
			"color": 0,
			"children": [6]
		},
		{
			"name": "right_leg",
			"origin": [2, 5, 1],
			"color": 0,
			"children": [7]
		},
		8,
		9
	]
}