{
	"credit": "Made with Blockbench",
	"texture_size": [32, 32],
	"textures": {
		"0": "default/codplushietext"
	},
	"elements": [
		{
			"name": "body",
			"from": [-1, 0, 0],
			"to": [1, 4, 7],
			"faces": {
				"north": {"uv": [3.5, 3.5, 4.5, 5.5], "texture": "#0"},
				"east": {"uv": [0, 3.5, 3.5, 5.5], "texture": "#0"},
				"south": {"uv": [8, 3.5, 9, 5.5], "texture": "#0"},
				"west": {"uv": [4.5, 3.5, 8, 5.5], "texture": "#0"},
				"up": {"uv": [4.5, 3.5, 3.5, 0], "texture": "#0"},
				"down": {"uv": [5.5, 0, 4.5, 3.5], "texture": "#0"}
			}
		},
		{
			"name": "right_fin",
			"from": [1, 1, -1],
			"to": [3, 1, 1],
			"faces": {
				"north": {"uv": [13, 1.5, 14, 1.5], "texture": "#0"},
				"east": {"uv": [12, 1.5, 13, 1.5], "texture": "#0"},
				"south": {"uv": [15, 1.5, 16, 1.5], "texture": "#0"},
				"west": {"uv": [14, 1.5, 15, 1.5], "texture": "#0"},
				"up": {"uv": [14, 1.5, 13, 0.5], "texture": "#0"},
				"down": {"uv": [14, 0.5, 13, 1.5], "texture": "#0"}
			}
		},
		{
			"name": "left_fin",
			"from": [-3, 1, -1],
			"to": [-1, 1, 1],
			"faces": {
				"north": {"uv": [13, 3, 14, 3], "texture": "#0"},
				"east": {"uv": [12, 3, 13, 3], "texture": "#0"},
				"south": {"uv": [15, 3, 16, 3], "texture": "#0"},
				"west": {"uv": [14, 3, 15, 3], "texture": "#0"},
				"up": {"uv": [14, 3, 13, 2], "texture": "#0"},
				"down": {"uv": [14, 2, 13, 3], "texture": "#0"}
			}
		},
		{
			"name": "head",
			"from": [-1, 0, -3],
			"to": [1, 4, 0],
			"faces": {
				"north": {"uv": [7, 1.5, 8, 3.5], "texture": "#0"},
				"east": {"uv": [5.5, 1.5, 7, 3.5], "texture": "#0"},
				"south": {"uv": [9.5, 1.5, 10.5, 3.5], "texture": "#0"},
				"west": {"uv": [8, 1.5, 9.5, 3.5], "texture": "#0"},
				"up": {"uv": [8, 1.5, 7, 0], "texture": "#0"},
				"down": {"uv": [9, 0, 8, 1.5], "texture": "#0"}
			}
		},
		{
			"name": "nose",
			"from": [-1, 1, -4],
			"to": [1, 4, -3],
			"faces": {
				"north": {"uv": [0.5, 0.5, 1.5, 2], "texture": "#0"},
				"east": {"uv": [0, 0.5, 0.5, 2], "texture": "#0"},
				"south": {"uv": [2, 0.5, 3, 2], "texture": "#0"},
				"west": {"uv": [1.5, 0.5, 2, 2], "texture": "#0"},
				"up": {"uv": [1.5, 0.5, 0.5, 0], "texture": "#0"},
				"down": {"uv": [2.5, 0, 1.5, 0.5], "texture": "#0"}
			}
		},
		{
			"name": "fin_back",
			"from": [0, 4, -1],
			"to": [0, 5, 5],
			"faces": {
				"north": {"uv": [13, 0, 13, 0.5], "texture": "#0"},
				"east": {"uv": [13, 0, 16, 0.5], "texture": "#0"},
				"south": {"uv": [16, 0, 16, 0.5], "texture": "#0"},
				"west": {"uv": [13, 0, 16, 0.5], "texture": "#0"},
				"up": {"uv": [13, 0, 13, -3], "texture": "#0"},
				"down": {"uv": [13, -3, 13, 0], "texture": "#0"}
			}
		},
		{
			"name": "tail",
			"from": [0, 0, 7],
			"to": [0, 4, 11],
			"faces": {
				"north": {"uv": [13, 3.5, 13, 5.5], "texture": "#0"},
				"east": {"uv": [15, 3.5, 13, 5.5], "texture": "#0"},
				"south": {"uv": [15, 3.5, 15, 5.5], "texture": "#0"},
				"west": {"uv": [13, 3.5, 15, 5.5], "texture": "#0"},
				"up": {"uv": [13, 3.5, 13, 1.5], "texture": "#0"},
				"down": {"uv": [13, 1.5, 13, 3.5], "texture": "#0"}
			}
		}
	],
	"display": {
		"thirdperson_righthand": {
			"rotation": [90, 0, 0],
			"translation": [9, -7, 4]
		},
		"thirdperson_lefthand": {
			"rotation": [90, 0, 0],
			"translation": [-7, -7, 3.75]
		},
		"firstperson_righthand": {
			"translation": [12, 6.25, 0]
		},
		"firstperson_lefthand": {
			"translation": [-3, 6.25, 0]
		},
		"ground": {
			"translation": [8.25, 4, 6]
		},
		"gui": {
			"rotation": [0, 143, 0],
			"translation": [-2.5, 6, 0]
		},
		"head": {
			"translation": [16, 22.5, 12],
			"scale": [2, 2, 2]
		},
		"fixed": {
			"rotation": [-90, -180, 0],
			"translation": [-16, -10.25, -21],
			"scale": [2, 2, 2]
		}
	},
	"groups": [
		{
			"name": "body",
			"origin": [0, 2, 0],
			"color": 0,
			"children": [
				0,
				{
					"name": "right_fin",
					"origin": [1, 1, 0],
					"color": 0,
					"children": [1]
				},
				{
					"name": "left_fin",
					"origin": [-1, 1, 0],
					"color": 0,
					"children": [2]
				}
			]
		},
		{
			"name": "head",
			"origin": [0, 2, 0],
			"color": 0,
			"children": [3]
		},
		{
			"name": "nose",
			"origin": [0, 2, -3],
			"color": 0,
			"children": [4]
		},
		{
			"name": "fin_left",
			"origin": [0, 0, 0],
			"color": 0,
			"children": []
		},
		{
			"name": "fin_right",
			"origin": [0, 0, 0],
			"color": 0,
			"children": []
		},
		{
			"name": "fin_back",
			"origin": [0, 4, 0],
			"color": 0,
			"children": [5]
		},
		{
			"name": "tail",
			"origin": [0, 2, 7],
			"color": 0,
			"children": [6]
		}
	]
}