{
	"credit": "Made with Blockbench",
	"texture_size": [64, 64],
	"textures": {
		"1": "default/crowpiglin",
		"2": "default/crowoutfit",
		"particle": "default/crowpiglin"
	},
	"elements": [
		{
			"name": "Body",
			"from": [4, 12, 6],
			"to": [12, 24, 10],
			"rotation": {"angle": 0, "axis": "y", "origin": [8, 0, 8]},
			"faces": {
				"north": {"uv": [5, 5, 7, 8], "texture": "#2"},
				"east": {"uv": [4, 5, 5, 8], "texture": "#2"},
				"south": {"uv": [8, 5, 10, 8], "texture": "#2"},
				"west": {"uv": [7, 5, 8, 8], "texture": "#2"},
				"up": {"uv": [7, 5, 5, 4], "texture": "#2"},
				"down": {"uv": [9, 4, 7, 5], "texture": "#2"}
			}
		},
		{
			"name": "Right Arm",
			"from": [12, 12, 6],
			"to": [16, 24, 10],
			"rotation": {"angle": 0, "axis": "y", "origin": [8, 0, 8]},
			"faces": {
				"north": {"uv": [11, 5, 12, 8], "texture": "#2"},
				"east": {"uv": [10, 5, 11, 8], "texture": "#2"},
				"south": {"uv": [13, 5, 14, 8], "texture": "#2"},
				"west": {"uv": [12, 5, 13, 8], "texture": "#2"},
				"up": {"uv": [12, 5, 11, 4], "texture": "#2"},
				"down": {"uv": [13, 4, 12, 5], "texture": "#2"}
			}
		},
		{
			"name": "Right Arm Layer",
			"from": [11.75, 11.75, 5.75],
			"to": [16.25, 24.25, 10.25],
			"rotation": {"angle": 0, "axis": "y", "origin": [8, 0, 8]},
			"faces": {
				"north": {"uv": [11, 9, 12, 12], "texture": "#2"},
				"east": {"uv": [10, 9, 11, 12], "texture": "#2"},
				"south": {"uv": [13, 9, 14, 12], "texture": "#2"},
				"west": {"uv": [12, 9, 13, 12], "texture": "#2"},
				"up": {"uv": [12, 9, 11, 8], "texture": "#2"},
				"down": {"uv": [13, 8, 12, 9], "texture": "#2"}
			}
		},
		{
			"name": "Left Arm",
			"from": [0, 12, 6],
			"to": [4, 24, 10],
			"rotation": {"angle": 0, "axis": "y", "origin": [8, 0, 8]},
			"faces": {
				"north": {"uv": [9, 13, 10, 16], "texture": "#2"},
				"east": {"uv": [8, 13, 9, 16], "texture": "#2"},
				"south": {"uv": [11, 13, 12, 16], "texture": "#2"},
				"west": {"uv": [10, 13, 11, 16], "texture": "#2"},
				"up": {"uv": [10, 13, 9, 12], "texture": "#2"},
				"down": {"uv": [11, 12, 10, 13], "texture": "#2"}
			}
		},
		{
			"name": "Left Arm Layer",
			"from": [-0.25, 11.75, 5.75],
			"to": [4.25, 24.25, 10.25],
			"rotation": {"angle": 0, "axis": "y", "origin": [8, 0, 8]},
			"faces": {
				"north": {"uv": [13, 13, 14, 16], "texture": "#2"},
				"east": {"uv": [12, 13, 13, 16], "texture": "#2"},
				"south": {"uv": [15, 13, 16, 16], "texture": "#2"},
				"west": {"uv": [14, 13, 15, 16], "texture": "#2"},
				"up": {"uv": [14, 13, 13, 12], "texture": "#2"},
				"down": {"uv": [15, 12, 14, 13], "texture": "#2"}
			}
		},
		{
			"name": "Right Leg",
			"from": [7.9, 0, 6],
			"to": [11.9, 12, 10],
			"rotation": {"angle": 0, "axis": "y", "origin": [8, 0, 8]},
			"faces": {
				"north": {"uv": [1, 5, 2, 8], "texture": "#2"},
				"east": {"uv": [0, 5, 1, 8], "texture": "#2"},
				"south": {"uv": [3, 5, 4, 8], "texture": "#2"},
				"west": {"uv": [2, 5, 3, 8], "texture": "#2"},
				"up": {"uv": [2, 5, 1, 4], "texture": "#2"},
				"down": {"uv": [3, 4, 2, 5], "texture": "#2"}
			}
		},
		{
			"name": "Right Leg Layer",
			"from": [7.65, -0.25, 5.75],
			"to": [12.15, 12.25, 10.25],
			"rotation": {"angle": 0, "axis": "y", "origin": [8, 0, 8]},
			"faces": {
				"north": {"uv": [1, 9, 2, 12], "texture": "#2"},
				"east": {"uv": [0, 9, 1, 12], "texture": "#2"},
				"south": {"uv": [3, 9, 4, 12], "texture": "#2"},
				"west": {"uv": [2, 9, 3, 12], "texture": "#2"},
				"up": {"uv": [2, 9, 1, 8], "texture": "#2"},
				"down": {"uv": [3, 8, 2, 9], "texture": "#2"}
			}
		},
		{
			"name": "Left Leg",
			"from": [4.1, 0, 6],
			"to": [8.1, 12, 10],
			"rotation": {"angle": 0, "axis": "y", "origin": [8, 0, 8]},
			"faces": {
				"north": {"uv": [5, 13, 6, 16], "texture": "#2"},
				"east": {"uv": [4, 13, 5, 16], "texture": "#2"},
				"south": {"uv": [7, 13, 8, 16], "texture": "#2"},
				"west": {"uv": [6, 13, 7, 16], "texture": "#2"},
				"up": {"uv": [6, 13, 5, 12], "texture": "#2"},
				"down": {"uv": [7, 12, 6, 13], "texture": "#2"}
			}
		},
		{
			"name": "Left Leg Layer",
			"from": [3.85, -0.25, 5.75],
			"to": [8.35, 12.25, 10.25],
			"rotation": {"angle": 0, "axis": "y", "origin": [8, 0, 8]},
			"faces": {
				"north": {"uv": [1, 13, 2, 16], "texture": "#2"},
				"east": {"uv": [0, 13, 1, 16], "texture": "#2"},
				"south": {"uv": [3, 13, 4, 16], "texture": "#2"},
				"west": {"uv": [2, 13, 3, 16], "texture": "#2"},
				"up": {"uv": [2, 13, 1, 12], "texture": "#2"},
				"down": {"uv": [3, 12, 2, 13], "texture": "#2"}
			}
		},
		{
			"name": "head",
			"from": [3, 24, 4],
			"to": [13, 32, 12],
			"rotation": {"angle": 0, "axis": "y", "origin": [8, 0, 8]},
			"faces": {
				"north": {"uv": [2, 2, 4.5, 4], "texture": "#1"},
				"east": {"uv": [0, 2, 2, 4], "texture": "#1"},
				"south": {"uv": [6.5, 2, 9, 4], "texture": "#1"},
				"west": {"uv": [4.5, 2, 6.5, 4], "texture": "#1"},
				"up": {"uv": [4.5, 2, 2, 0], "texture": "#1"},
				"down": {"uv": [7, 0, 4.5, 2], "texture": "#1"}
			}
		},
		{
			"name": "head",
			"from": [6, 24, 3],
			"to": [10, 28, 4],
			"rotation": {"angle": 0, "axis": "y", "origin": [8, 0, 8]},
			"faces": {
				"north": {"uv": [8, 0.5, 9, 1.5], "texture": "#1"},
				"east": {"uv": [7.75, 0.5, 8, 1.5], "texture": "#1"},
				"south": {"uv": [9.25, 0.5, 10.25, 1.5], "texture": "#1"},
				"west": {"uv": [9, 0.5, 9.25, 1.5], "texture": "#1"},
				"up": {"uv": [9, 0.5, 8, 0.25], "texture": "#1"},
				"down": {"uv": [10, 0.25, 9, 0.5], "texture": "#1"}
			}
		},
		{
			"name": "head",
			"from": [5, 24, 3],
			"to": [6, 26, 4],
			"rotation": {"angle": 0, "axis": "y", "origin": [8, 0, 8]},
			"faces": {
				"north": {"uv": [0.75, 1.25, 1, 1.75], "texture": "#1"},
				"east": {"uv": [0.5, 1.25, 0.75, 1.75], "texture": "#1"},
				"south": {"uv": [1.25, 1.25, 1.5, 1.75], "texture": "#1"},
				"west": {"uv": [1, 1.25, 1.25, 1.75], "texture": "#1"},
				"up": {"uv": [1, 1.25, 0.75, 1], "texture": "#1"},
				"down": {"uv": [1.25, 1, 1, 1.25], "texture": "#1"}
			}
		},
		{
			"name": "head",
			"from": [10, 24, 3],
			"to": [11, 26, 4],
			"rotation": {"angle": 0, "axis": "y", "origin": [8, 0, 8]},
			"faces": {
				"north": {"uv": [0.75, 0.25, 1, 0.75], "texture": "#1"},
				"east": {"uv": [0.5, 0.25, 0.75, 0.75], "texture": "#1"},
				"south": {"uv": [1.25, 0.25, 1.5, 0.75], "texture": "#1"},
				"west": {"uv": [1, 0.25, 1.25, 0.75], "texture": "#1"},
				"up": {"uv": [1, 0.25, 0.75, 0], "texture": "#1"},
				"down": {"uv": [1.25, 0, 1, 0.25], "texture": "#1"}
			}
		},
		{
			"name": "right_ear",
			"from": [13.5, 26, 6],
			"to": [14.5, 31, 10],
			"rotation": {"angle": 22.5, "axis": "z", "origin": [14, 28.5, 8]},
			"faces": {
				"north": {"uv": [10.75, 2.5, 11, 3.75], "texture": "#1"},
				"east": {"uv": [9.75, 2.5, 10.75, 3.75], "texture": "#1"},
				"south": {"uv": [12, 2.5, 12.25, 3.75], "texture": "#1"},
				"west": {"uv": [11, 2.5, 12, 3.75], "texture": "#1"},
				"up": {"uv": [11, 2.5, 10.75, 1.5], "texture": "#1"},
				"down": {"uv": [11.25, 1.5, 11, 2.5], "texture": "#1"}
			}
		},
		{
			"name": "left_ear",
			"from": [1.5, 26, 6],
			"to": [2.5, 31, 10],
			"rotation": {"angle": -22.5, "axis": "z", "origin": [2, 28.5, 8]},
			"faces": {
				"north": {"uv": [11, 2.5, 10.75, 3.75], "texture": "#1"},
				"east": {"uv": [12, 2.5, 11, 3.75], "texture": "#1"},
				"south": {"uv": [12.25, 2.5, 12, 3.75], "texture": "#1"},
				"west": {"uv": [10.75, 2.5, 9.75, 3.75], "texture": "#1"},
				"up": {"uv": [10.75, 2.5, 11, 1.5], "texture": "#1"},
				"down": {"uv": [11, 1.5, 11.25, 2.5], "texture": "#1"}
			}
		}
	],
	"display": {
		"thirdperson_righthand": {
			"rotation": [29, 0, 0],
			"translation": [0, -2.5, -1.5],
			"scale": [0.25, 0.25, 0.25]
		},
		"thirdperson_lefthand": {
			"rotation": [29, 0, 0],
			"translation": [0, -2.5, -1.5],
			"scale": [0.25, 0.25, 0.25]
		},
		"firstperson_righthand": {
			"rotation": [0, 135, 0],
			"translation": [0, 1.75, 0],
			"scale": [0.25, 0.25, 0.25]
		},
		"firstperson_lefthand": {
			"rotation": [0, 135, 0],
			"translation": [0, 1.75, 0],
			"scale": [0.25, 0.25, 0.25]
		},
		"ground": {
			"rotation": [180, 0, 97],
			"translation": [0.5, 0, 0.75],
			"scale": [0.25, 0.25, 0.25]
		},
		"gui": {
			"rotation": [0, 160, 0],
			"translation": [0, -4.25, 0],
			"scale": [0.5, 0.5, 0.5]
		},
		"head": {
			"translation": [0, 10.5, 0],
			"scale": [0.5, 0.5, 0.5]
		},
		"fixed": {
			"rotation": [-90, 0, 0],
			"translation": [0.5, 0, -8.25]
		}
	},
	"groups": [
		{
			"name": "Body",
			"origin": [8, 24, 8],
			"color": 0,
			"children": [0]
		},
		{
			"name": "RightArm",
			"origin": [13, 22, 8],
			"color": 0,
			"children": [1, 2]
		},
		{
			"name": "LeftArm",
			"origin": [3, 22, 8],
			"color": 0,
			"children": [3, 4]
		},
		{
			"name": "RightLeg",
			"origin": [9.9, 12, 8],
			"color": 0,
			"children": [5, 6]
		},
		{
			"name": "LeftLeg",
			"origin": [6.1, 12, 8],
			"color": 0,
			"children": [7, 8]
		},
		9,
		10,
		11,
		12,
		13,
		14
	]
}