{
	"credit": "Made with Blockbench",
	"texture_size": [64, 64],
	"textures": {
		"0": "default/dolphinplushietext"
	},
	"elements": [
		{
			"name": "head",
			"from": [-4, 0, -9],
			"to": [4, 7, -3],
			"faces": {
				"north": {"uv": [1.5, 1.5, 3.5, 3.25], "texture": "#0"},
				"east": {"uv": [0, 1.5, 1.5, 3.25], "texture": "#0"},
				"south": {"uv": [5, 1.5, 7, 3.25], "texture": "#0"},
				"west": {"uv": [3.5, 1.5, 5, 3.25], "texture": "#0"},
				"up": {"uv": [3.5, 1.5, 1.5, 0], "texture": "#0"},
				"down": {"uv": [5.5, 0, 3.5, 1.5], "texture": "#0"}
			}
		},
		{
			"name": "body",
			"from": [-1, 0, -13],
			"to": [1, 2, -9],
			"faces": {
				"north": {"uv": [1, 4.25, 1.5, 4.75], "texture": "#0"},
				"east": {"uv": [0, 4.25, 1, 4.75], "texture": "#0"},
				"south": {"uv": [2.5, 4.25, 3, 4.75], "texture": "#0"},
				"west": {"uv": [1.5, 4.25, 2.5, 4.75], "texture": "#0"},
				"up": {"uv": [1.5, 4.25, 1, 3.25], "texture": "#0"},
				"down": {"uv": [2, 3.25, 1.5, 4.25], "texture": "#0"}
			}
		},
		{
			"name": "body",
			"from": [-4, 0, -3],
			"to": [4, 7, 10],
			"faces": {
				"north": {"uv": [8.75, 3.25, 10.75, 5], "texture": "#0"},
				"east": {"uv": [5.5, 3.25, 8.75, 5], "texture": "#0"},
				"south": {"uv": [14, 3.25, 16, 5], "texture": "#0"},
				"west": {"uv": [10.75, 3.25, 14, 5], "texture": "#0"},
				"up": {"uv": [10.75, 3.25, 8.75, 0], "texture": "#0"},
				"down": {"uv": [12.75, 0, 10.75, 3.25], "texture": "#0"}
			}
		},
		{
			"name": "tail",
			"from": [-2, 0, 10],
			"to": [2, 5, 21],
			"faces": {
				"north": {"uv": [2.75, 7.5, 3.75, 8.75], "texture": "#0"},
				"east": {"uv": [0, 7.5, 2.75, 8.75], "texture": "#0"},
				"south": {"uv": [6.5, 7.5, 7.5, 8.75], "texture": "#0"},
				"west": {"uv": [3.75, 7.5, 6.5, 8.75], "texture": "#0"},
				"up": {"uv": [3.75, 7.5, 2.75, 4.75], "texture": "#0"},
				"down": {"uv": [4.75, 4.75, 3.75, 7.5], "texture": "#0"}
			}
		},
		{
			"name": "right_fin",
			"from": [4, 0, -2],
			"to": [5, 4, 5],
			"faces": {
				"north": {"uv": [13.75, 6.75, 14, 7.75], "texture": "#0"},
				"east": {"uv": [12, 6.75, 13.75, 7.75], "texture": "#0"},
				"south": {"uv": [15.75, 6.75, 16, 7.75], "texture": "#0"},
				"west": {"uv": [14, 6.75, 15.75, 7.75], "texture": "#0"},
				"up": {"uv": [14, 6.75, 13.75, 5], "texture": "#0"},
				"down": {"uv": [14.25, 5, 14, 6.75], "texture": "#0"}
			}
		},
		{
			"name": "left_fin",
			"from": [-5, 0, -2],
			"to": [-4, 4, 5],
			"faces": {
				"north": {"uv": [13.75, 6.75, 14, 7.75], "texture": "#0"},
				"east": {"uv": [12, 6.75, 13.75, 7.75], "texture": "#0"},
				"south": {"uv": [15.75, 6.75, 16, 7.75], "texture": "#0"},
				"west": {"uv": [14, 6.75, 15.75, 7.75], "texture": "#0"},
				"up": {"uv": [14, 6.75, 13.75, 5], "texture": "#0"},
				"down": {"uv": [14.25, 5, 14, 6.75], "texture": "#0"}
			}
		},
		{
			"name": "back_fin",
			"from": [-0.5, 7, 3],
			"to": [0.5, 11, 8],
			"faces": {
				"north": {"uv": [14, 1.25, 14.25, 2.25], "texture": "#0"},
				"east": {"uv": [12.75, 1.25, 14, 2.25], "texture": "#0"},
				"south": {"uv": [15.5, 1.25, 15.75, 2.25], "texture": "#0"},
				"west": {"uv": [14.25, 1.25, 15.5, 2.25], "texture": "#0"},
				"up": {"uv": [14.25, 1.25, 14, 0], "texture": "#0"},
				"down": {"uv": [14.5, 0, 14.25, 1.25], "texture": "#0"}
			}
		},
		{
			"name": "tail_fin",
			"from": [-5, 2, 19],
			"to": [5, 3, 25],
			"faces": {
				"north": {"uv": [6.25, 6.5, 8.75, 6.75], "texture": "#0"},
				"east": {"uv": [4.75, 6.5, 6.25, 6.75], "texture": "#0"},
				"south": {"uv": [10.25, 6.5, 12.75, 6.75], "texture": "#0"},
				"west": {"uv": [8.75, 6.5, 10.25, 6.75], "texture": "#0"},
				"up": {"uv": [8.75, 6.5, 6.25, 5], "texture": "#0"},
				"down": {"uv": [11.25, 5, 8.75, 6.5], "texture": "#0"}
			}
		}
	],
	"display": {
		"thirdperson_righthand": {
			"rotation": [90, 0, 0],
			"translation": [4.5, 0.25, 2.5],
			"scale": [0.5, 0.5, 0.5]
		},
		"thirdperson_lefthand": {
			"rotation": [90, 0, 0],
			"translation": [-3.75, 0.25, 1.5],
			"scale": [0.5, 0.5, 0.5]
		},
		"firstperson_righthand": {
			"rotation": [0, 101, 0],
			"translation": [0.5, 7.5, -1],
			"scale": [0.5, 0.5, 0.5]
		},
		"firstperson_lefthand": {
			"rotation": [0, 101, 0],
			"translation": [18, 6, 0]
		},
		"ground": {
			"translation": [4, 0, 0],
			"scale": [0.5, 0.5, 0.5]
		},
		"gui": {
			"rotation": [19, 150, 0],
			"translation": [-4.75, 4.5, 0],
			"scale": [0.75, 0.75, 0.75]
		},
		"head": {
			"translation": [8, 14.5, 7.5]
		},
		"fixed": {
			"rotation": [-90, -180, 0],
			"translation": [-8, -2.25, -8]
		}
	},
	"groups": [
		{
			"name": "head",
			"origin": [0, 4, -6],
			"color": 0,
			"children": [0]
		},
		{
			"name": "body",
			"origin": [0, 0, -3],
			"color": 0,
			"children": [1, 2]
		},
		{
			"name": "tail",
			"origin": [0, 2.5, 11],
			"color": 0,
			"children": [3]
		},
		{
			"name": "right_fin",
			"origin": [4.5, 0, -2],
			"color": 0,
			"children": [4]
		},
		{
			"name": "left_fin",
			"origin": [-4.5, 0, -2],
			"color": 0,
			"children": [5]
		},
		{
			"name": "back_fin",
			"origin": [0, 11, -5],
			"color": 0,
			"children": [6]
		},
		{
			"name": "tail_fin",
			"origin": [0, 2.5, 20],
			"color": 0,
			"children": [7]
		}
	]
}