{
	"credit": "Made with Blockbench",
	"texture_size": [64, 64],
	"textures": {
		"0": "default/drownedinnerplushietext",
		"1": "default/drownedouterplushietext"
	},
	"elements": [
		{
			"name": "head",
			"from": [-4, 23, -4],
			"to": [4, 31, 4],
			"faces": {
				"north": {"uv": [2, 2, 4, 4], "texture": "#0"},
				"east": {"uv": [0, 2, 2, 4], "texture": "#0"},
				"south": {"uv": [6, 2, 8, 4], "texture": "#0"},
				"west": {"uv": [4, 2, 6, 4], "texture": "#0"},
				"up": {"uv": [4, 2, 2, 0], "texture": "#0"},
				"down": {"uv": [6, 0, 4, 2], "texture": "#0"}
			}
		},
		{
			"name": "headwear",
			"from": [-4.5, 22, -4.5],
			"to": [4.5, 31, 4.5],
			"faces": {
				"north": {"uv": [10, 2, 12, 4], "texture": "#0"},
				"east": {"uv": [8, 2, 10, 4], "texture": "#0"},
				"south": {"uv": [14, 2, 16, 4], "texture": "#0"},
				"west": {"uv": [12, 2, 14, 4], "texture": "#0"},
				"up": {"uv": [12, 2, 10, 0], "texture": "#0"},
				"down": {"uv": [14, 0, 12, 2], "texture": "#0"}
			}
		},
		{
			"name": "body",
			"from": [-4, 11, -2],
			"to": [4, 23, 2],
			"faces": {
				"north": {"uv": [5, 5, 7, 8], "texture": "#0"},
				"east": {"uv": [4, 5, 5, 8], "texture": "#0"},
				"south": {"uv": [8, 5, 10, 8], "texture": "#0"},
				"west": {"uv": [7, 5, 8, 8], "texture": "#0"},
				"up": {"uv": [7, 5, 5, 4], "texture": "#0"},
				"down": {"uv": [9, 4, 7, 5], "texture": "#0"}
			}
		},
		{
			"name": "left_arm",
			"from": [-8, 11, -2],
			"to": [-4, 23, 2],
			"faces": {
				"north": {"uv": [9, 13, 10, 16], "texture": "#0"},
				"east": {"uv": [8, 13, 9, 16], "texture": "#0"},
				"south": {"uv": [11, 13, 12, 16], "texture": "#0"},
				"west": {"uv": [10, 13, 11, 16], "texture": "#0"},
				"up": {"uv": [10, 13, 9, 12], "texture": "#0"},
				"down": {"uv": [11, 12, 10, 13], "texture": "#0"}
			}
		},
		{
			"name": "right_arm",
			"from": [4, 11, -2],
			"to": [8, 23, 2],
			"faces": {
				"north": {"uv": [11, 5, 12, 8], "texture": "#0"},
				"east": {"uv": [10, 5, 11, 8], "texture": "#0"},
				"south": {"uv": [13, 5, 14, 8], "texture": "#0"},
				"west": {"uv": [12, 5, 13, 8], "texture": "#0"},
				"up": {"uv": [12, 5, 11, 4], "texture": "#0"},
				"down": {"uv": [13, 4, 12, 5], "texture": "#0"}
			}
		},
		{
			"name": "left_leg",
			"from": [-3.9, -1, -1.9],
			"to": [0.1, 11, 2.1],
			"faces": {
				"north": {"uv": [5, 13, 6, 16], "texture": "#0"},
				"east": {"uv": [4, 13, 5, 16], "texture": "#0"},
				"south": {"uv": [7, 13, 8, 16], "texture": "#0"},
				"west": {"uv": [6, 13, 7, 16], "texture": "#0"},
				"up": {"uv": [6, 13, 5, 12], "texture": "#0"},
				"down": {"uv": [7, 12, 6, 13], "texture": "#0"}
			}
		},
		{
			"name": "right_leg",
			"from": [-0.1, -1, -1.9],
			"to": [3.9, 11, 2.1],
			"faces": {
				"north": {"uv": [1, 5, 2, 8], "texture": "#0"},
				"east": {"uv": [0, 5, 1, 8], "texture": "#0"},
				"south": {"uv": [3, 5, 4, 8], "texture": "#0"},
				"west": {"uv": [2, 5, 3, 8], "texture": "#0"},
				"up": {"uv": [2, 5, 1, 4], "texture": "#0"},
				"down": {"uv": [3, 4, 2, 5], "texture": "#0"}
			}
		},
		{
			"name": "body",
			"from": [-4.25, 10.75, -2.25],
			"to": [4.25, 23.25, 2.25],
			"faces": {
				"north": {"uv": [5, 5, 7, 8], "texture": "#1"},
				"east": {"uv": [4, 5, 5, 8], "texture": "#1"},
				"south": {"uv": [8, 5, 10, 8], "texture": "#1"},
				"west": {"uv": [7, 5, 8, 8], "texture": "#1"},
				"up": {"uv": [7, 5, 5, 4], "texture": "#1"},
				"down": {"uv": [9, 4, 7, 5], "texture": "#1"}
			}
		},
		{
			"name": "left_arm",
			"from": [-8.25, 10.75, -2.25],
			"to": [-3.75, 23.25, 2.25],
			"faces": {
				"north": {"uv": [9, 13, 10, 16], "texture": "#1"},
				"east": {"uv": [8, 13, 9, 16], "texture": "#1"},
				"south": {"uv": [11, 13, 12, 16], "texture": "#1"},
				"west": {"uv": [10, 13, 11, 16], "texture": "#1"},
				"up": {"uv": [10, 13, 9, 12], "texture": "#1"},
				"down": {"uv": [11, 12, 10, 13], "texture": "#1"}
			}
		},
		{
			"name": "head",
			"from": [-4.25, 22.75, -4.25],
			"to": [4.25, 31.25, 4.25],
			"faces": {
				"north": {"uv": [2, 2, 4, 4], "texture": "#1"},
				"east": {"uv": [0, 2, 2, 4], "texture": "#1"},
				"south": {"uv": [6, 2, 8, 4], "texture": "#1"},
				"west": {"uv": [4, 2, 6, 4], "texture": "#1"},
				"up": {"uv": [4, 2, 2, 0], "texture": "#1"},
				"down": {"uv": [6, 0, 4, 2], "texture": "#1"}
			}
		},
		{
			"name": "right_arm",
			"from": [3.75, 10.75, -2.25],
			"to": [8.25, 23.25, 2.25],
			"faces": {
				"north": {"uv": [11, 5, 12, 8], "texture": "#1"},
				"east": {"uv": [10, 5, 11, 8], "texture": "#1"},
				"south": {"uv": [13, 5, 14, 8], "texture": "#1"},
				"west": {"uv": [12, 5, 13, 8], "texture": "#1"},
				"up": {"uv": [12, 5, 11, 4], "texture": "#1"},
				"down": {"uv": [13, 4, 12, 5], "texture": "#1"}
			}
		},
		{
			"name": "left_leg",
			"from": [-4.15, -1.25, -2.15],
			"to": [0.35, 11.25, 2.35],
			"faces": {
				"north": {"uv": [5, 13, 6, 16], "texture": "#1"},
				"east": {"uv": [4, 13, 5, 16], "texture": "#1"},
				"south": {"uv": [7, 13, 8, 16], "texture": "#1"},
				"west": {"uv": [6, 13, 7, 16], "texture": "#1"},
				"up": {"uv": [6, 13, 5, 12], "texture": "#1"},
				"down": {"uv": [7, 12, 6, 13], "texture": "#1"}
			}
		},
		{
			"name": "right_leg",
			"from": [-0.35, -1.25, -2.15],
			"to": [4.15, 11.25, 2.35],
			"faces": {
				"north": {"uv": [1, 5, 2, 8], "texture": "#1"},
				"east": {"uv": [0, 5, 1, 8], "texture": "#1"},
				"south": {"uv": [3, 5, 4, 8], "texture": "#1"},
				"west": {"uv": [2, 5, 3, 8], "texture": "#1"},
				"up": {"uv": [2, 5, 1, 4], "texture": "#1"},
				"down": {"uv": [3, 4, 2, 5], "texture": "#1"}
			}
		},
		{
			"name": "headwear",
			"from": [-4.75, 21.5, -4.75],
			"to": [4.75, 31, 4.75],
			"faces": {
				"north": {"uv": [10, 2, 12, 4], "texture": "#1"},
				"east": {"uv": [8, 2, 10, 4], "texture": "#1"},
				"south": {"uv": [14, 2, 16, 4], "texture": "#1"},
				"west": {"uv": [12, 2, 14, 4], "texture": "#1"},
				"up": {"uv": [12, 2, 10, 0], "texture": "#1"},
				"down": {"uv": [14, 0, 12, 2], "texture": "#1"}
			}
		}
	],
	"display": {
		"thirdperson_righthand": {
			"translation": [4, -6.75, 3.5],
			"scale": [0.5, 0.5, 0.5]
		},
		"thirdperson_lefthand": {
			"translation": [-4, -6.75, 3.5],
			"scale": [0.5, 0.5, 0.5]
		},
		"firstperson_righthand": {
			"translation": [9.5, 0, 0],
			"scale": [0.5, 0.5, 0.5]
		},
		"firstperson_lefthand": {
			"translation": [1.75, 0, 0],
			"scale": [0.5, 0.5, 0.5]
		},
		"ground": {
			"translation": [3.75, 0, 3.75],
			"scale": [0.5, 0.5, 0.5]
		},
		"gui": {
			"rotation": [0, 153, 0],
			"translation": [-1.5, -4, 0],
			"scale": [0.5, 0.5, 0.5]
		},
		"head": {
			"translation": [4, 10.25, 1.25],
			"scale": [0.5, 0.5, 0.5]
		},
		"fixed": {
			"rotation": [-90, -180, 0],
			"translation": [-8, -8, -8]
		}
	},
	"groups": [
		{
			"name": "all",
			"origin": [0, 0, 0],
			"color": 0,
			"children": [
				{
					"name": "head",
					"origin": [0, 24, 0],
					"color": 0,
					"children": [0]
				},
				{
					"name": "headwear",
					"origin": [0, 24, 0],
					"color": 0,
					"children": [1]
				},
				{
					"name": "body",
					"origin": [0, 24, 0],
					"color": 0,
					"children": [2]
				},
				{
					"name": "left_arm",
					"origin": [-5, 22, 0],
					"color": 0,
					"children": [3]
				},
				{
					"name": "right_arm",
					"origin": [5, 22, 0],
					"color": 0,
					"children": [4]
				},
				{
					"name": "left_leg",
					"origin": [-1.9, 12, 0.1],
					"color": 0,
					"children": [5]
				},
				{
					"name": "right_leg",
					"origin": [1.9, 12, 0.1],
					"color": 0,
					"children": [6]
				}
			]
		},
		{
			"name": "all2",
			"origin": [0, 0, 0],
			"color": 0,
			"children": [
				{
					"name": "body",
					"origin": [0, 24, 0],
					"color": 0,
					"children": [7]
				},
				{
					"name": "left_arm",
					"origin": [-5, 22, 0],
					"color": 0,
					"children": [8]
				},
				{
					"name": "head",
					"origin": [0, 24, 0],
					"color": 0,
					"children": [9]
				},
				{
					"name": "right_arm",
					"origin": [5, 22, 0],
					"color": 0,
					"children": [10]
				},
				{
					"name": "left_leg",
					"origin": [-1.9, 12, 0.1],
					"color": 0,
					"children": [11]
				},
				{
					"name": "right_leg",
					"origin": [1.9, 12, 0.1],
					"color": 0,
					"children": [12]
				},
				{
					"name": "headwear",
					"origin": [0, 24, 0],
					"color": 0,
					"children": [13]
				}
			]
		}
	]
}