{
	"credit": "Made with Blockbench",
	"texture_size": [64, 32],
	"textures": {
		"0": "default/endermanplushietext"
	},
	"elements": [
		{
			"name": "body",
			"from": [-4, 11, -2],
			"to": [4, 23, 2],
			"rotation": {"angle": 0, "axis": "y", "origin": [0, -16, 0]},
			"faces": {
				"north": {"uv": [9, 10, 11, 16], "texture": "#0"},
				"east": {"uv": [8, 10, 9, 16], "texture": "#0"},
				"south": {"uv": [12, 10, 14, 16], "texture": "#0"},
				"west": {"uv": [11, 10, 12, 16], "texture": "#0"},
				"up": {"uv": [11, 10, 9, 8], "texture": "#0"},
				"down": {"uv": [13, 8, 11, 10], "texture": "#0"}
			}
		},
		{
			"name": "head",
			"from": [-4, 23, -4],
			"to": [4, 31, 4],
			"rotation": {"angle": 0, "axis": "y", "origin": [0, -16, 0]},
			"faces": {
				"north": {"uv": [2, 4, 4, 8], "texture": "#0"},
				"east": {"uv": [0, 4, 2, 8], "texture": "#0"},
				"south": {"uv": [6, 4, 8, 8], "texture": "#0"},
				"west": {"uv": [4, 4, 6, 8], "texture": "#0"},
				"up": {"uv": [4, 4, 2, 0], "texture": "#0"},
				"down": {"uv": [6, 0, 4, 4], "texture": "#0"}
			}
		},
		{
			"name": "headwear",
			"from": [-3.5, 23.5, -3.5],
			"to": [3.5, 30.5, 3.5],
			"rotation": {"angle": 0, "axis": "y", "origin": [0, -16, 0]},
			"faces": {
				"north": {"uv": [2, 12, 4, 16], "texture": "#0"},
				"east": {"uv": [0, 12, 2, 16], "texture": "#0"},
				"south": {"uv": [6, 12, 8, 16], "texture": "#0"},
				"west": {"uv": [4, 12, 6, 16], "texture": "#0"},
				"up": {"uv": [4, 12, 2, 8], "texture": "#0"},
				"down": {"uv": [6, 8, 4, 12], "texture": "#0"}
			}
		},
		{
			"name": "right_arm",
			"from": [4, -7, -1],
			"to": [6, 23, 1],
			"rotation": {"angle": 0, "axis": "y", "origin": [0, -16, 0]},
			"faces": {
				"north": {"uv": [14.5, 1, 15, 16], "texture": "#0"},
				"east": {"uv": [14, 1, 14.5, 16], "texture": "#0"},
				"south": {"uv": [15.5, 1, 16, 16], "texture": "#0"},
				"west": {"uv": [15, 1, 15.5, 16], "texture": "#0"},
				"up": {"uv": [15, 1, 14.5, 0], "texture": "#0"},
				"down": {"uv": [15.5, 0, 15, 1], "texture": "#0"}
			}
		},
		{
			"name": "left_arm",
			"from": [-6, -7, -1],
			"to": [-4, 23, 1],
			"rotation": {"angle": 0, "axis": "y", "origin": [0, -16, 0]},
			"faces": {
				"north": {"uv": [15, 1, 14.5, 16], "texture": "#0"},
				"east": {"uv": [15.5, 1, 15, 16], "texture": "#0"},
				"south": {"uv": [16, 1, 15.5, 16], "texture": "#0"},
				"west": {"uv": [14.5, 1, 14, 16], "texture": "#0"},
				"up": {"uv": [14.5, 1, 15, 0], "texture": "#0"},
				"down": {"uv": [15, 0, 15.5, 1], "texture": "#0"}
			}
		},
		{
			"name": "right_leg",
			"from": [1, -16, -1],
			"to": [3, 14, 1],
			"rotation": {"angle": 0, "axis": "y", "origin": [0, -16, 0]},
			"faces": {
				"north": {"uv": [14.5, 1, 15, 16], "texture": "#0"},
				"east": {"uv": [14, 1, 14.5, 16], "texture": "#0"},
				"south": {"uv": [15.5, 1, 16, 16], "texture": "#0"},
				"west": {"uv": [15, 1, 15.5, 16], "texture": "#0"},
				"up": {"uv": [15, 1, 14.5, 0], "texture": "#0"},
				"down": {"uv": [15.5, 0, 15, 1], "texture": "#0"}
			}
		},
		{
			"name": "left_leg",
			"from": [-3, -16, -1],
			"to": [-1, 14, 1],
			"rotation": {"angle": 0, "axis": "y", "origin": [0, -16, 0]},
			"faces": {
				"north": {"uv": [15, 1, 14.5, 16], "texture": "#0"},
				"east": {"uv": [15.5, 1, 15, 16], "texture": "#0"},
				"south": {"uv": [16, 1, 15.5, 16], "texture": "#0"},
				"west": {"uv": [14.5, 1, 14, 16], "texture": "#0"},
				"up": {"uv": [14.5, 1, 15, 0], "texture": "#0"},
				"down": {"uv": [15, 0, 15.5, 1], "texture": "#0"}
			}
		}
	],
	"display": {
		"thirdperson_righthand": {
			"rotation": [37, 0, 0],
			"translation": [2, -2.25, 1],
			"scale": [0.25, 0.25, 0.25]
		},
		"thirdperson_lefthand": {
			"rotation": [37, 0, 0],
			"translation": [-1.75, -2.25, 1],
			"scale": [0.25, 0.25, 0.25]
		},
		"firstperson_righthand": {
			"rotation": [0, 101, 0],
			"translation": [1, -2, 0],
			"scale": [0.5, 0.5, 0.5]
		},
		"firstperson_lefthand": {
			"rotation": [0, 101, 0],
			"translation": [6, -1.5, 4.5],
			"scale": [0.5, 0.5, 0.5]
		},
		"ground": {
			"translation": [1.75, 0, 2.25],
			"scale": [0.25, 0.25, 0.25]
		},
		"gui": {
			"rotation": [0, 161, 0],
			"translation": [-2.25, 0.25, 0],
			"scale": [0.4, 0.4, 0.4]
		},
		"head": {
			"translation": [4, 18.25, 4.75],
			"scale": [0.5, 0.5, 0.5]
		},
		"fixed": {
			"rotation": [-90, -180, 0],
			"translation": [-8, -8, -23]
		}
	},
	"groups": [
		{
			"name": "body",
			"origin": [0, 39, 0],
			"color": 0,
			"children": [0]
		},
		{
			"name": "head",
			"origin": [0, 39, 0],
			"color": 0,
			"children": [1]
		},
		{
			"name": "headwear",
			"origin": [0, 39, 0],
			"color": 0,
			"children": [2]
		},
		{
			"name": "right_arm",
			"origin": [5, 37, 0],
			"color": 0,
			"children": [3]
		},
		{
			"name": "left_arm",
			"origin": [-5, 37, 0],
			"color": 0,
			"children": [4]
		},
		{
			"name": "right_leg",
			"origin": [2, 30, 0],
			"color": 0,
			"children": [5]
		},
		{
			"name": "left_leg",
			"origin": [-2, 30, 0],
			"color": 0,
			"children": [6]
		}
	]
}