{
	"credit": "Made with Blockbench",
	"texture_size": [64, 32],
	"textures": {
		"0": "default/endermiteplushtext"
	},
	"elements": [
		{
			"name": "body1",
			"from": [6, 0, 3.5],
			"to": [10, 3, 5.5],
			"rotation": {"angle": 0, "axis": "y", "origin": [8, 0, 8]},
			"faces": {
				"north": {"uv": [0.5, 1, 1.5, 2.5], "texture": "#0"},
				"east": {"uv": [0, 1, 0.5, 2.5], "texture": "#0"},
				"south": {"uv": [2, 1, 3, 2.5], "texture": "#0"},
				"west": {"uv": [1.5, 1, 2, 2.5], "texture": "#0"},
				"up": {"uv": [1.5, 1, 0.5, 0], "texture": "#0"},
				"down": {"uv": [2.5, 0, 1.5, 1], "texture": "#0"}
			}
		},
		{
			"name": "body2",
			"from": [5, 0, 5.5],
			"to": [11, 4, 10.5],
			"rotation": {"angle": 0, "axis": "y", "origin": [8, 0, 8]},
			"faces": {
				"north": {"uv": [1.25, 5, 2.75, 7], "texture": "#0"},
				"east": {"uv": [0, 5, 1.25, 7], "texture": "#0"},
				"south": {"uv": [4, 5, 5.5, 7], "texture": "#0"},
				"west": {"uv": [2.75, 5, 4, 7], "texture": "#0"},
				"up": {"uv": [2.75, 5, 1.25, 2.5], "texture": "#0"},
				"down": {"uv": [4.25, 2.5, 2.75, 5], "texture": "#0"}
			}
		},
		{
			"name": "body3",
			"from": [6.5, 0, 10.5],
			"to": [9.5, 3, 11.5],
			"rotation": {"angle": 0, "axis": "y", "origin": [8, 0, 8]},
			"faces": {
				"north": {"uv": [0.25, 7.5, 1, 9], "texture": "#0"},
				"east": {"uv": [0, 7.5, 0.25, 9], "texture": "#0"},
				"south": {"uv": [1.25, 7.5, 2, 9], "texture": "#0"},
				"west": {"uv": [1, 7.5, 1.25, 9], "texture": "#0"},
				"up": {"uv": [1, 7.5, 0.25, 7], "texture": "#0"},
				"down": {"uv": [1.75, 7, 1, 7.5], "texture": "#0"}
			}
		},
		{
			"name": "body4",
			"from": [7.5, 0, 11.5],
			"to": [8.5, 2, 12.5],
			"rotation": {"angle": 0, "axis": "y", "origin": [8, 0, 8]},
			"faces": {
				"north": {"uv": [0.25, 9.5, 0.5, 10.5], "texture": "#0"},
				"east": {"uv": [0, 9.5, 0.25, 10.5], "texture": "#0"},
				"south": {"uv": [0.75, 9.5, 1, 10.5], "texture": "#0"},
				"west": {"uv": [0.5, 9.5, 0.75, 10.5], "texture": "#0"},
				"up": {"uv": [0.5, 9.5, 0.25, 9], "texture": "#0"},
				"down": {"uv": [0.75, 9, 0.5, 9.5], "texture": "#0"}
			}
		}
	],
	"display": {
		"thirdperson_righthand": {
			"rotation": [90, 0, 0],
			"translation": [0, -2, 18.5],
			"scale": [0.8, 0.8, 0.8]
		},
		"thirdperson_lefthand": {
			"rotation": [90, 0, 0],
			"translation": [0, -2, 18.5],
			"scale": [0.8, 0.8, 0.8]
		},
		"firstperson_righthand": {
			"rotation": [0, 119, 0],
			"translation": [0, 9.25, 0]
		},
		"firstperson_lefthand": {
			"rotation": [0, 119, 0],
			"translation": [0, 9.25, 0]
		},
		"ground": {
			"rotation": [90, 180, 0],
			"translation": [0, 5, 15.25],
			"scale": [2, 2, 2]
		},
		"gui": {
			"rotation": [28, 155, 0],
			"translation": [0, 5.75, 0]
		},
		"head": {
			"translation": [0, 25.75, 0],
			"scale": [4, 4, 4]
		},
		"fixed": {
			"rotation": [-90, 0, 0],
			"translation": [0, 0, -9.75],
			"scale": [1.2, 1.2, 1.2]
		}
	},
	"groups": [
		{
			"name": "body1",
			"origin": [8, 3, 4.5],
			"color": 0,
			"children": [0]
		},
		{
			"name": "body2",
			"origin": [8, 4, 8],
			"color": 0,
			"children": [1]
		},
		{
			"name": "body3",
			"origin": [8, 3, 11],
			"color": 0,
			"children": [2]
		},
		{
			"name": "body4",
			"origin": [8, 2, 12],
			"color": 0,
			"children": [3]
		}
	]
}