{
	"credit": "Made with Blockbench",
	"texture_size": [32, 32],
	"textures": {
		"0": "default/feeblesplushietext"
	},
	"elements": [
		{
			"name": "head",
			"from": [5.5, 6, 5.5],
			"to": [10.5, 11, 10.5],
			"rotation": {"angle": 0, "axis": "y", "origin": [0, 5.5, 2.5]},
			"faces": {
				"north": {"uv": [2.5, 2.5, 5, 5], "texture": "#0"},
				"east": {"uv": [0, 2.5, 2.5, 5], "texture": "#0"},
				"south": {"uv": [7.5, 2.5, 10, 5], "texture": "#0"},
				"west": {"uv": [5, 2.5, 7.5, 5], "texture": "#0"},
				"up": {"uv": [5, 2.5, 2.5, 0], "texture": "#0"},
				"down": {"uv": [7.5, 0, 5, 2.5], "texture": "#0"}
			}
		},
		{
			"name": "body",
			"from": [6.5, 2, 7],
			"to": [9.5, 6, 9],
			"rotation": {"angle": 0, "axis": "y", "origin": [0, 5.5, 2.5]},
			"faces": {
				"north": {"uv": [1, 6, 2.5, 8], "texture": "#0"},
				"east": {"uv": [0, 6, 1, 8], "texture": "#0"},
				"south": {"uv": [3.5, 6, 5, 8], "texture": "#0"},
				"west": {"uv": [2.5, 6, 3.5, 8], "texture": "#0"},
				"up": {"uv": [2.5, 6, 1, 5], "texture": "#0"},
				"down": {"uv": [4, 5, 2.5, 6], "texture": "#0"}
			}
		},
		{
			"name": "body",
			"from": [6.7, 1.2, 7.2],
			"to": [9.3, 5.8, 8.8],
			"rotation": {"angle": 0, "axis": "y", "origin": [0, 5.5, 2.5]},
			"faces": {
				"north": {"uv": [1, 9, 2.5, 11.5], "texture": "#0"},
				"east": {"uv": [0, 9, 1, 11.5], "texture": "#0"},
				"south": {"uv": [3.5, 9, 5, 11.5], "texture": "#0"},
				"west": {"uv": [2.5, 9, 3.5, 11.5], "texture": "#0"},
				"up": {"uv": [2.5, 9, 1, 8], "texture": "#0"},
				"down": {"uv": [4, 8, 2.5, 9], "texture": "#0"}
			}
		},
		{
			"name": "right_arm",
			"from": [9.5, 2, 7],
			"to": [10.5, 6, 9],
			"rotation": {"angle": 0, "axis": "y", "origin": [10, 4, 8]},
			"faces": {
				"north": {"uv": [12.5, 1, 13, 3], "texture": "#0"},
				"east": {"uv": [11.5, 1, 12.5, 3], "texture": "#0"},
				"south": {"uv": [14, 1, 14.5, 3], "texture": "#0"},
				"west": {"uv": [13, 1, 14, 3], "texture": "#0"},
				"up": {"uv": [13, 1, 12.5, 0], "texture": "#0"},
				"down": {"uv": [13.5, 0, 13, 1], "texture": "#0"}
			}
		},
		{
			"name": "left_wing",
			"from": [6.5, 2, 9],
			"to": [6.5, 7, 17],
			"rotation": {"angle": -22.5, "axis": "y", "origin": [7.5, 4.5, 13]},
			"faces": {
				"north": {"uv": [8, 11, 8, 13.5], "texture": "#0"},
				"east": {"uv": [8, 11, 12, 13.5], "texture": "#0"},
				"south": {"uv": [12, 11, 12, 13.5], "texture": "#0"},
				"west": {"uv": [8, 11, 12, 13.5], "texture": "#0"},
				"up": {"uv": [8, 11, 8, 7], "texture": "#0"},
				"down": {"uv": [8, 7, 8, 11], "texture": "#0"}
			}
		},
		{
			"name": "right_wing",
			"from": [9.5, 2, 9],
			"to": [9.5, 7, 17],
			"rotation": {"angle": 22.5, "axis": "y", "origin": [8.5, 4.5, 13]},
			"faces": {
				"north": {"uv": [12, 11, 12, 13.5], "texture": "#0"},
				"east": {"uv": [8, 11, 12, 13.5], "texture": "#0"},
				"south": {"uv": [16, 11, 16, 13.5], "texture": "#0"},
				"west": {"uv": [8, 11, 12, 13.5], "texture": "#0"},
				"up": {"uv": [12, 11, 12, 7], "texture": "#0"},
				"down": {"uv": [12, 7, 12, 11], "texture": "#0"}
			}
		},
		{
			"name": "left_arm",
			"from": [5.5, 2, 7],
			"to": [6.5, 6, 9],
			"rotation": {"angle": 0, "axis": "y", "origin": [0, 5.5, 2.5]},
			"faces": {
				"north": {"uv": [12.5, 4, 13, 6], "texture": "#0"},
				"east": {"uv": [11.5, 4, 12.5, 6], "texture": "#0"},
				"south": {"uv": [14, 4, 14.5, 6], "texture": "#0"},
				"west": {"uv": [13, 4, 14, 6], "texture": "#0"},
				"up": {"uv": [13, 4, 12.5, 3], "texture": "#0"},
				"down": {"uv": [13.5, 3, 13, 4], "texture": "#0"}
			}
		}
	],
	"display": {
		"thirdperson_righthand": {
			"scale": [0.5, 0.5, 0.5]
		},
		"thirdperson_lefthand": {
			"scale": [0.5, 0.5, 0.5]
		},
		"firstperson_righthand": {
			"rotation": [0, 125, 0],
			"translation": [0, 4, 0]
		},
		"firstperson_lefthand": {
			"rotation": [0, 125, 0],
			"translation": [0, 4, 0]
		},
		"ground": {
			"scale": [0.5, 0.5, 0.5]
		},
		"gui": {
			"rotation": [0, 154, 0],
			"translation": [0, 0.5, 0]
		},
		"head": {
			"translation": [0, 15.5, 0]
		},
		"fixed": {
			"rotation": [-90, -180, 0],
			"translation": [0, 0, -7.75]
		}
	},
	"groups": [
		{
			"name": "all",
			"origin": [8, 8, 8],
			"color": 0,
			"children": [
				{
					"name": "head",
					"origin": [0, 6, 0],
					"color": 0,
					"children": [0]
				},
				{
					"name": "body",
					"origin": [0, 6, 0],
					"color": 0,
					"children": [1, 2]
				},
				{
					"name": "right_arm",
					"origin": [1.75, 5.5, 0],
					"color": 0,
					"children": [3]
				},
				{
					"name": "left_wing",
					"origin": [-0.5, 6, 1],
					"color": 0,
					"children": [4]
				},
				{
					"name": "right_wing",
					"origin": [0.5, 6, 1],
					"color": 0,
					"children": [5]
				},
				{
					"name": "left_arm",
					"origin": [-1.75, 5.5, 0],
					"color": 0,
					"children": [6]
				}
			]
		}
	]
}