{
	"credit": "Made with Blockbench",
	"texture_size": [48, 32],
	"textures": {
		"0": "default/foxplushietext"
	},
	"elements": [
		{
			"name": "head",
			"from": [-4, 3.5, -8],
			"to": [4, 9.5, -2],
			"faces": {
				"north": {"uv": [2.33333, 5.5, 5, 8.5], "texture": "#0"},
				"east": {"uv": [0.33333, 5.5, 2.33333, 8.5], "texture": "#0"},
				"south": {"uv": [7, 5.5, 9.66667, 8.5], "texture": "#0"},
				"west": {"uv": [5, 5.5, 7, 8.5], "texture": "#0"},
				"up": {"uv": [5, 5.5, 2.33333, 2.5], "texture": "#0"},
				"down": {"uv": [7.66667, 2.5, 5, 5.5], "texture": "#0"}
			}
		},
		{
			"name": "head",
			"from": [-4, 9.5, -7],
			"to": [-2, 11.5, -6],
			"faces": {
				"north": {"uv": [5.33333, 1, 6, 2], "texture": "#0"},
				"east": {"uv": [5, 1, 5.33333, 2], "texture": "#0"},
				"south": {"uv": [6.33333, 1, 7, 2], "texture": "#0"},
				"west": {"uv": [6, 1, 6.33333, 2], "texture": "#0"},
				"up": {"uv": [6, 1, 5.33333, 0.5], "texture": "#0"},
				"down": {"uv": [6.66667, 0.5, 6, 1], "texture": "#0"}
			}
		},
		{
			"name": "head",
			"from": [2, 9.5, -7],
			"to": [4, 11.5, -6],
			"faces": {
				"north": {"uv": [3, 1, 3.66667, 2], "texture": "#0"},
				"east": {"uv": [2.66667, 1, 3, 2], "texture": "#0"},
				"south": {"uv": [4, 1, 4.66667, 2], "texture": "#0"},
				"west": {"uv": [3.66667, 1, 4, 2], "texture": "#0"},
				"up": {"uv": [3.66667, 1, 3, 0.5], "texture": "#0"},
				"down": {"uv": [4.33333, 0.5, 3.66667, 1], "texture": "#0"}
			}
		},
		{
			"name": "head",
			"from": [-2, 3.5, -11],
			"to": [2, 5.5, -8],
			"faces": {
				"north": {"uv": [3, 10.5, 4.33333, 11.5], "texture": "#0"},
				"east": {"uv": [2, 10.5, 3, 11.5], "texture": "#0"},
				"south": {"uv": [5.33333, 10.5, 6.66667, 11.5], "texture": "#0"},
				"west": {"uv": [4.33333, 10.5, 5.33333, 11.5], "texture": "#0"},
				"up": {"uv": [4.33333, 10.5, 3, 9], "texture": "#0"},
				"down": {"uv": [5.66667, 9, 4.33333, 10.5], "texture": "#0"}
			}
		},
		{
			"name": "body",
			"from": [-3, 4.5, -2],
			"to": [3, 10.5, 9],
			"rotation": {"angle": 0, "axis": "y", "origin": [0, -1.5, -6.5]},
			"faces": {
				"north": {"uv": [12, 10.5, 10, 7.5], "rotation": 180, "texture": "#0"},
				"east": {"uv": [8, 10.5, 10, 16], "rotation": 90, "texture": "#0"},
				"south": {"uv": [14, 7.5, 12, 10.5], "texture": "#0"},
				"west": {"uv": [12, 10.5, 14, 16], "rotation": 270, "texture": "#0"},
				"up": {"uv": [14, 10.5, 16, 16], "texture": "#0"},
				"down": {"uv": [10, 10.5, 12, 16], "rotation": 180, "texture": "#0"}
			}
		},
		{
			"name": "leg1",
			"from": [1.001, 0, 6],
			"to": [3.001, 6, 8],
			"faces": {
				"north": {"uv": [5, 13, 5.66667, 16], "texture": "#0"},
				"east": {"uv": [4.33333, 13, 5, 16], "texture": "#0"},
				"south": {"uv": [6.33333, 13, 7, 16], "texture": "#0"},
				"west": {"uv": [5.66667, 13, 6.33333, 16], "texture": "#0"},
				"up": {"uv": [5.66667, 13, 5, 12], "texture": "#0"},
				"down": {"uv": [6.33333, 12, 5.66667, 13], "texture": "#0"}
			}
		},
		{
			"name": "leg2",
			"from": [-3.001, 0, 6],
			"to": [-1.001, 6, 8],
			"faces": {
				"north": {"uv": [2, 13, 2.66667, 16], "texture": "#0"},
				"east": {"uv": [1.33333, 13, 2, 16], "texture": "#0"},
				"south": {"uv": [3.33333, 13, 4, 16], "texture": "#0"},
				"west": {"uv": [2.66667, 13, 3.33333, 16], "texture": "#0"},
				"up": {"uv": [2.66667, 13, 2, 12], "texture": "#0"},
				"down": {"uv": [3.33333, 12, 2.66667, 13], "texture": "#0"}
			}
		},
		{
			"name": "leg3",
			"from": [1.001, 0, -1],
			"to": [3.001, 6, 1],
			"faces": {
				"north": {"uv": [5, 13, 5.66667, 16], "texture": "#0"},
				"east": {"uv": [4.33333, 13, 5, 16], "texture": "#0"},
				"south": {"uv": [6.33333, 13, 7, 16], "texture": "#0"},
				"west": {"uv": [5.66667, 13, 6.33333, 16], "texture": "#0"},
				"up": {"uv": [5.66667, 13, 5, 12], "texture": "#0"},
				"down": {"uv": [6.33333, 12, 5.66667, 13], "texture": "#0"}
			}
		},
		{
			"name": "leg4",
			"from": [-3.001, 0, -1],
			"to": [-1.001, 6, 1],
			"faces": {
				"north": {"uv": [2, 13, 2.66667, 16], "texture": "#0"},
				"east": {"uv": [1.33333, 13, 2, 16], "texture": "#0"},
				"south": {"uv": [3.33333, 13, 4, 16], "texture": "#0"},
				"west": {"uv": [2.66667, 13, 3.33333, 16], "texture": "#0"},
				"up": {"uv": [2.66667, 13, 2, 12], "texture": "#0"},
				"down": {"uv": [3.33333, 12, 2.66667, 13], "texture": "#0"}
			}
		},
		{
			"name": "tail",
			"from": [-2, 6, 9],
			"to": [2, 11, 18],
			"rotation": {"angle": 0, "axis": "y", "origin": [0, 2.5, 10.5]},
			"faces": {
				"north": {"uv": [13, 2.5, 11.66667, 0], "rotation": 180, "texture": "#0"},
				"east": {"uv": [10, 2.5, 11.66667, 7], "rotation": 90, "texture": "#0"},
				"south": {"uv": [14.33333, 0, 13, 2.5], "texture": "#0"},
				"west": {"uv": [13, 2.5, 14.66667, 7], "rotation": 270, "texture": "#0"},
				"up": {"uv": [14.66667, 2.5, 16, 7], "texture": "#0"},
				"down": {"uv": [11.66667, 2.5, 13, 7], "rotation": 180, "texture": "#0"}
			}
		}
	],
	"display": {
		"thirdperson_righthand": {
			"rotation": [90, 0, 0],
			"translation": [3.75, -5.25, 0.25],
			"scale": [0.5, 0.5, 0.5]
		},
		"thirdperson_lefthand": {
			"rotation": [90, 0, 0],
			"translation": [-3.75, -5.25, 0.25],
			"scale": [0.5, 0.5, 0.5]
		},
		"firstperson_righthand": {
			"rotation": [0, 102, 0],
			"translation": [1.5, 7, 0],
			"scale": [0.5, 0.5, 0.5]
		},
		"firstperson_lefthand": {
			"rotation": [0, 102, 0],
			"translation": [2, 7, 8],
			"scale": [0.5, 0.5, 0.5]
		},
		"ground": {
			"scale": [0.25, 0.25, 0.25]
		},
		"gui": {
			"rotation": [0, 161, 0],
			"translation": [-5.25, 1.25, 0]
		},
		"head": {
			"translation": [4, 10.5, -1.75],
			"scale": [0.5, 0.5, 0.5]
		},
		"fixed": {
			"rotation": [-90, -180, 0],
			"translation": [-8, -8, -8]
		}
	},
	"groups": [
		{
			"name": "all",
			"origin": [0, 0, 0],
			"color": 0,
			"children": [
				{
					"name": "head",
					"origin": [1, 7.5, -3],
					"color": 0,
					"children": [0, 1, 2, 3]
				},
				{
					"name": "body",
					"origin": [0, 8, -6],
					"color": 0,
					"children": [4]
				},
				{
					"name": "leg1",
					"origin": [5, 6.5, 7],
					"color": 0,
					"children": [5]
				},
				{
					"name": "leg2",
					"origin": [1, 6.5, 7],
					"color": 0,
					"children": [6]
				},
				{
					"name": "leg3",
					"origin": [5, 6.5, 0],
					"color": 0,
					"children": [7]
				},
				{
					"name": "leg4",
					"origin": [1, 6.5, 0],
					"color": 0,
					"children": [8]
				},
				{
					"name": "tail",
					"origin": [4, 7, 9],
					"color": 0,
					"children": [9]
				}
			]
		}
	]
}