{
	"credit": "Made with Blockbench",
	"texture_size": [64, 32],
	"textures": {
		"0": "default/ghastplushietext"
	},
	"elements": [
		{
			"name": "body",
			"from": [-8, 12, -8],
			"to": [8, 28, 8],
			"faces": {
				"north": {"uv": [4, 8, 8, 16], "texture": "#0"},
				"east": {"uv": [0, 8, 4, 16], "texture": "#0"},
				"south": {"uv": [12, 8, 16, 16], "texture": "#0"},
				"west": {"uv": [8, 8, 12, 16], "texture": "#0"},
				"up": {"uv": [8, 8, 4, 0], "texture": "#0"},
				"down": {"uv": [12, 0, 8, 8], "texture": "#0"}
			}
		},
		{
			"name": "tentacle1",
			"from": [2.7, 5, -6],
			"to": [4.7, 13, -4],
			"faces": {
				"north": {"uv": [0.5, 1, 1, 5], "texture": "#0"},
				"east": {"uv": [0, 1, 0.5, 5], "texture": "#0"},
				"south": {"uv": [1.5, 1, 2, 5], "texture": "#0"},
				"west": {"uv": [1, 1, 1.5, 5], "texture": "#0"},
				"up": {"uv": [1, 1, 0.5, 0], "texture": "#0"},
				"down": {"uv": [1.5, 0, 1, 1], "texture": "#0"}
			}
		},
		{
			"name": "tentacle2",
			"from": [-7.3, 4, -6],
			"to": [-5.3, 13, -4],
			"faces": {
				"north": {"uv": [0.5, 1, 1, 5.5], "texture": "#0"},
				"east": {"uv": [0, 1, 0.5, 5.5], "texture": "#0"},
				"south": {"uv": [1.5, 1, 2, 5.5], "texture": "#0"},
				"west": {"uv": [1, 1, 1.5, 5.5], "texture": "#0"},
				"up": {"uv": [1, 1, 0.5, 0], "texture": "#0"},
				"down": {"uv": [1.5, 0, 1, 1], "texture": "#0"}
			}
		},
		{
			"name": "tentacle3",
			"from": [-2.3, 0, -6],
			"to": [-0.3, 13, -4],
			"faces": {
				"north": {"uv": [0.5, 1, 1, 7.5], "texture": "#0"},
				"east": {"uv": [0, 1, 0.5, 7.5], "texture": "#0"},
				"south": {"uv": [1.5, 1, 2, 7.5], "texture": "#0"},
				"west": {"uv": [1, 1, 1.5, 7.5], "texture": "#0"},
				"up": {"uv": [1, 1, 0.5, 0], "texture": "#0"},
				"down": {"uv": [1.5, 0, 1, 1], "texture": "#0"}
			}
		},
		{
			"name": "tentacle4",
			"from": [5.3, 2, -1],
			"to": [7.3, 13, 1],
			"faces": {
				"north": {"uv": [0.5, 1, 1, 6.5], "texture": "#0"},
				"east": {"uv": [0, 1, 0.5, 6.5], "texture": "#0"},
				"south": {"uv": [1.5, 1, 2, 6.5], "texture": "#0"},
				"west": {"uv": [1, 1, 1.5, 6.5], "texture": "#0"},
				"up": {"uv": [1, 1, 0.5, 0], "texture": "#0"},
				"down": {"uv": [1.5, 0, 1, 1], "texture": "#0"}
			}
		},
		{
			"name": "tentacle5",
			"from": [0.3, 2, -1],
			"to": [2.3, 13, 1],
			"faces": {
				"north": {"uv": [0.5, 1, 1, 6.5], "texture": "#0"},
				"east": {"uv": [0, 1, 0.5, 6.5], "texture": "#0"},
				"south": {"uv": [1.5, 1, 2, 6.5], "texture": "#0"},
				"west": {"uv": [1, 1, 1.5, 6.5], "texture": "#0"},
				"up": {"uv": [1, 1, 0.5, 0], "texture": "#0"},
				"down": {"uv": [1.5, 0, 1, 1], "texture": "#0"}
			}
		},
		{
			"name": "tentacle6",
			"from": [-4.7, 3, -1],
			"to": [-2.7, 13, 1],
			"faces": {
				"north": {"uv": [0.5, 1, 1, 6], "texture": "#0"},
				"east": {"uv": [0, 1, 0.5, 6], "texture": "#0"},
				"south": {"uv": [1.5, 1, 2, 6], "texture": "#0"},
				"west": {"uv": [1, 1, 1.5, 6], "texture": "#0"},
				"up": {"uv": [1, 1, 0.5, 0], "texture": "#0"},
				"down": {"uv": [1.5, 0, 1, 1], "texture": "#0"}
			}
		},
		{
			"name": "tentacle7",
			"from": [2.7, 1, 4],
			"to": [4.7, 13, 6],
			"faces": {
				"north": {"uv": [0.5, 1, 1, 7], "texture": "#0"},
				"east": {"uv": [0, 1, 0.5, 7], "texture": "#0"},
				"south": {"uv": [1.5, 1, 2, 7], "texture": "#0"},
				"west": {"uv": [1, 1, 1.5, 7], "texture": "#0"},
				"up": {"uv": [1, 1, 0.5, 0], "texture": "#0"},
				"down": {"uv": [1.5, 0, 1, 1], "texture": "#0"}
			}
		},
		{
			"name": "tentacle8",
			"from": [-7.3, 1, 4],
			"to": [-5.3, 13, 6],
			"faces": {
				"north": {"uv": [0.5, 1, 1, 7], "texture": "#0"},
				"east": {"uv": [0, 1, 0.5, 7], "texture": "#0"},
				"south": {"uv": [1.5, 1, 2, 7], "texture": "#0"},
				"west": {"uv": [1, 1, 1.5, 7], "texture": "#0"},
				"up": {"uv": [1, 1, 0.5, 0], "texture": "#0"},
				"down": {"uv": [1.5, 0, 1, 1], "texture": "#0"}
			}
		},
		{
			"name": "tentacle9",
			"from": [-2.3, 4, 4],
			"to": [-0.3, 13, 6],
			"faces": {
				"north": {"uv": [0.5, 1, 1, 5.5], "texture": "#0"},
				"east": {"uv": [0, 1, 0.5, 5.5], "texture": "#0"},
				"south": {"uv": [1.5, 1, 2, 5.5], "texture": "#0"},
				"west": {"uv": [1, 1, 1.5, 5.5], "texture": "#0"},
				"up": {"uv": [1, 1, 0.5, 0], "texture": "#0"},
				"down": {"uv": [1.5, 0, 1, 1], "texture": "#0"}
			}
		}
	],
	"display": {
		"thirdperson_righthand": {
			"rotation": [90, 0, 0],
			"translation": [3, -4, 14.75],
			"scale": [0.25, 0.25, 0.25]
		},
		"thirdperson_lefthand": {
			"rotation": [90, 0, 0],
			"translation": [-1, -4, 14.75],
			"scale": [0.25, 0.25, 0.25]
		},
		"firstperson_righthand": {
			"rotation": [0, 100, 0],
			"translation": [1.5, 3, -2.25],
			"scale": [0.25, 0.25, 0.25]
		},
		"firstperson_lefthand": {
			"rotation": [0, 100, 0],
			"translation": [1.5, 3, 1.75],
			"scale": [0.25, 0.25, 0.25]
		},
		"ground": {
			"translation": [4, 0, 3.25],
			"scale": [0.5, 0.5, 0.5]
		},
		"gui": {
			"rotation": [0, 156, 0],
			"translation": [-1.75, -3.5, 0],
			"scale": [0.5, 0.5, 0.5]
		},
		"head": {
			"translation": [8, -11.5, 8]
		},
		"fixed": {
			"rotation": [-90, -180, 0],
			"translation": [-8, -8, -11]
		}
	},
	"groups": [
		{
			"name": "body",
			"origin": [0, 20, 0],
			"color": 0,
			"children": [0]
		},
		{
			"name": "tentacle1",
			"origin": [3.7, 13, -5],
			"color": 0,
			"children": [1]
		},
		{
			"name": "tentacle2",
			"origin": [-1.3, 13, -5],
			"color": 0,
			"children": [2]
		},
		{
			"name": "tentacle3",
			"origin": [-6.3, 13, -5],
			"color": 0,
			"children": [3]
		},
		{
			"name": "tentacle4",
			"origin": [6.3, 13, 0],
			"color": 0,
			"children": [4]
		},
		{
			"name": "tentacle5",
			"origin": [1.3, 13, 0],
			"color": 0,
			"children": [5]
		},
		{
			"name": "tentacle6",
			"origin": [-3.7, 13, 0],
			"color": 0,
			"children": [6]
		},
		{
			"name": "tentacle7",
			"origin": [3.7, 13, 5],
			"color": 0,
			"children": [7]
		},
		{
			"name": "tentacle8",
			"origin": [-1.3, 13, 5],
			"color": 0,
			"children": [8]
		},
		{
			"name": "tentacle9",
			"origin": [-6.3, 13, 5],
			"color": 0,
			"children": [9]
		}
	]
}