{
	"credit": "Made with Blockbench",
	"texture_size": [64, 64],
	"textures": {
		"1": "default/guardianplushietext",
		"particle": "default/guardianplushietext"
	},
	"elements": [
		{
			"name": "spine11_rotation",
			"from": [-7, -1, -1],
			"to": [2, 1, 1],
			"rotation": {"angle": 45, "axis": "z", "origin": [-7, -1.5, 0]},
			"faces": {
				"north": {"uv": [0.5, 2.75, 1, 0.5], "rotation": 270, "texture": "#1"},
				"east": {"uv": [1.5, 0.5, 1, 0], "rotation": 90, "texture": "#1"},
				"south": {"uv": [1.5, 2.75, 2, 0.5], "rotation": 90, "texture": "#1"},
				"west": {"uv": [1, 0, 0.5, 0.5], "rotation": 90, "texture": "#1"},
				"up": {"uv": [1, 2.75, 1.5, 0.5], "rotation": 90, "texture": "#1"},
				"down": {"uv": [0, 2.75, 0.5, 0.5], "rotation": 90, "texture": "#1"}
			}
		},
		{
			"name": "spine11_rotation",
			"from": [3, -12, -1],
			"to": [12, -10, 1],
			"rotation": {"angle": -45, "axis": "z", "origin": [23, -1.5, 0]},
			"faces": {
				"north": {"uv": [0.5, 0.5, 1, 2.75], "rotation": 270, "texture": "#1"},
				"east": {"uv": [1, 0.5, 0.5, 0], "rotation": 90, "texture": "#1"},
				"south": {"uv": [1.5, 0.5, 2, 2.75], "rotation": 90, "texture": "#1"},
				"west": {"uv": [1.5, 0, 1, 0.5], "rotation": 90, "texture": "#1"},
				"up": {"uv": [1, 0.5, 1.5, 2.75], "rotation": 90, "texture": "#1"},
				"down": {"uv": [0, 0.5, 0.5, 2.75], "rotation": 90, "texture": "#1"}
			}
		},
		{
			"name": "spine10_rotation",
			"from": [-1, -2, -10],
			"to": [1, 7, -8],
			"rotation": {"angle": 45, "axis": "x", "origin": [0, -1.5, -7]},
			"faces": {
				"north": {"uv": [0.5, 2.75, 1, 0.5], "texture": "#1"},
				"east": {"uv": [0, 2.75, 0.5, 0.5], "texture": "#1"},
				"south": {"uv": [1.5, 2.75, 2, 0.5], "texture": "#1"},
				"west": {"uv": [1, 2.75, 1.5, 0.5], "texture": "#1"},
				"up": {"uv": [1.5, 0.5, 1, 0], "texture": "#1"},
				"down": {"uv": [1, 0, 0.5, 0.5], "texture": "#1"}
			}
		},
		{
			"name": "spine9_rotation",
			"from": [-1, -1.5, -1],
			"to": [1, 0.5, 8],
			"rotation": {"angle": 45, "axis": "x", "origin": [0, -1.5, 7]},
			"faces": {
				"north": {"uv": [1.5, 0.5, 1, 0], "rotation": 180, "texture": "#1"},
				"east": {"uv": [0, 2.75, 0.5, 0.5], "rotation": 90, "texture": "#1"},
				"south": {"uv": [1, 0, 0.5, 0.5], "texture": "#1"},
				"west": {"uv": [1, 2.75, 1.5, 0.5], "rotation": 270, "texture": "#1"},
				"up": {"uv": [1.5, 2.75, 2, 0.5], "texture": "#1"},
				"down": {"uv": [0.5, 2.75, 1, 0.5], "rotation": 180, "texture": "#1"}
			}
		},
		{
			"name": "spine8_rotation",
			"from": [6, 6.5, 0.5],
			"to": [8, 8.5, 9.5],
			"rotation": {"angle": 45, "axis": "y", "origin": [7, 5.5, 7]},
			"faces": {
				"north": {"uv": [1.5, 0.5, 1, 0], "rotation": 180, "texture": "#1"},
				"east": {"uv": [0, 2.75, 0.5, 0.5], "rotation": 90, "texture": "#1"},
				"south": {"uv": [1, 0, 0.5, 0.5], "texture": "#1"},
				"west": {"uv": [1, 2.75, 1.5, 0.5], "rotation": 270, "texture": "#1"},
				"up": {"uv": [1.5, 2.75, 2, 0.5], "texture": "#1"},
				"down": {"uv": [0.5, 2.75, 1, 0.5], "rotation": 180, "texture": "#1"}
			}
		},
		{
			"name": "spine7_rotation",
			"from": [-9.5, 6.5, 6],
			"to": [-0.5, 8.5, 8],
			"rotation": {"angle": 45, "axis": "y", "origin": [-7, 5.5, 7]},
			"faces": {
				"north": {"uv": [0.5, 2.75, 1, 0.5], "rotation": 270, "texture": "#1"},
				"east": {"uv": [1.5, 0.5, 1, 0], "rotation": 90, "texture": "#1"},
				"south": {"uv": [1.5, 2.75, 2, 0.5], "rotation": 90, "texture": "#1"},
				"west": {"uv": [1, 0, 0.5, 0.5], "rotation": 90, "texture": "#1"},
				"up": {"uv": [1, 2.75, 1.5, 0.5], "rotation": 90, "texture": "#1"},
				"down": {"uv": [0, 2.75, 0.5, 0.5], "rotation": 90, "texture": "#1"}
			}
		},
		{
			"name": "spine6_rotation",
			"from": [-8, 6.5, -9.5],
			"to": [-6, 8.5, -0.5],
			"rotation": {"angle": 45, "axis": "y", "origin": [-7, 5.5, -7]},
			"faces": {
				"north": {"uv": [1, 0, 0.5, 0.5], "rotation": 180, "texture": "#1"},
				"east": {"uv": [0, 2.75, 0.5, 0.5], "rotation": 270, "texture": "#1"},
				"south": {"uv": [1.5, 0.5, 1, 0], "texture": "#1"},
				"west": {"uv": [1, 2.75, 1.5, 0.5], "rotation": 90, "texture": "#1"},
				"up": {"uv": [0.5, 2.75, 1, 0.5], "rotation": 180, "texture": "#1"},
				"down": {"uv": [1.5, 2.75, 2, 0.5], "texture": "#1"}
			}
		},
		{
			"name": "spine5_rotation",
			"from": [0.5, 6.5, -8],
			"to": [9.5, 8.5, -6],
			"rotation": {"angle": 22.5, "axis": "y", "origin": [7, 5.5, -7]},
			"faces": {
				"north": {"uv": [1, 2.75, 1.5, 0.5], "rotation": 90, "texture": "#1"},
				"east": {"uv": [1, 0, 0.5, 0.5], "rotation": 180, "texture": "#1"},
				"south": {"uv": [0, 2.75, 0.5, 0.5], "rotation": 270, "texture": "#1"},
				"west": {"uv": [1.5, 0.5, 1, 0], "texture": "#1"},
				"up": {"uv": [0.5, 2.75, 1, 0.5], "rotation": 270, "texture": "#1"},
				"down": {"uv": [1.5, 2.75, 2, 0.5], "rotation": 270, "texture": "#1"}
			}
		},
		{
			"name": "spine3_rotation",
			"from": [-6, 7, -1],
			"to": [-4, 16, 1],
			"rotation": {"angle": 45, "axis": "z", "origin": [-7, 12.5, 0]},
			"faces": {
				"north": {"uv": [0.5, 0.5, 1, 2.75], "texture": "#1"},
				"east": {"uv": [0, 0.5, 0.5, 2.75], "texture": "#1"},
				"south": {"uv": [1.5, 0.5, 2, 2.75], "texture": "#1"},
				"west": {"uv": [1, 0.5, 1.5, 2.75], "texture": "#1"},
				"up": {"uv": [1, 0.5, 0.5, 0], "texture": "#1"},
				"down": {"uv": [1.5, 0, 1, 0.5], "texture": "#1"}
			}
		},
		{
			"name": "spine4_rotation",
			"from": [4, 7, -1],
			"to": [6, 16, 1],
			"rotation": {"angle": -45, "axis": "z", "origin": [7, 12.5, 0]},
			"faces": {
				"north": {"uv": [0.5, 0.5, 1, 2.75], "texture": "#1"},
				"east": {"uv": [0, 0.5, 0.5, 2.75], "texture": "#1"},
				"south": {"uv": [1.5, 0.5, 2, 2.75], "texture": "#1"},
				"west": {"uv": [1, 0.5, 1.5, 2.75], "texture": "#1"},
				"up": {"uv": [1, 0.5, 0.5, 0], "texture": "#1"},
				"down": {"uv": [1.5, 0, 1, 0.5], "texture": "#1"}
			}
		},
		{
			"name": "spine2_rotation",
			"from": [-1, 13.5, -10.5],
			"to": [1, 15.5, -1.5],
			"rotation": {"angle": 45, "axis": "x", "origin": [0, 12.5, -7]},
			"faces": {
				"north": {"uv": [1, 0, 0.5, 0.5], "rotation": 180, "texture": "#1"},
				"east": {"uv": [0.5, 2.75, 0, 0.5], "rotation": 270, "texture": "#1"},
				"south": {"uv": [1, 0.5, 1.5, 0], "texture": "#1"},
				"west": {"uv": [1.5, 2.75, 1, 0.5], "rotation": 90, "texture": "#1"},
				"up": {"uv": [1, 2.75, 0.5, 0.5], "rotation": 180, "texture": "#1"},
				"down": {"uv": [2, 2.75, 1.5, 0.5], "texture": "#1"}
			}
		},
		{
			"name": "tail3",
			"from": [-1, 7, 20],
			"to": [1, 9, 26],
			"faces": {
				"north": {"uv": [11.75, 9.5, 12.25, 10], "texture": "#1"},
				"east": {"uv": [10.25, 9.5, 11.75, 10], "texture": "#1"},
				"south": {"uv": [13.75, 9.5, 14.25, 10], "texture": "#1"},
				"west": {"uv": [12.25, 9.5, 13.75, 10], "texture": "#1"},
				"up": {"uv": [12.25, 9.5, 11.75, 8], "texture": "#1"},
				"down": {"uv": [12.75, 8, 12.25, 9.5], "texture": "#1"}
			}
		},
		{
			"name": "tail3",
			"from": [0, 3.5, 23],
			"to": [0, 12.5, 32],
			"rotation": {"angle": 0, "axis": "y", "origin": [-0.5, 8, 27.5]},
			"faces": {
				"north": {"uv": [8.5, 7, 8.75, 9.25], "texture": "#1"},
				"east": {"uv": [6.25, 7, 8.5, 9.25], "texture": "#1"},
				"south": {"uv": [11, 7, 11.25, 9.25], "texture": "#1"},
				"west": {"uv": [8.5, 7, 6.25, 9.25], "texture": "#1"},
				"up": {"uv": [8.75, 7, 8.5, 4.75], "texture": "#1"},
				"down": {"uv": [9, 4.75, 8.75, 7], "texture": "#1"}
			}
		},
		{
			"name": "spine1_rotation",
			"from": [-1, 7, 4],
			"to": [1, 16, 6],
			"rotation": {"angle": 45, "axis": "x", "origin": [0, 12.5, 7]},
			"faces": {
				"north": {"uv": [0.5, 0.5, 1, 2.75], "texture": "#1"},
				"east": {"uv": [0, 0.5, 0.5, 2.75], "texture": "#1"},
				"south": {"uv": [1.5, 0.5, 2, 2.75], "texture": "#1"},
				"west": {"uv": [1, 0.5, 1.5, 2.75], "texture": "#1"},
				"up": {"uv": [1, 0.5, 0.5, 0], "texture": "#1"},
				"down": {"uv": [1.5, 0, 1, 0.5], "texture": "#1"}
			}
		},
		{
			"name": "tail2",
			"from": [-1.5, 6.5, 14],
			"to": [1.5, 9.5, 21],
			"faces": {
				"north": {"uv": [1.75, 15.25, 2.5, 16], "texture": "#1"},
				"east": {"uv": [0, 15.25, 1.75, 16], "texture": "#1"},
				"south": {"uv": [4.25, 15.25, 5, 16], "texture": "#1"},
				"west": {"uv": [2.5, 15.25, 4.25, 16], "texture": "#1"},
				"up": {"uv": [2.5, 15.25, 1.75, 13.5], "texture": "#1"},
				"down": {"uv": [3.25, 13.5, 2.5, 15.25], "texture": "#1"}
			}
		},
		{
			"name": "tail1",
			"from": [-2, 6, 7],
			"to": [2, 10, 15],
			"faces": {
				"north": {"uv": [12, 2, 13, 3], "texture": "#1"},
				"east": {"uv": [10, 2, 12, 3], "texture": "#1"},
				"south": {"uv": [15, 2, 16, 3], "texture": "#1"},
				"west": {"uv": [13, 2, 15, 3], "texture": "#1"},
				"up": {"uv": [13, 2, 12, 0], "texture": "#1"},
				"down": {"uv": [14, 0, 13, 2], "texture": "#1"}
			}
		},
		{
			"name": "eye",
			"from": [-1, 6.5, -8.25],
			"to": [1, 8.5, -7.25],
			"faces": {
				"north": {"uv": [2.25, 0.25, 2.75, 0.75], "texture": "#1"},
				"east": {"uv": [2, 0.25, 2.25, 0.75], "texture": "#1"},
				"south": {"uv": [3, 0.25, 3.5, 0.75], "texture": "#1"},
				"west": {"uv": [2.75, 0.25, 3, 0.75], "texture": "#1"},
				"up": {"uv": [2.75, 0.25, 2.25, 0], "texture": "#1"},
				"down": {"uv": [3.25, 0, 2.75, 0.25], "texture": "#1"}
			}
		},
		{
			"name": "body",
			"from": [-6, 2, -8],
			"to": [6, 14, 8],
			"faces": {
				"north": {"uv": [4, 4, 7, 7], "texture": "#1"},
				"east": {"uv": [0, 4, 4, 7], "texture": "#1"},
				"south": {"uv": [11, 4, 14, 7], "texture": "#1"},
				"west": {"uv": [7, 4, 11, 7], "texture": "#1"},
				"up": {"uv": [7, 4, 4, 0], "texture": "#1"},
				"down": {"uv": [10, 0, 7, 4], "texture": "#1"}
			}
		},
		{
			"name": "body",
			"from": [-6, 14, -6],
			"to": [6, 16, 6],
			"faces": {
				"north": {"uv": [7, 13, 10, 13.5], "texture": "#1"},
				"east": {"uv": [4, 13, 7, 13.5], "texture": "#1"},
				"south": {"uv": [13, 13, 16, 13.5], "texture": "#1"},
				"west": {"uv": [10, 13, 13, 13.5], "texture": "#1"},
				"up": {"uv": [10, 13, 7, 10], "texture": "#1"},
				"down": {"uv": [13, 10, 10, 13], "texture": "#1"}
			}
		},
		{
			"name": "body",
			"from": [-6, 0, -6],
			"to": [6, 2, 6],
			"faces": {
				"north": {"uv": [7, 13, 10, 13.5], "texture": "#1"},
				"east": {"uv": [4, 13, 7, 13.5], "texture": "#1"},
				"south": {"uv": [13, 13, 16, 13.5], "texture": "#1"},
				"west": {"uv": [10, 13, 13, 13.5], "texture": "#1"},
				"up": {"uv": [10, 13, 7, 10], "texture": "#1"},
				"down": {"uv": [13, 10, 10, 13], "texture": "#1"}
			}
		},
		{
			"name": "body",
			"from": [6, 2, -6],
			"to": [8, 14, 6],
			"faces": {
				"north": {"uv": [3, 10, 3.5, 13], "texture": "#1"},
				"east": {"uv": [0, 10, 3, 13], "texture": "#1"},
				"south": {"uv": [6.5, 10, 7, 13], "texture": "#1"},
				"west": {"uv": [3.5, 10, 6.5, 13], "texture": "#1"},
				"up": {"uv": [3.5, 10, 3, 7], "texture": "#1"},
				"down": {"uv": [4, 7, 3.5, 10], "texture": "#1"}
			}
		},
		{
			"name": "body_sub_1",
			"from": [-8, 2, -6],
			"to": [-6, 14, 6],
			"faces": {
				"north": {"uv": [3.5, 10, 3, 13], "texture": "#1"},
				"east": {"uv": [6.5, 10, 3.5, 13], "texture": "#1"},
				"south": {"uv": [7, 10, 6.5, 13], "texture": "#1"},
				"west": {"uv": [3, 10, 0, 13], "texture": "#1"},
				"up": {"uv": [3, 10, 3.5, 7], "texture": "#1"},
				"down": {"uv": [3.5, 7, 4, 10], "texture": "#1"}
			}
		}
	],
	"display": {
		"thirdperson_righthand": {
			"rotation": [85, 0, 0],
			"translation": [4.25, -0.25, 0],
			"scale": [0.5, 0.5, 0.5]
		},
		"thirdperson_lefthand": {
			"rotation": [85, 0, 0],
			"translation": [-3.75, -0.25, 0],
			"scale": [0.5, 0.5, 0.5]
		},
		"firstperson_righthand": {
			"translation": [14, 0, 0]
		},
		"ground": {
			"translation": [2, 0, 4],
			"scale": [0.5, 0.5, 0.5]
		},
		"gui": {
			"rotation": [0, 180, 0],
			"translation": [-7.75, 0, 0]
		},
		"head": {
			"translation": [12, 5.5, 13.5],
			"scale": [1.5, 1.5, 1.5]
		},
		"fixed": {
			"rotation": [-90, -180, 0],
			"translation": [-8, -0.75, -8]
		}
	},
	"groups": [
		{
			"name": "all",
			"origin": [8, 8, 8],
			"color": 0,
			"children": [
				{
					"name": "spine12",
					"origin": [7, -1.5, 0],
					"color": 0,
					"children": [
						{
							"name": "spine12_rotation",
							"origin": [7, 1, 0],
							"color": 0,
							"children": []
						}
					]
				},
				{
					"name": "spine11",
					"origin": [-7, -1.5, 0],
					"color": 0,
					"children": [
						{
							"name": "spine11_rotation",
							"origin": [-7, 1, 0],
							"color": 0,
							"children": [0, 1]
						}
					]
				},
				{
					"name": "spine10",
					"origin": [0, -1.5, -7],
					"color": 0,
					"children": [
						{
							"name": "spine10_rotation",
							"origin": [0, 1, -7],
							"color": 0,
							"children": [2]
						}
					]
				},
				{
					"name": "spine9",
					"origin": [0, -1.5, 7],
					"color": 0,
					"children": [
						{
							"name": "spine9_rotation",
							"origin": [0, 1, 7],
							"color": 0,
							"children": [3]
						}
					]
				},
				{
					"name": "spine8",
					"origin": [7, 5.5, 7],
					"color": 0,
					"children": [
						{
							"name": "spine8_rotation",
							"origin": [7, 8, 7],
							"color": 0,
							"children": [4]
						}
					]
				},
				{
					"name": "spine7",
					"origin": [-7, 5.5, 7],
					"color": 0,
					"children": [
						{
							"name": "spine7_rotation",
							"origin": [-7, 8, 7],
							"color": 0,
							"children": [5]
						}
					]
				},
				{
					"name": "spine6",
					"origin": [-7, 5.5, -7],
					"color": 0,
					"children": [
						{
							"name": "spine6_rotation",
							"origin": [-7, 8, -7],
							"color": 0,
							"children": [6]
						}
					]
				},
				{
					"name": "spine5",
					"origin": [7, 5.5, -7],
					"color": 0,
					"children": [
						{
							"name": "spine5_rotation",
							"origin": [7, 8, -7],
							"color": 0,
							"children": [7]
						}
					]
				},
				{
					"name": "spine3",
					"origin": [-7, 12.5, 0],
					"color": 0,
					"children": [
						{
							"name": "spine3_rotation",
							"origin": [-7, 15, 0],
							"color": 0,
							"children": [8]
						}
					]
				},
				{
					"name": "spine4",
					"origin": [7, 12.5, 0],
					"color": 0,
					"children": [
						{
							"name": "spine4_rotation",
							"origin": [7, 15, 0],
							"color": 0,
							"children": [9]
						}
					]
				},
				{
					"name": "spine2",
					"origin": [0, 12.5, -7],
					"color": 0,
					"children": [
						{
							"name": "spine2_rotation",
							"origin": [0, 15, -7],
							"color": 0,
							"children": [10]
						}
					]
				},
				{
					"name": "tail3",
					"origin": [1, 23, 20],
					"color": 0,
					"children": [11, 12]
				},
				{
					"name": "spine1",
					"origin": [0, 12.5, 7],
					"color": 0,
					"children": [
						{
							"name": "spine1_rotation",
							"origin": [0, 15, 7],
							"color": 0,
							"children": [13]
						}
					]
				},
				{
					"name": "tail2",
					"origin": [1.5, 23.5, 14],
					"color": 0,
					"children": [14]
				},
				{
					"name": "tail1",
					"origin": [0, 24, 0],
					"color": 0,
					"children": [15]
				},
				{
					"name": "eye",
					"origin": [0, 23.5, -8.25],
					"color": 0,
					"children": [16]
				},
				{
					"name": "body",
					"origin": [0, 24, 0],
					"color": 0,
					"children": [
						17,
						18,
						19,
						20,
						{
							"name": "body_flipped",
							"origin": [0, 0, 0],
							"color": 0,
							"children": [
								{
									"name": "body_sub_1",
									"origin": [0, 0, 0],
									"color": 0,
									"children": [21]
								}
							]
						}
					]
				}
			]
		}
	]
}