{
	"credit": "Made with Blockbench",
	"texture_size": [128, 128],
	"textures": {
		"0": "default/irongolemplushietext"
	},
	"elements": [
		{
			"name": "left_leg",
			"from": [-7.5, -14, -3],
			"to": [-1.5, 2, 2],
			"faces": {
				"north": {"uv": [8.125, 0.625, 8.875, 2.625], "texture": "#0"},
				"east": {"uv": [7.5, 0.625, 8.125, 2.625], "texture": "#0"},
				"south": {"uv": [9.5, 0.625, 10.25, 2.625], "texture": "#0"},
				"west": {"uv": [8.875, 0.625, 9.5, 2.625], "texture": "#0"},
				"up": {"uv": [8.875, 0.625, 8.125, 0], "texture": "#0"},
				"down": {"uv": [9.625, 0, 8.875, 0.625], "texture": "#0"}
			}
		},
		{
			"name": "right_leg",
			"from": [1.5, -14, -3],
			"to": [7.5, 2, 2],
			"faces": {
				"north": {"uv": [5.25, 0.625, 6, 2.625], "texture": "#0"},
				"east": {"uv": [4.625, 0.625, 5.25, 2.625], "texture": "#0"},
				"south": {"uv": [6.625, 0.625, 7.375, 2.625], "texture": "#0"},
				"west": {"uv": [6, 0.625, 6.625, 2.625], "texture": "#0"},
				"up": {"uv": [6, 0.625, 5.25, 0], "texture": "#0"},
				"down": {"uv": [6.75, 0, 6, 0.625], "texture": "#0"}
			}
		},
		{
			"name": "left_arm",
			"from": [-13, -12, -3],
			"to": [-9, 18, 3],
			"faces": {
				"north": {"uv": [8.25, 8, 8.75, 11.75], "texture": "#0"},
				"east": {"uv": [7.5, 8, 8.25, 11.75], "texture": "#0"},
				"south": {"uv": [9.5, 8, 10, 11.75], "texture": "#0"},
				"west": {"uv": [8.75, 8, 9.5, 11.75], "texture": "#0"},
				"up": {"uv": [8.75, 8, 8.25, 7.25], "texture": "#0"},
				"down": {"uv": [9.25, 7.25, 8.75, 8], "texture": "#0"}
			}
		},
		{
			"name": "right_arm",
			"from": [9, -12, -3],
			"to": [13, 18, 3],
			"faces": {
				"north": {"uv": [8.25, 3.375, 8.75, 7.125], "texture": "#0"},
				"east": {"uv": [7.5, 3.375, 8.25, 7.125], "texture": "#0"},
				"south": {"uv": [9.5, 3.375, 10, 7.125], "texture": "#0"},
				"west": {"uv": [8.75, 3.375, 9.5, 7.125], "texture": "#0"},
				"up": {"uv": [8.75, 3.375, 8.25, 2.625], "texture": "#0"},
				"down": {"uv": [9.25, 2.625, 8.75, 3.375], "texture": "#0"}
			}
		},
		{
			"name": "head",
			"from": [-4, 18, -7.5],
			"to": [4, 28, 0.5],
			"faces": {
				"north": {"uv": [1, 1, 2, 2.25], "texture": "#0"},
				"east": {"uv": [0, 1, 1, 2.25], "texture": "#0"},
				"south": {"uv": [3, 1, 4, 2.25], "texture": "#0"},
				"west": {"uv": [2, 1, 3, 2.25], "texture": "#0"},
				"up": {"uv": [2, 1, 1, 0], "texture": "#0"},
				"down": {"uv": [3, 0, 2, 1], "texture": "#0"}
			}
		},
		{
			"name": "head",
			"from": [-1, 17, -9.5],
			"to": [1, 21, -7.5],
			"faces": {
				"north": {"uv": [3.25, 0.25, 3.5, 0.75], "texture": "#0"},
				"east": {"uv": [3, 0.25, 3.25, 0.75], "texture": "#0"},
				"south": {"uv": [3.75, 0.25, 4, 0.75], "texture": "#0"},
				"west": {"uv": [3.5, 0.25, 3.75, 0.75], "texture": "#0"},
				"up": {"uv": [3.5, 0.25, 3.25, 0], "texture": "#0"},
				"down": {"uv": [3.75, 0, 3.5, 0.25], "texture": "#0"}
			}
		},
		{
			"name": "body",
			"from": [-9, 6, -6],
			"to": [9, 18, 5],
			"faces": {
				"north": {"uv": [1.375, 6.375, 3.625, 7.875], "texture": "#0"},
				"east": {"uv": [0, 6.375, 1.375, 7.875], "texture": "#0"},
				"south": {"uv": [5, 6.375, 7.25, 7.875], "texture": "#0"},
				"west": {"uv": [3.625, 6.375, 5, 7.875], "texture": "#0"},
				"up": {"uv": [3.625, 6.375, 1.375, 5], "texture": "#0"},
				"down": {"uv": [5.875, 5, 3.625, 6.375], "texture": "#0"}
			}
		},
		{
			"name": "body",
			"from": [-5, 1.5, -3.5],
			"to": [5, 7.5, 3.5],
			"faces": {
				"north": {"uv": [0.75, 9.5, 1.875, 10.125], "texture": "#0"},
				"east": {"uv": [0, 9.5, 0.75, 10.125], "texture": "#0"},
				"south": {"uv": [2.625, 9.5, 3.75, 10.125], "texture": "#0"},
				"west": {"uv": [1.875, 9.5, 2.625, 10.125], "texture": "#0"},
				"up": {"uv": [1.875, 9.5, 0.75, 8.75], "texture": "#0"},
				"down": {"uv": [3, 8.75, 1.875, 9.5], "texture": "#0"}
			}
		}
	],
	"display": {
		"thirdperson_righthand": {
			"rotation": [45, 0, 0],
			"translation": [2, -0.75, 1.25],
			"scale": [0.25, 0.25, 0.25]
		},
		"thirdperson_lefthand": {
			"rotation": [45, 0, 0],
			"translation": [-2, -1.75, 1.25],
			"scale": [0.25, 0.25, 0.25]
		},
		"firstperson_righthand": {
			"translation": [6.25, 0, 0],
			"scale": [0.5, 0.5, 0.5]
		},
		"firstperson_lefthand": {
			"translation": [-1, 0, 0],
			"scale": [0.5, 0.5, 0.5]
		},
		"ground": {
			"translation": [3.25, 6.5, 4.25],
			"scale": [0.5, 0.5, 0.5]
		},
		"gui": {
			"rotation": [0, 150, 0],
			"translation": [-1, 0.5, 0],
			"scale": [0.4, 0.4, 0.4]
		},
		"head": {
			"translation": [4, 17.5, 4],
			"scale": [0.5, 0.5, 0.5]
		},
		"fixed": {
			"rotation": [-90, -180, 0],
			"translation": [-8, -8, -21.75]
		}
	},
	"groups": [
		{
			"name": "all",
			"origin": [8, 8, 8],
			"color": 0,
			"children": [
				{
					"name": "left_leg",
					"origin": [-5, 13, 0],
					"color": 0,
					"children": [0]
				},
				{
					"name": "right_leg",
					"origin": [4, 13, 0],
					"color": 0,
					"children": [1]
				},
				{
					"name": "left_arm",
					"origin": [0, 31, 0],
					"color": 0,
					"children": [2]
				},
				{
					"name": "right_arm",
					"origin": [0, 31, 0],
					"color": 0,
					"children": [3]
				},
				{
					"name": "head",
					"origin": [0, 31, -2],
					"color": 0,
					"children": [4, 5]
				},
				{
					"name": "body",
					"origin": [0, 31, 0],
					"color": 0,
					"children": [6, 7]
				}
			]
		}
	]
}