{
	"credit": "Made with Blockbench",
	"texture_size": [64, 32],
	"textures": {
		"0": "default/magmacubeplushietext"
	},
	"elements": [
		{
			"name": "segment1",
			"from": [-4, 7, -4],
			"to": [4, 8, 4],
			"faces": {
				"north": {"uv": [2, 4, 4, 4.5], "texture": "#0"},
				"east": {"uv": [0, 4, 2, 4.5], "texture": "#0"},
				"south": {"uv": [6, 4, 8, 4.5], "texture": "#0"},
				"west": {"uv": [4, 4, 6, 4.5], "texture": "#0"},
				"up": {"uv": [4, 4, 2, 0], "texture": "#0"},
				"down": {"uv": [6, 0, 4, 4], "texture": "#0"}
			}
		},
		{
			"name": "segment2",
			"from": [-4, 6, -4],
			"to": [4, 7, 4],
			"faces": {
				"north": {"uv": [2, 4.5, 4, 5], "texture": "#0"},
				"east": {"uv": [0, 4.5, 2, 5], "texture": "#0"},
				"south": {"uv": [6, 4.5, 8, 5], "texture": "#0"},
				"west": {"uv": [4, 4.5, 6, 5], "texture": "#0"},
				"up": {"uv": [4, 4.5, 2, 0.5], "texture": "#0"},
				"down": {"uv": [6, 0.5, 4, 4.5], "texture": "#0"}
			}
		},
		{
			"name": "segment3",
			"from": [-4, 5, -4],
			"to": [4, 6, 4],
			"faces": {
				"north": {"uv": [8, 9, 10, 9.5], "texture": "#0"},
				"east": {"uv": [6, 9, 8, 9.5], "texture": "#0"},
				"south": {"uv": [12, 9, 14, 9.5], "texture": "#0"},
				"west": {"uv": [10, 9, 12, 9.5], "texture": "#0"},
				"up": {"uv": [10, 9, 8, 5], "texture": "#0"},
				"down": {"uv": [12, 5, 10, 9], "texture": "#0"}
			}
		},
		{
			"name": "segment4",
			"from": [-4, 4, -4],
			"to": [4, 5, 4],
			"faces": {
				"north": {"uv": [8, 13.5, 10, 14], "texture": "#0"},
				"east": {"uv": [6, 13.5, 8, 14], "texture": "#0"},
				"south": {"uv": [12, 13.5, 14, 14], "texture": "#0"},
				"west": {"uv": [10, 13.5, 12, 14], "texture": "#0"},
				"up": {"uv": [10, 13.5, 8, 9.5], "texture": "#0"},
				"down": {"uv": [12, 9.5, 10, 13.5], "texture": "#0"}
			}
		},
		{
			"name": "segment5",
			"from": [-4, 3, -4],
			"to": [4, 4, 4],
			"faces": {
				"north": {"uv": [2, 6, 4, 6.5], "texture": "#0"},
				"east": {"uv": [0, 6, 2, 6.5], "texture": "#0"},
				"south": {"uv": [6, 6, 8, 6.5], "texture": "#0"},
				"west": {"uv": [4, 6, 6, 6.5], "texture": "#0"},
				"up": {"uv": [4, 6, 2, 2], "texture": "#0"},
				"down": {"uv": [6, 2, 4, 6], "texture": "#0"}
			}
		},
		{
			"name": "segment6",
			"from": [-4, 2, -4],
			"to": [4, 3, 4],
			"faces": {
				"north": {"uv": [2, 6.5, 4, 7], "texture": "#0"},
				"east": {"uv": [0, 6.5, 2, 7], "texture": "#0"},
				"south": {"uv": [6, 6.5, 8, 7], "texture": "#0"},
				"west": {"uv": [4, 6.5, 6, 7], "texture": "#0"},
				"up": {"uv": [4, 6.5, 2, 2.5], "texture": "#0"},
				"down": {"uv": [6, 2.5, 4, 6.5], "texture": "#0"}
			}
		},
		{
			"name": "segment7",
			"from": [-4, 1, -4],
			"to": [4, 2, 4],
			"faces": {
				"north": {"uv": [2, 7, 4, 7.5], "texture": "#0"},
				"east": {"uv": [0, 7, 2, 7.5], "texture": "#0"},
				"south": {"uv": [6, 7, 8, 7.5], "texture": "#0"},
				"west": {"uv": [4, 7, 6, 7.5], "texture": "#0"},
				"up": {"uv": [4, 7, 2, 3], "texture": "#0"},
				"down": {"uv": [6, 3, 4, 7], "texture": "#0"}
			}
		},
		{
			"name": "segment8",
			"from": [-4, 0, -4],
			"to": [4, 1, 4],
			"faces": {
				"north": {"uv": [2, 7.5, 4, 8], "texture": "#0"},
				"east": {"uv": [0, 7.5, 2, 8], "texture": "#0"},
				"south": {"uv": [6, 7.5, 8, 8], "texture": "#0"},
				"west": {"uv": [4, 7.5, 6, 8], "texture": "#0"},
				"up": {"uv": [4, 7.5, 2, 3.5], "texture": "#0"},
				"down": {"uv": [6, 3.5, 4, 7.5], "texture": "#0"}
			}
		},
		{
			"name": "core",
			"from": [-2, 2, -2],
			"to": [2, 6, 2],
			"faces": {
				"north": {"uv": [1, 10, 2, 12], "texture": "#0"},
				"east": {"uv": [0, 10, 1, 12], "texture": "#0"},
				"south": {"uv": [3, 10, 4, 12], "texture": "#0"},
				"west": {"uv": [2, 10, 3, 12], "texture": "#0"},
				"up": {"uv": [2, 10, 1, 8], "texture": "#0"},
				"down": {"uv": [3, 8, 2, 10], "texture": "#0"}
			}
		}
	],
	"display": {
		"thirdperson_righthand": {
			"rotation": [90, 0, 0],
			"translation": [9.75, -9.75, 0]
		},
		"thirdperson_lefthand": {
			"rotation": [90, 0, 0],
			"translation": [-5.75, -9.75, 0]
		},
		"firstperson_righthand": {
			"rotation": [0, 109, 0],
			"translation": [12, 5.75, -14]
		},
		"firstperson_lefthand": {
			"rotation": [0, 109, 0],
			"translation": [15.5, 5.75, 0]
		},
		"ground": {
			"translation": [8, 4, 8]
		},
		"gui": {
			"rotation": [0, 159, 0],
			"translation": [-4, 4, 0]
		},
		"head": {
			"translation": [16, 8, 16],
			"scale": [2, 2, 2]
		},
		"fixed": {
			"rotation": [-90, -180, 0],
			"translation": [-16, -16, -16],
			"scale": [2, 2, 2]
		}
	},
	"groups": [
		{
			"name": "segment1",
			"origin": [0, 24, 0],
			"color": 0,
			"children": [0]
		},
		{
			"name": "segment2",
			"origin": [0, 24, 0],
			"color": 0,
			"children": [1]
		},
		{
			"name": "segment3",
			"origin": [0, 24, 0],
			"color": 0,
			"children": [2]
		},
		{
			"name": "segment4",
			"origin": [0, 24, 0],
			"color": 0,
			"children": [3]
		},
		{
			"name": "segment5",
			"origin": [0, 24, 0],
			"color": 0,
			"children": [4]
		},
		{
			"name": "segment6",
			"origin": [0, 24, 0],
			"color": 0,
			"children": [5]
		},
		{
			"name": "segment7",
			"origin": [0, 24, 0],
			"color": 0,
			"children": [6]
		},
		{
			"name": "segment8",
			"origin": [0, 24, 0],
			"color": 0,
			"children": [7]
		},
		{
			"name": "core",
			"origin": [0, 24, 0],
			"color": 0,
			"children": [8]
		}
	]
}