{
	"credit": "Made with Blockbench",
	"texture_size": [64, 64],
	"textures": {
		"0": "default/mimicplushietext"
	},
	"elements": [
		{
			"name": "base",
			"from": [-7, 2, 9],
			"to": [7, 12, 23],
			"rotation": {"angle": 0, "axis": "y", "origin": [0, -5, 16]},
			"faces": {
				"north": {"uv": [10.5, 8.25, 14, 10.75], "rotation": 180, "texture": "#0"},
				"east": {"uv": [0, 8.25, 3.5, 10.75], "rotation": 180, "texture": "#0"},
				"south": {"uv": [3.5, 8.25, 7, 10.75], "rotation": 180, "texture": "#0"},
				"west": {"uv": [7, 8.25, 10.5, 10.75], "rotation": 180, "texture": "#0"},
				"up": {"uv": [10.5, 4.75, 7, 8.25], "texture": "#0"},
				"down": {"uv": [7, 8.25, 3.5, 4.75], "texture": "#0"}
			}
		},
		{
			"name": "lid",
			"from": [-7, 12.3, 22.8],
			"to": [7, 26.3, 27.8],
			"rotation": {"angle": -22.5, "axis": "x", "origin": [0, 12.25, 23.25]},
			"faces": {
				"north": {"uv": [7, 3.5, 3.5, 0], "rotation": 180, "texture": "#0"},
				"east": {"uv": [0, 3.5, 3.5, 4.75], "rotation": 90, "texture": "#0"},
				"south": {"uv": [10.5, 0, 7, 3.5], "texture": "#0"},
				"west": {"uv": [7, 3.5, 10.5, 4.75], "rotation": 270, "texture": "#0"},
				"up": {"uv": [10.5, 3.5, 14, 4.75], "texture": "#0"},
				"down": {"uv": [3.5, 3.5, 7, 4.75], "rotation": 180, "texture": "#0"}
			}
		},
		{
			"name": "knob",
			"from": [-1, 26.3, 21.1],
			"to": [1, 27.3, 25.1],
			"rotation": {"angle": -22.5, "axis": "x", "origin": [0, 12.25, 23.25]},
			"faces": {
				"north": {"uv": [0.75, 0.25, 0.25, 0], "rotation": 180, "texture": "#0"},
				"east": {"uv": [0, 0.25, 0.25, 1.25], "rotation": 90, "texture": "#0"},
				"south": {"uv": [1.25, 0, 0.75, 0.25], "texture": "#0"},
				"west": {"uv": [0.75, 0.25, 1, 1.25], "rotation": 270, "texture": "#0"},
				"up": {"uv": [1, 0.25, 1.5, 1.25], "texture": "#0"},
				"down": {"uv": [0.25, 0.25, 0.75, 1.25], "rotation": 180, "texture": "#0"}
			}
		},
		{
			"from": [-4, 12, 16],
			"to": [4, 13, 20],
			"rotation": {"angle": 0, "axis": "y", "origin": [-3, 10, 1]},
			"faces": {
				"north": {"uv": [10.75, 14, 13, 15.75], "texture": "#0"},
				"east": {"uv": [10.75, 14, 13, 15.75], "texture": "#0"},
				"south": {"uv": [10.75, 14, 13, 15.75], "texture": "#0"},
				"west": {"uv": [10.75, 14, 13, 15.75], "texture": "#0"},
				"up": {"uv": [10.75, 14, 13, 15.75], "texture": "#0"},
				"down": {"uv": [10.75, 14, 13, 15.75], "texture": "#0"}
			}
		},
		{
			"from": [-3, 12.5, 14],
			"to": [3, 13.5, 18],
			"rotation": {"angle": 0, "axis": "y", "origin": [-3, 10, 1]},
			"faces": {
				"north": {"uv": [10.75, 14, 13, 15.75], "texture": "#0"},
				"east": {"uv": [10.75, 14, 13, 15.75], "texture": "#0"},
				"south": {"uv": [10.75, 14, 13, 15.75], "texture": "#0"},
				"west": {"uv": [10.75, 14, 13, 15.75], "texture": "#0"},
				"up": {"uv": [10.75, 14, 13, 15.75], "texture": "#0"},
				"down": {"uv": [10.75, 14, 13, 15.75], "texture": "#0"}
			}
		},
		{
			"from": [-2, 12.8, 11],
			"to": [2, 13.8, 16],
			"rotation": {"angle": 0, "axis": "y", "origin": [-3, 10, 1]},
			"faces": {
				"north": {"uv": [10.75, 14, 13, 15.75], "texture": "#0"},
				"east": {"uv": [10.75, 14, 13, 15.75], "texture": "#0"},
				"south": {"uv": [10.75, 14, 13, 15.75], "texture": "#0"},
				"west": {"uv": [10.75, 14, 13, 15.75], "texture": "#0"},
				"up": {"uv": [10.75, 14, 13, 15.75], "texture": "#0"},
				"down": {"uv": [10.75, 14, 13, 15.75], "texture": "#0"}
			}
		},
		{
			"from": [-1.3, 13, 9],
			"to": [1.2, 14, 12],
			"rotation": {"angle": 0, "axis": "y", "origin": [-3, 10, 1]},
			"faces": {
				"north": {"uv": [10.75, 14, 13, 15.75], "texture": "#0"},
				"east": {"uv": [10.75, 14, 13, 15.75], "texture": "#0"},
				"south": {"uv": [10.75, 14, 13, 15.75], "texture": "#0"},
				"west": {"uv": [10.75, 14, 13, 15.75], "texture": "#0"},
				"up": {"uv": [10.75, 14, 13, 15.75], "texture": "#0"},
				"down": {"uv": [10.75, 14, 13, 15.75], "texture": "#0"}
			}
		},
		{
			"from": [5, 12, 11],
			"to": [6, 14, 11],
			"rotation": {"angle": 0, "axis": "y", "origin": [5, 10, -5]},
			"faces": {
				"north": {"uv": [0.5, 0.25, 1, 0.75], "texture": "#0"},
				"east": {"uv": [0, 0, 0.25, 0.5], "texture": "#0"},
				"south": {"uv": [0, 0, 0.5, 0.5], "texture": "#0"},
				"west": {"uv": [0, 0, 0.25, 0.5], "texture": "#0"},
				"up": {"uv": [0, 0, 0.5, 0.25], "texture": "#0"},
				"down": {"uv": [0, 0, 0.5, 0.25], "texture": "#0"}
			}
		},
		{
			"from": [5, 21, 17.5],
			"to": [6, 21, 19.5],
			"rotation": {"angle": -22.5, "axis": "x", "origin": [5.5, 19, 11]},
			"faces": {
				"north": {"uv": [0, 0, 0.5, 0.25], "rotation": 180, "texture": "#0"},
				"east": {"uv": [0, 0, 0.25, 0.5], "rotation": 270, "texture": "#0"},
				"south": {"uv": [0, 0, 0.5, 0.25], "texture": "#0"},
				"west": {"uv": [0, 0, 0.25, 0.5], "rotation": 90, "texture": "#0"},
				"up": {"uv": [0.5, 0.25, 1, 0.75], "rotation": 180, "texture": "#0"},
				"down": {"uv": [0, 0, 0.5, 0.5], "texture": "#0"}
			}
		},
		{
			"from": [3, 21, 18.5],
			"to": [4, 21, 19.5],
			"rotation": {"angle": -22.5, "axis": "x", "origin": [5.5, 19, 11]},
			"faces": {
				"north": {"uv": [0, 0, 0.5, 0.25], "rotation": 180, "texture": "#0"},
				"east": {"uv": [0, 0, 0.25, 0.5], "rotation": 270, "texture": "#0"},
				"south": {"uv": [0, 0, 0.5, 0.25], "texture": "#0"},
				"west": {"uv": [0, 0, 0.25, 0.5], "rotation": 90, "texture": "#0"},
				"up": {"uv": [0.5, 0.25, 1, 0.75], "rotation": 180, "texture": "#0"},
				"down": {"uv": [0, 0, 0.5, 0.5], "texture": "#0"}
			}
		},
		{
			"from": [2, 21, 17.5],
			"to": [3, 21, 19.5],
			"rotation": {"angle": -22.5, "axis": "x", "origin": [5.5, 19, 11]},
			"faces": {
				"north": {"uv": [0, 0, 0.5, 0.25], "rotation": 180, "texture": "#0"},
				"east": {"uv": [0, 0, 0.25, 0.5], "rotation": 270, "texture": "#0"},
				"south": {"uv": [0, 0, 0.5, 0.25], "texture": "#0"},
				"west": {"uv": [0, 0, 0.25, 0.5], "rotation": 90, "texture": "#0"},
				"up": {"uv": [0.5, 0.25, 1, 0.75], "rotation": 180, "texture": "#0"},
				"down": {"uv": [0, 0, 0.5, 0.5], "texture": "#0"}
			}
		},
		{
			"from": [-3, 21, 17.5],
			"to": [-2, 21, 19.5],
			"rotation": {"angle": -22.5, "axis": "x", "origin": [5.5, 19, 11]},
			"faces": {
				"north": {"uv": [0, 0, 0.5, 0.25], "rotation": 180, "texture": "#0"},
				"east": {"uv": [0, 0, 0.25, 0.5], "rotation": 270, "texture": "#0"},
				"south": {"uv": [0, 0, 0.5, 0.25], "texture": "#0"},
				"west": {"uv": [0, 0, 0.25, 0.5], "rotation": 90, "texture": "#0"},
				"up": {"uv": [0.5, 0.25, 1, 0.75], "rotation": 180, "texture": "#0"},
				"down": {"uv": [0, 0, 0.5, 0.5], "texture": "#0"}
			}
		},
		{
			"from": [-6, 21, 17.5],
			"to": [-5, 21, 19.5],
			"rotation": {"angle": -22.5, "axis": "x", "origin": [5.5, 19, 11]},
			"faces": {
				"north": {"uv": [0, 0, 0.5, 0.25], "rotation": 180, "texture": "#0"},
				"east": {"uv": [0, 0, 0.25, 0.5], "rotation": 270, "texture": "#0"},
				"south": {"uv": [0, 0, 0.5, 0.25], "texture": "#0"},
				"west": {"uv": [0, 0, 0.25, 0.5], "rotation": 90, "texture": "#0"},
				"up": {"uv": [0.5, 0.25, 1, 0.75], "rotation": 180, "texture": "#0"},
				"down": {"uv": [0, 0, 0.5, 0.5], "texture": "#0"}
			}
		},
		{
			"from": [-1, 21, 18.5],
			"to": [0, 21, 19.5],
			"rotation": {"angle": -22.5, "axis": "x", "origin": [5.5, 19, 11]},
			"faces": {
				"north": {"uv": [0, 0, 0.5, 0.25], "rotation": 180, "texture": "#0"},
				"east": {"uv": [0, 0, 0.25, 0.5], "rotation": 270, "texture": "#0"},
				"south": {"uv": [0, 0, 0.5, 0.25], "texture": "#0"},
				"west": {"uv": [0, 0, 0.25, 0.5], "rotation": 90, "texture": "#0"},
				"up": {"uv": [0.5, 0.25, 1, 0.75], "rotation": 180, "texture": "#0"},
				"down": {"uv": [0, 0, 0.5, 0.5], "texture": "#0"}
			}
		},
		{
			"from": [4, 12, 11],
			"to": [5, 13, 11],
			"rotation": {"angle": 0, "axis": "y", "origin": [4, 10, -5]},
			"faces": {
				"north": {"uv": [0.5, 0.25, 1, 0.75], "texture": "#0"},
				"east": {"uv": [0, 0, 0.25, 0.5], "texture": "#0"},
				"south": {"uv": [0, 0, 0.5, 0.5], "texture": "#0"},
				"west": {"uv": [0, 0, 0.25, 0.5], "texture": "#0"},
				"up": {"uv": [0, 0, 0.5, 0.25], "texture": "#0"},
				"down": {"uv": [0, 0, 0.5, 0.25], "texture": "#0"}
			}
		},
		{
			"from": [-5, 12, 11],
			"to": [-4, 13, 11],
			"rotation": {"angle": 0, "axis": "y", "origin": [-4, 10, -5]},
			"faces": {
				"north": {"uv": [0.5, 0.25, 1, 0.75], "texture": "#0"},
				"east": {"uv": [0, 0, 0.25, 0.5], "texture": "#0"},
				"south": {"uv": [0, 0, 0.5, 0.5], "texture": "#0"},
				"west": {"uv": [0, 0, 0.25, 0.5], "texture": "#0"},
				"up": {"uv": [0, 0, 0.5, 0.25], "texture": "#0"},
				"down": {"uv": [0, 0, 0.5, 0.25], "texture": "#0"}
			}
		},
		{
			"from": [-3, 12, 11],
			"to": [-2, 13, 11],
			"rotation": {"angle": 0, "axis": "y", "origin": [-2, 10, -5]},
			"faces": {
				"north": {"uv": [0.5, 0.25, 1, 0.75], "texture": "#0"},
				"east": {"uv": [0, 0, 0.25, 0.5], "texture": "#0"},
				"south": {"uv": [0, 0, 0.5, 0.5], "texture": "#0"},
				"west": {"uv": [0, 0, 0.25, 0.5], "texture": "#0"},
				"up": {"uv": [0, 0, 0.5, 0.25], "texture": "#0"},
				"down": {"uv": [0, 0, 0.5, 0.25], "texture": "#0"}
			}
		},
		{
			"from": [3, 12, 11],
			"to": [4, 13, 11],
			"rotation": {"angle": 0, "axis": "y", "origin": [2, 10, -5]},
			"faces": {
				"north": {"uv": [0.5, 0.25, 1, 0.75], "texture": "#0"},
				"east": {"uv": [0, 0, 0.25, 0.5], "texture": "#0"},
				"south": {"uv": [0, 0, 0.5, 0.5], "texture": "#0"},
				"west": {"uv": [0, 0, 0.25, 0.5], "texture": "#0"},
				"up": {"uv": [0, 0, 0.5, 0.25], "texture": "#0"},
				"down": {"uv": [0, 0, 0.5, 0.25], "texture": "#0"}
			}
		},
		{
			"from": [-6, 12, 11],
			"to": [-5, 15, 11],
			"rotation": {"angle": 0, "axis": "y", "origin": [-5, 10, -5]},
			"faces": {
				"north": {"uv": [0.5, 0.25, 1, 0.75], "texture": "#0"},
				"east": {"uv": [0, 0, 0.25, 0.5], "texture": "#0"},
				"south": {"uv": [0, 0, 0.5, 0.5], "texture": "#0"},
				"west": {"uv": [0, 0, 0.25, 0.5], "texture": "#0"},
				"up": {"uv": [0, 0, 0.5, 0.25], "texture": "#0"},
				"down": {"uv": [0, 0, 0.5, 0.25], "texture": "#0"}
			}
		},
		{
			"name": "cube inverted",
			"from": [6, 21, 19.5],
			"to": [5, 21, 17.5],
			"rotation": {"angle": -22.5, "axis": "x", "origin": [5.5, 19, 11]},
			"faces": {
				"north": {"uv": [0, 0.25, 0.5, 0], "texture": "#0"},
				"east": {"uv": [0.25, 0, 0, 0.5], "rotation": 90, "texture": "#0"},
				"south": {"uv": [0, 0.25, 0.5, 0], "rotation": 180, "texture": "#0"},
				"west": {"uv": [0.25, 0, 0, 0.5], "rotation": 270, "texture": "#0"},
				"up": {"uv": [0.5, 0, 0, 0.5], "texture": "#0"},
				"down": {"uv": [1, 0.25, 0.5, 0.75], "rotation": 180, "texture": "#0"}
			}
		},
		{
			"name": "cube inverted",
			"from": [4, 21, 19.5],
			"to": [3, 21, 18.5],
			"rotation": {"angle": -22.5, "axis": "x", "origin": [5.5, 19, 11]},
			"faces": {
				"north": {"uv": [0, 0.25, 0.5, 0], "texture": "#0"},
				"east": {"uv": [0.25, 0, 0, 0.5], "rotation": 90, "texture": "#0"},
				"south": {"uv": [0, 0.25, 0.5, 0], "rotation": 180, "texture": "#0"},
				"west": {"uv": [0.25, 0, 0, 0.5], "rotation": 270, "texture": "#0"},
				"up": {"uv": [0.5, 0, 0, 0.5], "texture": "#0"},
				"down": {"uv": [1, 0.25, 0.5, 0.75], "rotation": 180, "texture": "#0"}
			}
		},
		{
			"name": "cube inverted",
			"from": [3, 21, 19.5],
			"to": [2, 21, 17.5],
			"rotation": {"angle": -22.5, "axis": "x", "origin": [5.5, 19, 11]},
			"faces": {
				"north": {"uv": [0, 0.25, 0.5, 0], "texture": "#0"},
				"east": {"uv": [0.25, 0, 0, 0.5], "rotation": 90, "texture": "#0"},
				"south": {"uv": [0, 0.25, 0.5, 0], "rotation": 180, "texture": "#0"},
				"west": {"uv": [0.25, 0, 0, 0.5], "rotation": 270, "texture": "#0"},
				"up": {"uv": [0.5, 0, 0, 0.5], "texture": "#0"},
				"down": {"uv": [1, 0.25, 0.5, 0.75], "rotation": 180, "texture": "#0"}
			}
		},
		{
			"name": "cube inverted",
			"from": [0, 21, 19.5],
			"to": [-1, 21, 18.5],
			"rotation": {"angle": -22.5, "axis": "x", "origin": [5.5, 19, 11]},
			"faces": {
				"north": {"uv": [0, 0.25, 0.5, 0], "texture": "#0"},
				"east": {"uv": [0.25, 0, 0, 0.5], "rotation": 90, "texture": "#0"},
				"south": {"uv": [0, 0.25, 0.5, 0], "rotation": 180, "texture": "#0"},
				"west": {"uv": [0.25, 0, 0, 0.5], "rotation": 270, "texture": "#0"},
				"up": {"uv": [0.5, 0, 0, 0.5], "texture": "#0"},
				"down": {"uv": [1, 0.25, 0.5, 0.75], "rotation": 180, "texture": "#0"}
			}
		},
		{
			"name": "cube inverted",
			"from": [-2, 21, 19.5],
			"to": [-3, 21, 17.5],
			"rotation": {"angle": -22.5, "axis": "x", "origin": [5.5, 19, 11]},
			"faces": {
				"north": {"uv": [0, 0.25, 0.5, 0], "texture": "#0"},
				"east": {"uv": [0.25, 0, 0, 0.5], "rotation": 90, "texture": "#0"},
				"south": {"uv": [0, 0.25, 0.5, 0], "rotation": 180, "texture": "#0"},
				"west": {"uv": [0.25, 0, 0, 0.5], "rotation": 270, "texture": "#0"},
				"up": {"uv": [0.5, 0, 0, 0.5], "texture": "#0"},
				"down": {"uv": [1, 0.25, 0.5, 0.75], "rotation": 180, "texture": "#0"}
			}
		},
		{
			"name": "cube inverted",
			"from": [-5, 21, 19.5],
			"to": [-6, 21, 17.5],
			"rotation": {"angle": -22.5, "axis": "x", "origin": [5.5, 19, 11]},
			"faces": {
				"north": {"uv": [0, 0.25, 0.5, 0], "texture": "#0"},
				"east": {"uv": [0.25, 0, 0, 0.5], "rotation": 90, "texture": "#0"},
				"south": {"uv": [0, 0.25, 0.5, 0], "rotation": 180, "texture": "#0"},
				"west": {"uv": [0.25, 0, 0, 0.5], "rotation": 270, "texture": "#0"},
				"up": {"uv": [0.5, 0, 0, 0.5], "texture": "#0"},
				"down": {"uv": [1, 0.25, 0.5, 0.75], "rotation": 180, "texture": "#0"}
			}
		},
		{
			"name": "cube inverted",
			"from": [6, 14, 11],
			"to": [5, 12, 11],
			"rotation": {"angle": 0, "axis": "y", "origin": [5, 10, -5]},
			"faces": {
				"north": {"uv": [0, 0.5, 0.5, 0], "texture": "#0"},
				"east": {"uv": [0, 0.5, 0.25, 0], "texture": "#0"},
				"south": {"uv": [0.5, 0.75, 1, 0.25], "texture": "#0"},
				"west": {"uv": [0, 0.5, 0.25, 0], "texture": "#0"},
				"up": {"uv": [0.5, 0, 0, 0.25], "texture": "#0"},
				"down": {"uv": [0.5, 0, 0, 0.25], "texture": "#0"}
			}
		},
		{
			"name": "cube inverted",
			"from": [5, 13, 11],
			"to": [4, 12, 11],
			"rotation": {"angle": 0, "axis": "y", "origin": [4, 10, -5]},
			"faces": {
				"north": {"uv": [0, 0.5, 0.5, 0], "texture": "#0"},
				"east": {"uv": [0, 0.5, 0.25, 0], "texture": "#0"},
				"south": {"uv": [0.5, 0.75, 1, 0.25], "texture": "#0"},
				"west": {"uv": [0, 0.5, 0.25, 0], "texture": "#0"},
				"up": {"uv": [0.5, 0, 0, 0.25], "texture": "#0"},
				"down": {"uv": [0.5, 0, 0, 0.25], "texture": "#0"}
			}
		},
		{
			"name": "cube inverted",
			"from": [4, 13, 11],
			"to": [3, 12, 11],
			"rotation": {"angle": 0, "axis": "y", "origin": [2, 10, -5]},
			"faces": {
				"north": {"uv": [0, 0.5, 0.5, 0], "texture": "#0"},
				"east": {"uv": [0, 0.5, 0.25, 0], "texture": "#0"},
				"south": {"uv": [0.5, 0.75, 1, 0.25], "texture": "#0"},
				"west": {"uv": [0, 0.5, 0.25, 0], "texture": "#0"},
				"up": {"uv": [0.5, 0, 0, 0.25], "texture": "#0"},
				"down": {"uv": [0.5, 0, 0, 0.25], "texture": "#0"}
			}
		},
		{
			"name": "cube inverted",
			"from": [-2, 13, 11],
			"to": [-3, 12, 11],
			"rotation": {"angle": 0, "axis": "y", "origin": [-2, 10, -5]},
			"faces": {
				"north": {"uv": [0, 0.5, 0.5, 0], "texture": "#0"},
				"east": {"uv": [0, 0.5, 0.25, 0], "texture": "#0"},
				"south": {"uv": [0.5, 0.75, 1, 0.25], "texture": "#0"},
				"west": {"uv": [0, 0.5, 0.25, 0], "texture": "#0"},
				"up": {"uv": [0.5, 0, 0, 0.25], "texture": "#0"},
				"down": {"uv": [0.5, 0, 0, 0.25], "texture": "#0"}
			}
		},
		{
			"name": "cube inverted",
			"from": [-4, 13, 11],
			"to": [-5, 12, 11],
			"rotation": {"angle": 0, "axis": "y", "origin": [-4, 10, -5]},
			"faces": {
				"north": {"uv": [0, 0.5, 0.5, 0], "texture": "#0"},
				"east": {"uv": [0, 0.5, 0.25, 0], "texture": "#0"},
				"south": {"uv": [0.5, 0.75, 1, 0.25], "texture": "#0"},
				"west": {"uv": [0, 0.5, 0.25, 0], "texture": "#0"},
				"up": {"uv": [0.5, 0, 0, 0.25], "texture": "#0"},
				"down": {"uv": [0.5, 0, 0, 0.25], "texture": "#0"}
			}
		},
		{
			"name": "cube inverted",
			"from": [-5, 15, 11],
			"to": [-6, 12, 11],
			"rotation": {"angle": 0, "axis": "y", "origin": [-5, 10, -5]},
			"faces": {
				"north": {"uv": [0, 0.5, 0.5, 0], "texture": "#0"},
				"east": {"uv": [0, 0.5, 0.25, 0], "texture": "#0"},
				"south": {"uv": [0.5, 0.75, 1, 0.25], "texture": "#0"},
				"west": {"uv": [0, 0.5, 0.25, 0], "texture": "#0"},
				"up": {"uv": [0.5, 0, 0, 0.25], "texture": "#0"},
				"down": {"uv": [0.5, 0, 0, 0.25], "texture": "#0"}
			}
		}
	],
	"display": {
		"thirdperson_righthand": {
			"rotation": [25, 0, 0],
			"translation": [4.5, 1.5, -5],
			"scale": [0.5, 0.5, 0.5]
		},
		"thirdperson_lefthand": {
			"rotation": [25, 0, 0],
			"translation": [-3, 1.5, -5],
			"scale": [0.5, 0.5, 0.5]
		},
		"firstperson_righthand": {
			"rotation": [0, 104, 0],
			"translation": [-1, 0, -5.25],
			"scale": [0.5, 0.5, 0.5]
		},
		"firstperson_lefthand": {
			"rotation": [0, 104, 0],
			"translation": [-1, 0, 2.25],
			"scale": [0.5, 0.5, 0.5]
		},
		"ground": {
			"translation": [3.75, 0, -4.75],
			"scale": [0.5, 0.5, 0.5]
		},
		"gui": {
			"rotation": [29, 153, 0],
			"translation": [-5.5, -2.5, 0],
			"scale": [0.5, 0.5, 0.5]
		},
		"head": {
			"rotation": [-106, 0, 180],
			"translation": [-8, -5.75, -12]
		},
		"fixed": {
			"rotation": [-90, -180, 0],
			"translation": [-18.25, 18.25, -13.75],
			"scale": [2.28, 2.28, 2.28]
		}
	},
	"groups": [
		{
			"name": "whole",
			"origin": [0, 0, 0],
			"color": 0,
			"children": [
				{
					"name": "base",
					"origin": [8, 0, 8],
					"color": 0,
					"children": [0]
				},
				{
					"name": "lid",
					"origin": [8, 9, 7],
					"color": 0,
					"children": [
						1,
						{
							"name": "knob",
							"origin": [8, 8, 8],
							"color": 0,
							"children": [2]
						}
					]
				}
			]
		},
		{
			"name": "tounge",
			"origin": [0, 0, 0],
			"color": 0,
			"children": [
				3,
				{
					"name": "middle",
					"origin": [0, 0, 0],
					"color": 0,
					"children": [
						4,
						{
							"name": "lower",
							"origin": [0, 0, 0],
							"color": 0,
							"children": [5]
						},
						{
							"name": "lower2",
							"origin": [1, 0, -3],
							"color": 0,
							"children": [6]
						}
					]
				}
			]
		},
		{
			"name": "teeth",
			"origin": [0, 0, 1],
			"color": 0,
			"children": [7, 8, 9, 10, 11, 12, 13, 14, 15, 16, 17, 18, 19, 20, 21, 22, 23, 24, 25, 26, 27, 28, 29, 30]
		}
	]
}