{
	"credit": "Made with Blockbench",
	"texture_size": [64, 32],
	"textures": {
		"0": "default/mooshroomplushietext"
	},
	"elements": [
		{
			"name": "head",
			"from": [-4, 16, -14],
			"to": [4, 24, -8],
			"faces": {
				"north": {"uv": [1.5, 3, 3.5, 7], "texture": "#0"},
				"east": {"uv": [0, 3, 1.5, 7], "texture": "#0"},
				"south": {"uv": [5, 3, 7, 7], "texture": "#0"},
				"west": {"uv": [3.5, 3, 5, 7], "texture": "#0"},
				"up": {"uv": [3.5, 3, 1.5, 0], "texture": "#0"},
				"down": {"uv": [5.5, 0, 3.5, 3], "texture": "#0"}
			}
		},
		{
			"name": "head",
			"from": [-5, 22, -12],
			"to": [-4, 25, -11],
			"faces": {
				"north": {"uv": [5.75, 0.5, 6, 2], "texture": "#0"},
				"east": {"uv": [5.5, 0.5, 5.75, 2], "texture": "#0"},
				"south": {"uv": [6.25, 0.5, 6.5, 2], "texture": "#0"},
				"west": {"uv": [6, 0.5, 6.25, 2], "texture": "#0"},
				"up": {"uv": [6, 0.5, 5.75, 0], "texture": "#0"},
				"down": {"uv": [6.25, 0, 6, 0.5], "texture": "#0"}
			}
		},
		{
			"name": "head",
			"from": [4, 22, -12],
			"to": [5, 25, -11],
			"faces": {
				"north": {"uv": [5.75, 0.5, 6, 2], "texture": "#0"},
				"east": {"uv": [5.5, 0.5, 5.75, 2], "texture": "#0"},
				"south": {"uv": [6.25, 0.5, 6.5, 2], "texture": "#0"},
				"west": {"uv": [6, 0.5, 6.25, 2], "texture": "#0"},
				"up": {"uv": [6, 0.5, 5.75, 0], "texture": "#0"},
				"down": {"uv": [6.25, 0, 6, 0.5], "texture": "#0"}
			}
		},
		{
			"name": "body",
			"from": [-6, 12, -8],
			"to": [6, 22, 10],
			"rotation": {"angle": 0, "axis": "y", "origin": [0, 17, -2.75]},
			"faces": {
				"north": {"uv": [10, 7, 7, 2], "rotation": 180, "texture": "#0"},
				"east": {"uv": [4.5, 7, 7, 16], "rotation": 90, "texture": "#0"},
				"south": {"uv": [13, 2, 10, 7], "texture": "#0"},
				"west": {"uv": [10, 7, 12.5, 16], "rotation": 270, "texture": "#0"},
				"up": {"uv": [12.5, 7, 15.5, 16], "texture": "#0"},
				"down": {"uv": [7, 7, 10, 16], "rotation": 180, "texture": "#0"}
			}
		},
		{
			"name": "body",
			"from": [-2, 11, 4],
			"to": [2, 12, 10],
			"rotation": {"angle": 0, "axis": "y", "origin": [0, 17, -2.75]},
			"faces": {
				"north": {"uv": [14.25, 0.5, 13.25, 0], "rotation": 180, "texture": "#0"},
				"east": {"uv": [13, 0.5, 13.25, 3.5], "rotation": 90, "texture": "#0"},
				"south": {"uv": [15.25, 0, 14.25, 0.5], "texture": "#0"},
				"west": {"uv": [14.25, 0.5, 14.5, 3.5], "rotation": 270, "texture": "#0"},
				"up": {"uv": [14.5, 0.5, 15.5, 3.5], "texture": "#0"},
				"down": {"uv": [13.25, 0.5, 14.25, 3.5], "rotation": 180, "texture": "#0"}
			}
		},
		{
			"name": "leg1",
			"from": [2, 0, 5],
			"to": [6, 12, 9],
			"faces": {
				"north": {"uv": [1, 10, 2, 16], "texture": "#0"},
				"east": {"uv": [0, 10, 1, 16], "texture": "#0"},
				"south": {"uv": [3, 10, 4, 16], "texture": "#0"},
				"west": {"uv": [2, 10, 3, 16], "texture": "#0"},
				"up": {"uv": [2, 10, 1, 8], "texture": "#0"},
				"down": {"uv": [3, 8, 2, 10], "texture": "#0"}
			}
		},
		{
			"name": "leg2",
			"from": [-6, 0, 5],
			"to": [-2, 12, 9],
			"faces": {
				"north": {"uv": [1, 10, 2, 16], "texture": "#0"},
				"east": {"uv": [0, 10, 1, 16], "texture": "#0"},
				"south": {"uv": [3, 10, 4, 16], "texture": "#0"},
				"west": {"uv": [2, 10, 3, 16], "texture": "#0"},
				"up": {"uv": [2, 10, 1, 8], "texture": "#0"},
				"down": {"uv": [3, 8, 2, 10], "texture": "#0"}
			}
		},
		{
			"name": "leg3",
			"from": [2, 0, -7],
			"to": [6, 12, -3],
			"faces": {
				"north": {"uv": [1, 10, 2, 16], "texture": "#0"},
				"east": {"uv": [0, 10, 1, 16], "texture": "#0"},
				"south": {"uv": [3, 10, 4, 16], "texture": "#0"},
				"west": {"uv": [2, 10, 3, 16], "texture": "#0"},
				"up": {"uv": [2, 10, 1, 8], "texture": "#0"},
				"down": {"uv": [3, 8, 2, 10], "texture": "#0"}
			}
		},
		{
			"name": "leg4",
			"from": [-6, 0, -7],
			"to": [-2, 12, -3],
			"faces": {
				"north": {"uv": [1, 10, 2, 16], "texture": "#0"},
				"east": {"uv": [0, 10, 1, 16], "texture": "#0"},
				"south": {"uv": [3, 10, 4, 16], "texture": "#0"},
				"west": {"uv": [2, 10, 3, 16], "texture": "#0"},
				"up": {"uv": [2, 10, 1, 8], "texture": "#0"},
				"down": {"uv": [3, 8, 2, 10], "texture": "#0"}
			}
		}
	],
	"display": {
		"thirdperson_righthand": {
			"rotation": [90, 0, 0],
			"translation": [4, -5.75, -5.25],
			"scale": [0.5, 0.5, 0.5]
		},
		"thirdperson_lefthand": {
			"rotation": [90, 0, 0],
			"translation": [-4, -5.75, -5.75],
			"scale": [0.5, 0.5, 0.5]
		},
		"firstperson_righthand": {
			"rotation": [0, 90, 0],
			"translation": [5.25, 0.75, 0],
			"scale": [0.5, 0.5, 0.5]
		},
		"firstperson_lefthand": {
			"rotation": [0, 90, 0],
			"translation": [5.25, 0.75, 8],
			"scale": [0.5, 0.5, 0.5]
		},
		"ground": {
			"scale": [0.25, 0.25, 0.25]
		},
		"gui": {
			"rotation": [0, 147, 0],
			"translation": [-1, -1.75, 0],
			"scale": [0.5, 0.5, 0.5]
		},
		"head": {
			"translation": [4, 10.25, 4],
			"scale": [0.5, 0.5, 0.5]
		},
		"fixed": {
			"rotation": [-90, -180, 0],
			"translation": [-8, -8, -8]
		}
	},
	"groups": [
		{
			"name": "head",
			"origin": [0, 20, -8],
			"color": 0,
			"children": [0, 1, 2]
		},
		{
			"name": "body",
			"origin": [0, 19, 2],
			"color": 0,
			"children": [3, 4]
		},
		{
			"name": "leg1",
			"origin": [4, 12, 7],
			"color": 0,
			"children": [5]
		},
		{
			"name": "leg2",
			"origin": [-4, 12, 7],
			"color": 0,
			"children": [6]
		},
		{
			"name": "leg3",
			"origin": [4, 12, -6],
			"color": 0,
			"children": [7]
		},
		{
			"name": "leg4",
			"origin": [-4, 12, -6],
			"color": 0,
			"children": [8]
		}
	]
}