{
	"credit": "Made with Blockbench",
	"texture_size": [32, 32],
	"textures": {
		"0": "default/ogsylphspawn",
		"1": "default/block",
		"particle": "default/ogsylphspawn"
	},
	"elements": [
		{
			"from": [0, 0, 0],
			"to": [16, 1, 8.2577],
			"faces": {
				"north": {"uv": [0, 8, 8, 8.5], "texture": "#1"},
				"east": {"uv": [8, 0.5, 12, 1], "texture": "#1"},
				"south": {"uv": [8, 0, 16, 0.5], "texture": "#1"},
				"west": {"uv": [8, 1, 12, 1.5], "texture": "#1"},
				"up": {"uv": [8, 4, 0, 0], "texture": "#1"},
				"down": {"uv": [8, 4, 0, 8], "texture": "#1"}
			}
		},
		{
			"name": "2022-08-01_20_0",
			"from": [0, 1, 0],
			"to": [16, 1.01171, 8.25769],
			"faces": {
				"north": {"uv": [16, 0, 0, 0.0227], "texture": "#0"},
				"east": {"uv": [15.98829, 0, 16, 16], "rotation": 90, "texture": "#0"},
				"south": {"uv": [0, 15.9773, 16, 16], "texture": "#0"},
				"west": {"uv": [0, 0, 0.01171, 16], "rotation": 270, "texture": "#0"},
				"up": {"uv": [0, 0, 16, 16], "texture": "#0"},
				"down": {"uv": [0, 16, 16, 0], "texture": "#0"}
			}
		}
	],
	"display": {
		"thirdperson_righthand": {
			"rotation": [0, 180, 0],
			"translation": [0, 8.5, -2.75]
		},
		"thirdperson_lefthand": {
			"rotation": [0, 180, 0],
			"translation": [0, 7.75, -3]
		},
		"firstperson_righthand": {
			"rotation": [51, 0, 0],
			"translation": [0.25, 4.75, 2]
		},
		"firstperson_lefthand": {
			"rotation": [51, 0, 0],
			"translation": [-0.25, 5, 0]
		},
		"ground": {
			"translation": [0, 4.5, 0],
			"scale": [0.8, 0.8, 0.8]
		},
		"gui": {
			"rotation": [90, 0, 0],
			"translation": [0, -7.5, 0],
			"scale": [1, 1, 2]
		},
		"head": {
			"rotation": [90, 0, 180],
			"translation": [0, 7, -13.75]
		},
		"fixed": {
			"rotation": [-90, -180, 0],
			"translation": [0, -11.75, -15.25],
			"scale": [2.03, 2, 3.04]
		}
	},
	"groups": [
		0,
		{
			"name": "2022-08-01_20",
			"origin": [8, 8, 8],
			"color": 0,
			"children": [1]
		}
	]
}