{
	"credit": "Made with Blockbench",
	"texture_size": [64, 32],
	"textures": {
		"0": "default/persiancatplushietext",
		"particle": "default/persiancatplushietext"
	},
	"elements": [
		{
			"name": "head",
			"from": [-2.5, 7, -12],
			"to": [2.5, 11, -7],
			"faces": {
				"north": {"uv": [1.25, 2.5, 2.5, 4.5], "texture": "#0"},
				"east": {"uv": [0, 2.5, 1.25, 4.5], "texture": "#0"},
				"south": {"uv": [3.75, 2.5, 5, 4.5], "texture": "#0"},
				"west": {"uv": [2.5, 2.5, 3.75, 4.5], "texture": "#0"},
				"up": {"uv": [2.5, 2.5, 1.25, 0], "texture": "#0"},
				"down": {"uv": [3.75, 0, 2.5, 2.5], "texture": "#0"}
			}
		},
		{
			"name": "head",
			"from": [-1.5, 7.02, -13],
			"to": [1.5, 9.02, -11],
			"faces": {
				"north": {"uv": [0.5, 13, 1.25, 14], "texture": "#0"},
				"east": {"uv": [0, 13, 0.5, 14], "texture": "#0"},
				"south": {"uv": [1.75, 13, 2.5, 14], "texture": "#0"},
				"west": {"uv": [1.25, 13, 1.75, 14], "texture": "#0"},
				"up": {"uv": [1.25, 13, 0.5, 12], "texture": "#0"},
				"down": {"uv": [2, 12, 1.25, 13], "texture": "#0"}
			}
		},
		{
			"name": "head",
			"from": [1, 11, -9],
			"to": [2, 12, -7],
			"faces": {
				"north": {"uv": [0.5, 6, 0.75, 6.5], "texture": "#0"},
				"east": {"uv": [0, 6, 0.5, 6.5], "texture": "#0"},
				"south": {"uv": [1.25, 6, 1.5, 6.5], "texture": "#0"},
				"west": {"uv": [0.75, 6, 1.25, 6.5], "texture": "#0"},
				"up": {"uv": [0.75, 6, 0.5, 5], "texture": "#0"},
				"down": {"uv": [1, 5, 0.75, 6], "texture": "#0"}
			}
		},
		{
			"name": "head",
			"from": [-2, 11, -9],
			"to": [-1, 12, -7],
			"faces": {
				"north": {"uv": [2, 6, 2.25, 6.5], "texture": "#0"},
				"east": {"uv": [1.5, 6, 2, 6.5], "texture": "#0"},
				"south": {"uv": [2.75, 6, 3, 6.5], "texture": "#0"},
				"west": {"uv": [2.25, 6, 2.75, 6.5], "texture": "#0"},
				"up": {"uv": [2.25, 6, 2, 5], "texture": "#0"},
				"down": {"uv": [2.5, 5, 2.25, 6], "texture": "#0"}
			}
		},
		{
			"name": "body",
			"from": [-2, 4, -7],
			"to": [2, 10, 9],
			"rotation": {"angle": 0, "axis": "y", "origin": [0, 1, 1]},
			"faces": {
				"north": {"uv": [7.5, 3, 6.5, 0], "rotation": 180, "texture": "#0"},
				"east": {"uv": [5, 3, 6.5, 11], "rotation": 90, "texture": "#0"},
				"south": {"uv": [8.5, 0, 7.5, 3], "texture": "#0"},
				"west": {"uv": [7.5, 3, 9, 11], "rotation": 270, "texture": "#0"},
				"up": {"uv": [9, 3, 10, 11], "texture": "#0"},
				"down": {"uv": [6.5, 3, 7.5, 11], "rotation": 180, "texture": "#0"}
			}
		},
		{
			"name": "front_right_leg",
			"from": [0.1, -0.1, -5],
			"to": [2.1, 9.9, -3],
			"faces": {
				"north": {"uv": [10.5, 1, 11, 6], "texture": "#0"},
				"east": {"uv": [10, 1, 10.5, 6], "texture": "#0"},
				"south": {"uv": [11.5, 1, 12, 6], "texture": "#0"},
				"west": {"uv": [11, 1, 11.5, 6], "texture": "#0"},
				"up": {"uv": [11, 1, 10.5, 0], "texture": "#0"},
				"down": {"uv": [11.5, 0, 11, 1], "texture": "#0"}
			}
		},
		{
			"name": "back_left_leg",
			"from": [-2.1, 0, 6],
			"to": [-0.1, 6, 8],
			"faces": {
				"north": {"uv": [2.5, 7.5, 3, 10.5], "texture": "#0"},
				"east": {"uv": [2, 7.5, 2.5, 10.5], "texture": "#0"},
				"south": {"uv": [3.5, 7.5, 4, 10.5], "texture": "#0"},
				"west": {"uv": [3, 7.5, 3.5, 10.5], "texture": "#0"},
				"up": {"uv": [3, 7.5, 2.5, 6.5], "texture": "#0"},
				"down": {"uv": [3.5, 6.5, 3, 7.5], "texture": "#0"}
			}
		},
		{
			"name": "back_right_leg",
			"from": [0.1, 0, 6],
			"to": [2.1, 6, 8],
			"faces": {
				"north": {"uv": [2.5, 7.5, 3, 10.5], "texture": "#0"},
				"east": {"uv": [2, 7.5, 2.5, 10.5], "texture": "#0"},
				"south": {"uv": [3.5, 7.5, 4, 10.5], "texture": "#0"},
				"west": {"uv": [3, 7.5, 3.5, 10.5], "texture": "#0"},
				"up": {"uv": [3, 7.5, 2.5, 6.5], "texture": "#0"},
				"down": {"uv": [3.5, 6.5, 3, 7.5], "texture": "#0"}
			}
		},
		{
			"name": "tail",
			"from": [-0.5, 8, 7.5],
			"to": [0.5, 9, 15.5],
			"rotation": {"angle": 0, "axis": "y", "origin": [0, 4.5, 8.5]},
			"faces": {
				"north": {"uv": [0.5, 8, 0.25, 7.5], "rotation": 180, "texture": "#0"},
				"east": {"uv": [0, 8, 0.25, 12], "rotation": 90, "texture": "#0"},
				"south": {"uv": [0.75, 7.5, 0.5, 8], "texture": "#0"},
				"west": {"uv": [0.5, 8, 0.75, 12], "rotation": 270, "texture": "#0"},
				"up": {"uv": [0.75, 8, 1, 12], "texture": "#0"},
				"down": {"uv": [0.25, 8, 0.5, 12], "rotation": 180, "texture": "#0"}
			}
		},
		{
			"name": "tail2",
			"from": [-0.5, 8, 15.5],
			"to": [0.5, 9, 23.5],
			"rotation": {"angle": 0, "axis": "y", "origin": [0, 4.5, 16.5]},
			"faces": {
				"north": {"uv": [1.5, 8, 1.25, 7.5], "rotation": 180, "texture": "#0"},
				"east": {"uv": [1, 8, 1.25, 12], "rotation": 90, "texture": "#0"},
				"south": {"uv": [1.75, 7.5, 1.5, 8], "texture": "#0"},
				"west": {"uv": [1.5, 8, 1.75, 12], "rotation": 270, "texture": "#0"},
				"up": {"uv": [1.75, 8, 2, 12], "texture": "#0"},
				"down": {"uv": [1.25, 8, 1.5, 12], "rotation": 180, "texture": "#0"}
			}
		},
		{
			"name": "front_left_leg",
			"from": [-2.1, -0.1, -5],
			"to": [-0.1, 9.9, -3],
			"faces": {
				"north": {"uv": [10.5, 1, 11, 6], "texture": "#0"},
				"east": {"uv": [10, 1, 10.5, 6], "texture": "#0"},
				"south": {"uv": [11.5, 1, 12, 6], "texture": "#0"},
				"west": {"uv": [11, 1, 11.5, 6], "texture": "#0"},
				"up": {"uv": [11, 1, 10.5, 0], "texture": "#0"},
				"down": {"uv": [11.5, 0, 11, 1], "texture": "#0"}
			}
		}
	],
	"display": {
		"thirdperson_righthand": {
			"rotation": [90, 0, 0],
			"translation": [2.25, -3.75, 14.25],
			"scale": [0.25, 0.25, 0.25]
		},
		"thirdperson_lefthand": {
			"rotation": [90, 0, 0],
			"translation": [-1.75, -3.75, 14.25],
			"scale": [0.25, 0.25, 0.25]
		},
		"firstperson_righthand": {
			"rotation": [0, 130, 0],
			"translation": [16.25, 0, -21.75]
		},
		"firstperson_lefthand": {
			"rotation": [0, 130, 0],
			"translation": [28, 0, -11]
		},
		"ground": {
			"translation": [3.25, 0, 3.75],
			"scale": [0.5, 0.5, 0.5]
		},
		"gui": {
			"rotation": [0, 166, 0],
			"translation": [-5.25, 1.75, 0]
		},
		"head": {
			"translation": [4, 10, 3.25],
			"scale": [0.5, 0.5, 0.5]
		},
		"fixed": {
			"rotation": [90, 0, -180],
			"translation": [-8, -8, -8]
		}
	},
	"groups": [
		{
			"name": "all",
			"origin": [8, 8, 8],
			"color": 0,
			"children": [
				{
					"name": "head",
					"origin": [0, 9, -9],
					"color": 0,
					"children": [0, 1, 2, 3]
				},
				{
					"name": "body",
					"origin": [0, 12, -10],
					"color": 0,
					"children": [4]
				},
				{
					"name": "front_right_leg",
					"origin": [1.1, 9.9, -5],
					"color": 0,
					"children": [5]
				},
				{
					"name": "back_left_leg",
					"origin": [-1.1, 6, 5],
					"color": 0,
					"children": [6]
				},
				{
					"name": "back_right_leg",
					"origin": [1.1, 6, 5],
					"color": 0,
					"children": [7]
				},
				{
					"name": "tail",
					"origin": [0, 8.5, 8],
					"color": 0,
					"children": [8]
				},
				{
					"name": "tail2",
					"origin": [0, 8.5, 16],
					"color": 0,
					"children": [9]
				},
				{
					"name": "front_left_leg",
					"origin": [-1.1, 9.9, -5],
					"color": 0,
					"children": [10]
				}
			]
		}
	]
}