{
	"credit": "Made with Blockbench",
	"texture_size": [64, 64],
	"textures": {
		"0": "default/phantomplushietext"
	},
	"elements": [
		{
			"name": "tail2",
			"from": [7.5, 5.5, 19],
			"to": [8.5, 6.5, 25],
			"faces": {
				"north": {"uv": [2.5, 8.75, 2.75, 9], "texture": "#0"},
				"east": {"uv": [1, 8.75, 2.5, 9], "texture": "#0"},
				"south": {"uv": [4.25, 8.75, 4.5, 9], "texture": "#0"},
				"west": {"uv": [2.75, 8.75, 4.25, 9], "texture": "#0"},
				"up": {"uv": [2.75, 8.75, 2.5, 7.25], "texture": "#0"},
				"down": {"uv": [3, 7.25, 2.75, 8.75], "texture": "#0"}
			}
		},
		{
			"name": "tail",
			"from": [6.5, 5, 13],
			"to": [9.5, 7, 19],
			"faces": {
				"north": {"uv": [2.25, 6.5, 3, 7], "texture": "#0"},
				"east": {"uv": [0.75, 6.5, 2.25, 7], "texture": "#0"},
				"south": {"uv": [4.5, 6.5, 5.25, 7], "texture": "#0"},
				"west": {"uv": [3, 6.5, 4.5, 7], "texture": "#0"},
				"up": {"uv": [3, 6.5, 2.25, 5], "texture": "#0"},
				"down": {"uv": [3.75, 5, 3, 6.5], "texture": "#0"}
			}
		},
		{
			"name": "right_wing_tip",
			"from": [16.5, 6, 4],
			"to": [29.5, 7, 13],
			"faces": {
				"north": {"uv": [9.5, 8.25, 6.25, 8.5], "texture": "#0"},
				"east": {"uv": [11.75, 8.25, 9.5, 8.5], "texture": "#0"},
				"south": {"uv": [15, 8.25, 11.75, 8.5], "texture": "#0"},
				"west": {"uv": [6.25, 8.25, 4, 8.5], "texture": "#0"},
				"up": {"uv": [6.25, 8.25, 9.5, 6], "texture": "#0"},
				"down": {"uv": [9.5, 6, 12.75, 8.25], "texture": "#0"}
			}
		},
		{
			"name": "right_wing_tip inverted",
			"from": [29.5, 7, 13],
			"to": [16.5, 6, 4],
			"faces": {
				"north": {"uv": [15, 8.5, 11.75, 8.25], "texture": "#0"},
				"east": {"uv": [6.25, 8.5, 4, 8.25], "texture": "#0"},
				"south": {"uv": [9.5, 8.5, 6.25, 8.25], "texture": "#0"},
				"west": {"uv": [11.75, 8.5, 9.5, 8.25], "texture": "#0"},
				"up": {"uv": [12.75, 6, 9.5, 8.25], "texture": "#0"},
				"down": {"uv": [9.5, 8.25, 6.25, 6], "texture": "#0"}
			}
		},
		{
			"name": "right_wing",
			"from": [10.5, 5, 4],
			"to": [16.5, 7, 13],
			"faces": {
				"north": {"uv": [9.5, 5.25, 8, 5.75], "texture": "#0"},
				"east": {"uv": [11.75, 5.25, 9.5, 5.75], "texture": "#0"},
				"south": {"uv": [13.25, 5.25, 11.75, 5.75], "texture": "#0"},
				"west": {"uv": [8, 5.25, 5.75, 5.75], "texture": "#0"},
				"up": {"uv": [8, 5.25, 9.5, 3], "texture": "#0"},
				"down": {"uv": [9.5, 3, 11, 5.25], "texture": "#0"}
			}
		},
		{
			"name": "left_wing_tip",
			"from": [-13.5, 6, 4],
			"to": [-0.5, 7, 13],
			"faces": {
				"north": {"uv": [6.25, 8.25, 9.5, 8.5], "texture": "#0"},
				"east": {"uv": [4, 8.25, 6.25, 8.5], "texture": "#0"},
				"south": {"uv": [11.75, 8.25, 15, 8.5], "texture": "#0"},
				"west": {"uv": [9.5, 8.25, 11.75, 8.5], "texture": "#0"},
				"up": {"uv": [9.5, 8.25, 6.25, 6], "texture": "#0"},
				"down": {"uv": [12.75, 6, 9.5, 8.25], "texture": "#0"}
			}
		},
		{
			"name": "left_wing_tip inverted",
			"from": [-0.5, 7, 13],
			"to": [-13.5, 6, 4],
			"faces": {
				"north": {"uv": [11.75, 8.5, 15, 8.25], "texture": "#0"},
				"east": {"uv": [9.5, 8.5, 11.75, 8.25], "texture": "#0"},
				"south": {"uv": [6.25, 8.5, 9.5, 8.25], "texture": "#0"},
				"west": {"uv": [4, 8.5, 6.25, 8.25], "texture": "#0"},
				"up": {"uv": [9.5, 6, 12.75, 8.25], "texture": "#0"},
				"down": {"uv": [6.25, 8.25, 9.5, 6], "texture": "#0"}
			}
		},
		{
			"name": "left_wing",
			"from": [-0.5, 5, 4],
			"to": [5.5, 7, 13],
			"faces": {
				"north": {"uv": [8, 5.25, 9.5, 5.75], "texture": "#0"},
				"east": {"uv": [5.75, 5.25, 8, 5.75], "texture": "#0"},
				"south": {"uv": [11.75, 5.25, 13.25, 5.75], "texture": "#0"},
				"west": {"uv": [9.5, 5.25, 11.75, 5.75], "texture": "#0"},
				"up": {"uv": [9.5, 5.25, 8, 3], "texture": "#0"},
				"down": {"uv": [11, 3, 9.5, 5.25], "texture": "#0"}
			}
		},
		{
			"name": "head",
			"from": [4.5, 2.75, -1],
			"to": [11.5, 5.75, 4],
			"faces": {
				"north": {"uv": [1.25, 1.25, 3, 2], "texture": "#0"},
				"east": {"uv": [0, 1.25, 1.25, 2], "texture": "#0"},
				"south": {"uv": [4.25, 1.25, 6, 2], "texture": "#0"},
				"west": {"uv": [3, 1.25, 4.25, 2], "texture": "#0"},
				"up": {"uv": [3, 1.25, 1.25, 0], "texture": "#0"},
				"down": {"uv": [4.75, 0, 3, 1.25], "texture": "#0"}
			}
		},
		{
			"name": "body",
			"from": [5.5, 4, 4],
			"to": [10.5, 7, 13],
			"faces": {
				"north": {"uv": [2.25, 4.25, 3.5, 5], "texture": "#0"},
				"east": {"uv": [0, 4.25, 2.25, 5], "texture": "#0"},
				"south": {"uv": [5.75, 4.25, 7, 5], "texture": "#0"},
				"west": {"uv": [3.5, 4.25, 5.75, 5], "texture": "#0"},
				"up": {"uv": [3.5, 4.25, 2.25, 2], "texture": "#0"},
				"down": {"uv": [4.75, 2, 3.5, 4.25], "texture": "#0"}
			}
		}
	],
	"display": {
		"thirdperson_righthand": {
			"rotation": [96, 0, 0],
			"translation": [0.25, -0.25, 0],
			"scale": [0.5, 0.5, 0.5]
		},
		"thirdperson_lefthand": {
			"rotation": [96, 0, 0],
			"translation": [0.25, -0.25, 0],
			"scale": [0.5, 0.5, 0.5]
		},
		"firstperson_righthand": {
			"rotation": [0, 114, 0],
			"translation": [0, 6, 0],
			"scale": [0.5, 0.5, 0.5]
		},
		"firstperson_lefthand": {
			"rotation": [0, 114, 0],
			"translation": [0, 6, 0],
			"scale": [0.5, 0.5, 0.5]
		},
		"ground": {
			"scale": [0.5, 0.5, 0.5]
		},
		"gui": {
			"rotation": [-39, 141, 0],
			"translation": [0.25, 1.25, 0],
			"scale": [0.5, 0.5, 0.5]
		},
		"head": {
			"translation": [0, 14.5, 0]
		},
		"fixed": {
			"rotation": [-90, -180, 0],
			"translation": [0, 3.75, -10]
		}
	},
	"groups": [
		{
			"name": "all",
			"origin": [0, 0, 0],
			"color": 0,
			"children": [
				{
					"name": "tail2",
					"origin": [-0.5, 6.5, 7],
					"color": 0,
					"children": [0]
				},
				{
					"name": "tail",
					"origin": [-0.5, 7, 1],
					"color": 0,
					"children": [1]
				},
				{
					"name": "right_wing_tip",
					"origin": [8.5, 7, -8],
					"color": 0,
					"children": [2, 3]
				},
				{
					"name": "right_wing",
					"origin": [2.5, 7, -8],
					"color": 0,
					"children": [4]
				},
				{
					"name": "left_wing_tip",
					"origin": [-8.5, 7, -8],
					"color": 0,
					"children": [5, 6]
				},
				{
					"name": "left_wing",
					"origin": [-2.5, 7, -8],
					"color": 0,
					"children": [7]
				},
				{
					"name": "head",
					"origin": [-0.5, 3.75, -8],
					"color": 0,
					"children": [8]
				},
				{
					"name": "body",
					"origin": [-0.5, 5, 0],
					"color": 0,
					"children": [9]
				}
			]
		}
	]
}