{
	"credit": "Made with Blockbench",
	"texture_size": [64, 32],
	"textures": {
		"0": "default/pigplushietext"
	},
	"elements": [
		{
			"name": "body",
			"from": [-5, 6, -8],
			"to": [5, 14, 8],
			"rotation": {"angle": 0, "axis": "y", "origin": [0, 15, -1]},
			"faces": {
				"north": {"uv": [11.5, 8, 9, 4], "rotation": 180, "texture": "#0"},
				"east": {"uv": [7, 8, 9, 16], "rotation": 90, "texture": "#0"},
				"south": {"uv": [14, 4, 11.5, 8], "texture": "#0"},
				"west": {"uv": [11.5, 8, 13.5, 16], "rotation": 270, "texture": "#0"},
				"up": {"uv": [13.5, 8, 16, 16], "texture": "#0"},
				"down": {"uv": [9, 8, 11.5, 16], "rotation": 180, "texture": "#0"}
			}
		},
		{
			"name": "head",
			"from": [-4, 8, -14],
			"to": [4, 16, -6],
			"faces": {
				"north": {"uv": [2, 4, 4, 8], "texture": "#0"},
				"east": {"uv": [0, 4, 2, 8], "texture": "#0"},
				"south": {"uv": [6, 4, 8, 8], "texture": "#0"},
				"west": {"uv": [4, 4, 6, 8], "texture": "#0"},
				"up": {"uv": [4, 4, 2, 0], "texture": "#0"},
				"down": {"uv": [6, 0, 4, 4], "texture": "#0"}
			}
		},
		{
			"name": "head",
			"from": [-2, 9, -15],
			"to": [2, 12, -14],
			"faces": {
				"north": {"uv": [4.25, 8.5, 5.25, 10], "texture": "#0"},
				"east": {"uv": [4, 8.5, 4.25, 10], "texture": "#0"},
				"south": {"uv": [5.5, 8.5, 6.5, 10], "texture": "#0"},
				"west": {"uv": [5.25, 8.5, 5.5, 10], "texture": "#0"},
				"up": {"uv": [5.25, 8.5, 4.25, 8], "texture": "#0"},
				"down": {"uv": [6.25, 8, 5.25, 8.5], "texture": "#0"}
			}
		},
		{
			"name": "leg1",
			"from": [1, 0, 5],
			"to": [5, 6, 9],
			"faces": {
				"north": {"uv": [1, 10, 2, 13], "texture": "#0"},
				"east": {"uv": [0, 10, 1, 13], "texture": "#0"},
				"south": {"uv": [3, 10, 4, 13], "texture": "#0"},
				"west": {"uv": [2, 10, 3, 13], "texture": "#0"},
				"up": {"uv": [2, 10, 1, 8], "texture": "#0"},
				"down": {"uv": [3, 8, 2, 10], "texture": "#0"}
			}
		},
		{
			"name": "leg2",
			"from": [-5, 0, 5],
			"to": [-1, 6, 9],
			"faces": {
				"north": {"uv": [1, 10, 2, 13], "texture": "#0"},
				"east": {"uv": [0, 10, 1, 13], "texture": "#0"},
				"south": {"uv": [3, 10, 4, 13], "texture": "#0"},
				"west": {"uv": [2, 10, 3, 13], "texture": "#0"},
				"up": {"uv": [2, 10, 1, 8], "texture": "#0"},
				"down": {"uv": [3, 8, 2, 10], "texture": "#0"}
			}
		},
		{
			"name": "leg3",
			"from": [1, 0, -7],
			"to": [5, 6, -3],
			"faces": {
				"north": {"uv": [1, 10, 2, 13], "texture": "#0"},
				"east": {"uv": [0, 10, 1, 13], "texture": "#0"},
				"south": {"uv": [3, 10, 4, 13], "texture": "#0"},
				"west": {"uv": [2, 10, 3, 13], "texture": "#0"},
				"up": {"uv": [2, 10, 1, 8], "texture": "#0"},
				"down": {"uv": [3, 8, 2, 10], "texture": "#0"}
			}
		},
		{
			"name": "leg4",
			"from": [-5, 0, -7],
			"to": [-1, 6, -3],
			"faces": {
				"north": {"uv": [1, 10, 2, 13], "texture": "#0"},
				"east": {"uv": [0, 10, 1, 13], "texture": "#0"},
				"south": {"uv": [3, 10, 4, 13], "texture": "#0"},
				"west": {"uv": [2, 10, 3, 13], "texture": "#0"},
				"up": {"uv": [2, 10, 1, 8], "texture": "#0"},
				"down": {"uv": [3, 8, 2, 10], "texture": "#0"}
			}
		}
	],
	"display": {
		"thirdperson_righthand": {
			"rotation": [90, 0, 0],
			"translation": [3.75, -6, -2.5],
			"scale": [0.5, 0.5, 0.5]
		},
		"thirdperson_lefthand": {
			"rotation": [90, 0, 0],
			"translation": [-3.75, -6, -2.5],
			"scale": [0.5, 0.5, 0.5]
		},
		"firstperson_righthand": {
			"rotation": [0, 86, 0],
			"translation": [24, 0, -7.25]
		},
		"firstperson_lefthand": {
			"rotation": [0, 86, 0],
			"translation": [24, 0, 7.25]
		},
		"ground": {
			"translation": [3.5, 0, 5],
			"scale": [0.5, 0.5, 0.5]
		},
		"gui": {
			"rotation": [10, 154, 0],
			"translation": [-3.25, 2.75, 0]
		},
		"head": {
			"translation": [6.5, 12.75, 6],
			"scale": [0.8, 0.8, 0.8]
		},
		"fixed": {
			"rotation": [-90, -180, 0],
			"translation": [-8, -8, -7.5]
		}
	},
	"groups": [
		{
			"name": "body",
			"origin": [0, 13, 2],
			"color": 0,
			"children": [0]
		},
		{
			"name": "head",
			"origin": [0, 12, -6],
			"color": 0,
			"children": [1, 2]
		},
		{
			"name": "leg1",
			"origin": [3, 6, 7],
			"color": 0,
			"children": [3]
		},
		{
			"name": "leg2",
			"origin": [-3, 6, 7],
			"color": 0,
			"children": [4]
		},
		{
			"name": "leg3",
			"origin": [3, 6, -5],
			"color": 0,
			"children": [5]
		},
		{
			"name": "leg4",
			"origin": [-3, 6, -5],
			"color": 0,
			"children": [6]
		}
	]
}