{
	"credit": "Made with Blockbench",
	"texture_size": [64, 64],
	"textures": {
		"0": "default/purplemushroomplushietext",
		"particle": "default/purplemushroomplushietext"
	},
	"elements": [
		{
			"from": [9, 0, 7],
			"to": [11, 2, 9],
			"faces": {
				"north": {"uv": [3, 7, 3.5, 7.5], "texture": "#0"},
				"east": {"uv": [7, 4.5, 7.5, 5], "texture": "#0"},
				"south": {"uv": [7, 5, 7.5, 5.5], "texture": "#0"},
				"west": {"uv": [7, 5.5, 7.5, 6], "texture": "#0"},
				"up": {"uv": [7.5, 6.5, 7, 6], "texture": "#0"},
				"down": {"uv": [7.5, 6.5, 7, 7], "texture": "#0"}
			}
		},
		{
			"from": [11, 3, 7],
			"to": [13, 5, 9],
			"rotation": {"angle": 0, "axis": "y", "origin": [12, 4, 8]},
			"faces": {
				"north": {"uv": [7, 5, 7.5, 5.5], "rotation": 270, "texture": "#0"},
				"east": {"uv": [7.5, 6.5, 7, 6], "rotation": 270, "texture": "#0"},
				"south": {"uv": [3, 7, 3.5, 7.5], "rotation": 90, "texture": "#0"},
				"west": {"uv": [7.5, 6.5, 7, 7], "rotation": 270, "texture": "#0"},
				"up": {"uv": [7, 4.5, 7.5, 5], "rotation": 90, "texture": "#0"},
				"down": {"uv": [7, 5.5, 7.5, 6], "rotation": 90, "texture": "#0"}
			}
		},
		{
			"from": [3, 3, 7],
			"to": [5, 5, 9],
			"faces": {
				"north": {"uv": [3, 7, 3.5, 7.5], "texture": "#0"},
				"east": {"uv": [7, 4.5, 7.5, 5], "texture": "#0"},
				"south": {"uv": [7, 5, 7.5, 5.5], "texture": "#0"},
				"west": {"uv": [7, 5.5, 7.5, 6], "texture": "#0"},
				"up": {"uv": [7.5, 6.5, 7, 6], "texture": "#0"},
				"down": {"uv": [7.5, 6.5, 7, 7], "texture": "#0"}
			}
		},
		{
			"from": [5, 2, 5],
			"to": [11, 6, 11],
			"faces": {
				"north": {"uv": [1.5, 7, 3, 8], "texture": "#0"},
				"east": {"uv": [7, 1.5, 8.5, 2.5], "texture": "#0"},
				"south": {"uv": [7, 2.5, 8.5, 3.5], "texture": "#0"},
				"west": {"uv": [7, 3.5, 8.5, 4.5], "texture": "#0"},
				"up": {"uv": [1.5, 8.5, 0, 7], "texture": "#0"},
				"down": {"uv": [8.5, 0, 7, 1.5], "texture": "#0"}
			}
		},
		{
			"from": [1, 6, 1],
			"to": [15, 9, 15],
			"faces": {
				"north": {"uv": [0, 0, 3.5, 2], "texture": "#0"},
				"east": {"uv": [3.5, 3, 7, 5], "texture": "#0"},
				"south": {"uv": [3.5, 4, 7, 6.25], "texture": "#0"},
				"west": {"uv": [3.5, 6, 7, 8], "texture": "#0"},
				"up": {"uv": [3.5, 3.5, 0, 0], "texture": "#0"},
				"down": {"uv": [3.5, 3.5, 0, 7], "texture": "#0"}
			}
		},
		{
			"from": [2, 9, 2],
			"to": [14, 12, 14],
			"faces": {
				"north": {"uv": [3.25, 1.75, 6.75, 3.75], "texture": "#0"},
				"east": {"uv": [3.5, 1.5, 7, 3.5], "texture": "#0"},
				"south": {"uv": [2, 1, 5.5, 3], "texture": "#0"},
				"west": {"uv": [3.25, 0.25, 6.25, 2.25], "texture": "#0"},
				"up": {"uv": [3.5, 3.5, 0, 0], "texture": "#0"},
				"down": {"uv": [3.5, 3.5, 0, 7], "texture": "#0"}
			}
		},
		{
			"from": [3, 12, 3],
			"to": [13, 15, 13],
			"faces": {
				"north": {"uv": [0.25, 0.25, 3.75, 2.25], "texture": "#0"},
				"east": {"uv": [2.25, 1.5, 5.75, 3.5], "texture": "#0"},
				"south": {"uv": [3.5, 4.75, 7, 6.75], "texture": "#0"},
				"west": {"uv": [2.75, 1.25, 6.25, 3.25], "texture": "#0"},
				"up": {"uv": [3.5, 3.5, 0, 0], "texture": "#0"},
				"down": {"uv": [3.5, 3.5, 0, 7], "texture": "#0"}
			}
		},
		{
			"from": [5, 0, 7],
			"to": [7, 2, 9],
			"faces": {
				"north": {"uv": [7, 7, 7.5, 7.5], "texture": "#0"},
				"east": {"uv": [3, 7.5, 3.5, 8], "texture": "#0"},
				"south": {"uv": [7.5, 4.5, 8, 5], "texture": "#0"},
				"west": {"uv": [7.5, 5, 8, 5.5], "texture": "#0"},
				"up": {"uv": [8, 6, 7.5, 5.5], "texture": "#0"},
				"down": {"uv": [8, 6, 7.5, 6.5], "texture": "#0"}
			}
		}
	],
	"display": {
		"thirdperson_righthand": {
			"rotation": [90, 0, 0],
			"translation": [0.5, -2, 13.5],
			"scale": [0.25, 0.25, 0.25]
		},
		"thirdperson_lefthand": {
			"rotation": [90, 0, 0],
			"translation": [0.5, -2, 13.5],
			"scale": [0.25, 0.25, 0.25]
		},
		"firstperson_righthand": {
			"rotation": [-16, 147, 0],
			"translation": [0, 5.75, 0],
			"scale": [0.5, 0.5, 0.5]
		},
		"firstperson_lefthand": {
			"rotation": [-16, 147, 0],
			"translation": [0, 5.75, 0],
			"scale": [0.5, 0.5, 0.5]
		},
		"ground": {
			"scale": [0.5, 0.5, 0.5]
		},
		"gui": {
			"rotation": [0, 180, 0]
		},
		"head": {
			"translation": [0, 14.25, -2.75]
		},
		"fixed": {
			"rotation": [-90, -180, 0],
			"translation": [0, 0, -8]
		}
	},
	"groups": [
		{
			"name": "group",
			"origin": [8, 8, 8],
			"color": 0,
			"children": [0, 1, 2, 3, 4, 5, 6, 7]
		}
	]
}