{
	"credit": "Made with Blockbench",
	"texture_size": [32, 32],
	"textures": {
		"0": "default/redparrotplushietext"
	},
	"elements": [
		{
			"name": "head",
			"from": [-1, 6.5, -1.5],
			"to": [1, 9.5, 0.5],
			"faces": {
				"north": {"uv": [2, 2, 3, 3.5], "texture": "#0"},
				"east": {"uv": [1, 2, 2, 3.5], "texture": "#0"},
				"south": {"uv": [4, 2, 5, 3.5], "texture": "#0"},
				"west": {"uv": [3, 2, 4, 3.5], "texture": "#0"},
				"up": {"uv": [3, 2, 2, 1], "texture": "#0"},
				"down": {"uv": [4, 1, 3, 2], "texture": "#0"}
			}
		},
		{
			"name": "head",
			"from": [-1, 9.5, -3.5],
			"to": [1, 10.5, 0.5],
			"faces": {
				"north": {"uv": [7, 2, 8, 2.5], "texture": "#0"},
				"east": {"uv": [5, 2, 7, 2.5], "texture": "#0"},
				"south": {"uv": [10, 2, 11, 2.5], "texture": "#0"},
				"west": {"uv": [8, 2, 10, 2.5], "texture": "#0"},
				"up": {"uv": [8, 2, 7, 0], "texture": "#0"},
				"down": {"uv": [9, 0, 8, 2], "texture": "#0"}
			}
		},
		{
			"name": "head",
			"from": [-0.5, 7.5, -2.5],
			"to": [0.5, 9.5, -1.5],
			"faces": {
				"north": {"uv": [6, 4, 6.5, 5], "texture": "#0"},
				"east": {"uv": [5.5, 4, 6, 5], "texture": "#0"},
				"south": {"uv": [7, 4, 7.5, 5], "texture": "#0"},
				"west": {"uv": [6.5, 4, 7, 5], "texture": "#0"},
				"up": {"uv": [6.5, 4, 6, 3.5], "texture": "#0"},
				"down": {"uv": [7, 3.5, 6.5, 4], "texture": "#0"}
			}
		},
		{
			"name": "head",
			"from": [-0.49, 7.76, -3.44],
			"to": [0.49, 9.74, -2.46],
			"faces": {
				"north": {"uv": [8.5, 4, 9, 5], "texture": "#0"},
				"east": {"uv": [8, 4, 8.5, 5], "texture": "#0"},
				"south": {"uv": [9.5, 4, 10, 5], "texture": "#0"},
				"west": {"uv": [9, 4, 9.5, 5], "texture": "#0"},
				"up": {"uv": [9, 4, 8.5, 3.5], "texture": "#0"},
				"down": {"uv": [9.5, 3.5, 9, 4], "texture": "#0"}
			}
		},
		{
			"name": "feather",
			"from": [0, 9.5, -2.5],
			"to": [0, 14.5, 1.5],
			"faces": {
				"north": {"uv": [3, 11, 3, 13.5], "texture": "#0"},
				"east": {"uv": [1, 11, 3, 13.5], "texture": "#0"},
				"south": {"uv": [5, 11, 5, 13.5], "texture": "#0"},
				"west": {"uv": [3, 11, 5, 13.5], "texture": "#0"},
				"up": {"uv": [3, 11, 3, 9], "texture": "#0"},
				"down": {"uv": [3, 9, 3, 11], "texture": "#0"}
			}
		},
		{
			"name": "feather inverted",
			"from": [0, 14.5, 1.5],
			"to": [0, 9.5, -2.5],
			"faces": {
				"north": {"uv": [5, 13.5, 5, 11], "texture": "#0"},
				"east": {"uv": [3, 13.5, 5, 11], "texture": "#0"},
				"south": {"uv": [3, 13.5, 3, 11], "texture": "#0"},
				"west": {"uv": [1, 13.5, 3, 11], "texture": "#0"},
				"up": {"uv": [3, 9, 3, 11], "texture": "#0"},
				"down": {"uv": [3, 11, 3, 9], "texture": "#0"}
			}
		},
		{
			"name": "body",
			"from": [-1.5, 1.5, -2.5],
			"to": [1.5, 7.5, 0.5],
			"faces": {
				"north": {"uv": [2.5, 5.5, 4, 8.5], "texture": "#0"},
				"east": {"uv": [1, 5.5, 2.5, 8.5], "texture": "#0"},
				"south": {"uv": [5.5, 5.5, 7, 8.5], "texture": "#0"},
				"west": {"uv": [4, 5.5, 5.5, 8.5], "texture": "#0"},
				"up": {"uv": [4, 5.5, 2.5, 4], "texture": "#0"},
				"down": {"uv": [5.5, 4, 4, 5.5], "texture": "#0"}
			}
		},
		{
			"name": "left_wing_rotation",
			"from": [-2, 2.1, -2.3],
			"to": [-1, 7.1, 0.7],
			"faces": {
				"north": {"uv": [11, 5.5, 11.5, 8], "texture": "#0"},
				"east": {"uv": [9.5, 5.5, 11, 8], "texture": "#0"},
				"south": {"uv": [13, 5.5, 13.5, 8], "texture": "#0"},
				"west": {"uv": [11.5, 5.5, 13, 8], "texture": "#0"},
				"up": {"uv": [11.5, 5.5, 11, 4], "texture": "#0"},
				"down": {"uv": [12, 4, 11.5, 5.5], "texture": "#0"}
			}
		},
		{
			"name": "right_wing_rotation",
			"from": [1, 2.1, -2.3],
			"to": [2, 7.1, 0.7],
			"faces": {
				"north": {"uv": [11, 5.5, 11.5, 8], "texture": "#0"},
				"east": {"uv": [9.5, 5.5, 11, 8], "texture": "#0"},
				"south": {"uv": [13, 5.5, 13.5, 8], "texture": "#0"},
				"west": {"uv": [11.5, 5.5, 13, 8], "texture": "#0"},
				"up": {"uv": [11.5, 5.5, 11, 4], "texture": "#0"},
				"down": {"uv": [12, 4, 11.5, 5.5], "texture": "#0"}
			}
		},
		{
			"name": "left_leg",
			"from": [0.5, 0, -1.5],
			"to": [1.5, 2, -0.5],
			"faces": {
				"north": {"uv": [7.5, 9.5, 8, 10.5], "texture": "#0"},
				"east": {"uv": [7, 9.5, 7.5, 10.5], "texture": "#0"},
				"south": {"uv": [8.5, 9.5, 9, 10.5], "texture": "#0"},
				"west": {"uv": [8, 9.5, 8.5, 10.5], "texture": "#0"},
				"up": {"uv": [8, 9.5, 7.5, 9], "texture": "#0"},
				"down": {"uv": [8.5, 9, 8, 9.5], "texture": "#0"}
			}
		},
		{
			"name": "left_leg inverted",
			"from": [1.5, 2, -0.5],
			"to": [0.5, 0, -1.5],
			"faces": {
				"north": {"uv": [8.5, 10.5, 9, 9.5], "texture": "#0"},
				"east": {"uv": [8, 10.5, 8.5, 9.5], "texture": "#0"},
				"south": {"uv": [7.5, 10.5, 8, 9.5], "texture": "#0"},
				"west": {"uv": [7, 10.5, 7.5, 9.5], "texture": "#0"},
				"up": {"uv": [8, 9, 8.5, 9.5], "texture": "#0"},
				"down": {"uv": [7.5, 9.5, 8, 9], "texture": "#0"}
			}
		},
		{
			"name": "right_leg",
			"from": [-1.5, 0, -1.5],
			"to": [-0.5, 2, -0.5],
			"faces": {
				"north": {"uv": [7.5, 9.5, 8, 10.5], "texture": "#0"},
				"east": {"uv": [7, 9.5, 7.5, 10.5], "texture": "#0"},
				"south": {"uv": [8.5, 9.5, 9, 10.5], "texture": "#0"},
				"west": {"uv": [8, 9.5, 8.5, 10.5], "texture": "#0"},
				"up": {"uv": [8, 9.5, 7.5, 9], "texture": "#0"},
				"down": {"uv": [8.5, 9, 8, 9.5], "texture": "#0"}
			}
		},
		{
			"name": "right_leg inverted",
			"from": [-0.5, 2, -0.5],
			"to": [-1.5, 0, -1.5],
			"faces": {
				"north": {"uv": [8.5, 10.5, 9, 9.5], "texture": "#0"},
				"east": {"uv": [8, 10.5, 8.5, 9.5], "texture": "#0"},
				"south": {"uv": [7.5, 10.5, 8, 9.5], "texture": "#0"},
				"west": {"uv": [7, 10.5, 7.5, 9.5], "texture": "#0"},
				"up": {"uv": [8, 9, 8.5, 9.5], "texture": "#0"},
				"down": {"uv": [7.5, 9.5, 8, 9], "texture": "#0"}
			}
		},
		{
			"name": "tail",
			"from": [-1.5, -0.1, 0.2],
			"to": [1.5, 3.9, 1.2],
			"faces": {
				"north": {"uv": [11.5, 1, 13, 3], "texture": "#0"},
				"east": {"uv": [11, 1, 11.5, 3], "texture": "#0"},
				"south": {"uv": [13.5, 1, 15, 3], "texture": "#0"},
				"west": {"uv": [13, 1, 13.5, 3], "texture": "#0"},
				"up": {"uv": [13, 1, 11.5, 0.5], "texture": "#0"},
				"down": {"uv": [14.5, 0.5, 13, 1], "texture": "#0"}
			}
		}
	],
	"display": {
		"thirdperson_righthand": {
			"translation": [8, 1, 8.25]
		},
		"thirdperson_lefthand": {
			"translation": [-8, 1, 8.25]
		},
		"firstperson_righthand": {
			"translation": [19, 0, 0]
		},
		"firstperson_lefthand": {
			"translation": [0.75, 0, 0]
		},
		"ground": {
			"translation": [8.75, 0, 9]
		},
		"gui": {
			"rotation": [0, 147, 0],
			"translation": [-1.75, 1, 0]
		},
		"head": {
			"translation": [8, 14.5, 3.5]
		},
		"fixed": {
			"rotation": [-90, -180, 0],
			"translation": [-8, -8, -8]
		}
	},
	"groups": [
		{
			"name": "all",
			"origin": [8, 8, 8],
			"color": 0,
			"children": [
				{
					"name": "head",
					"origin": [0, 8, -0.5],
					"color": 0,
					"children": [
						0,
						1,
						2,
						3,
						{
							"name": "feather",
							"origin": [0, 9.5, -2.5],
							"color": 0,
							"children": [4, 5]
						}
					]
				},
				{
					"name": "body",
					"origin": [0, 7.5, -1],
					"color": 0,
					"children": [6]
				},
				{
					"name": "left_wing",
					"origin": [-1.5, 7.1, -0.8],
					"color": 0,
					"children": [
						{
							"name": "left_wing_rotation",
							"origin": [-1.5, 4.6, -0.8],
							"color": 0,
							"children": [7]
						}
					]
				},
				{
					"name": "right_wing",
					"origin": [1.5, 7.1, -0.8],
					"color": 0,
					"children": [
						{
							"name": "right_wing_rotation",
							"origin": [1.5, 4.6, -0.8],
							"color": 0,
							"children": [8]
						}
					]
				},
				{
					"name": "left_leg",
					"origin": [-1, 2, -1],
					"color": 0,
					"children": [9, 10]
				},
				{
					"name": "right_leg",
					"origin": [1, 2, -1],
					"color": 0,
					"children": [11, 12]
				},
				{
					"name": "tail",
					"origin": [0, 2.9, 1.2],
					"color": 0,
					"children": [13]
				}
			]
		}
	]
}