{
	"credit": "Made with Blockbench",
	"texture_size": [64, 32],
	"textures": {
		"0": "default/sheep",
		"1": "default/sheep_wool"
	},
	"elements": [
		{
			"name": "rotation",
			"from": [-4, 12, -7],
			"to": [4, 18, 9],
			"rotation": {"angle": 0, "axis": "y", "origin": [0, 21, -2]},
			"faces": {
				"north": {"uv": [10.5, 7, 8.5, 4], "rotation": 180, "texture": "#0"},
				"east": {"uv": [7, 7, 8.5, 15], "rotation": 90, "texture": "#0"},
				"south": {"uv": [12.5, 4, 10.5, 7], "texture": "#0"},
				"west": {"uv": [10.5, 7, 12, 15], "rotation": 270, "texture": "#0"},
				"up": {"uv": [12, 7, 14, 15], "texture": "#0"},
				"down": {"uv": [8.5, 7, 10.5, 15], "rotation": 180, "texture": "#0"}
			}
		},
		{
			"name": "head",
			"from": [-3, 16, -14],
			"to": [3, 22, -6],
			"faces": {
				"north": {"uv": [2, 4, 3.5, 7], "texture": "#0"},
				"east": {"uv": [0, 4, 2, 7], "texture": "#0"},
				"south": {"uv": [5.5, 4, 7, 7], "texture": "#0"},
				"west": {"uv": [3.5, 4, 5.5, 7], "texture": "#0"},
				"up": {"uv": [3.5, 4, 2, 0], "texture": "#0"},
				"down": {"uv": [5, 0, 3.5, 4], "texture": "#0"}
			}
		},
		{
			"name": "leg1",
			"from": [1, 0, 5],
			"to": [5, 12, 9],
			"faces": {
				"north": {"uv": [1, 10, 2, 16], "texture": "#0"},
				"east": {"uv": [0, 10, 1, 16], "texture": "#0"},
				"south": {"uv": [3, 10, 4, 16], "texture": "#0"},
				"west": {"uv": [2, 10, 3, 16], "texture": "#0"},
				"up": {"uv": [2, 10, 1, 8], "texture": "#0"},
				"down": {"uv": [3, 8, 2, 10], "texture": "#0"}
			}
		},
		{
			"name": "leg2",
			"from": [-5, 0, 5],
			"to": [-1, 12, 9],
			"faces": {
				"north": {"uv": [1, 10, 2, 16], "texture": "#0"},
				"east": {"uv": [0, 10, 1, 16], "texture": "#0"},
				"south": {"uv": [3, 10, 4, 16], "texture": "#0"},
				"west": {"uv": [2, 10, 3, 16], "texture": "#0"},
				"up": {"uv": [2, 10, 1, 8], "texture": "#0"},
				"down": {"uv": [3, 8, 2, 10], "texture": "#0"}
			}
		},
		{
			"name": "leg3",
			"from": [1, 0, -7],
			"to": [5, 12, -3],
			"faces": {
				"north": {"uv": [1, 10, 2, 16], "texture": "#0"},
				"east": {"uv": [0, 10, 1, 16], "texture": "#0"},
				"south": {"uv": [3, 10, 4, 16], "texture": "#0"},
				"west": {"uv": [2, 10, 3, 16], "texture": "#0"},
				"up": {"uv": [2, 10, 1, 8], "texture": "#0"},
				"down": {"uv": [3, 8, 2, 10], "texture": "#0"}
			}
		},
		{
			"name": "leg4",
			"from": [-5, 0, -7],
			"to": [-1, 12, -3],
			"faces": {
				"north": {"uv": [1, 10, 2, 16], "texture": "#0"},
				"east": {"uv": [0, 10, 1, 16], "texture": "#0"},
				"south": {"uv": [3, 10, 4, 16], "texture": "#0"},
				"west": {"uv": [2, 10, 3, 16], "texture": "#0"},
				"up": {"uv": [2, 10, 1, 8], "texture": "#0"},
				"down": {"uv": [3, 8, 2, 10], "texture": "#0"}
			}
		},
		{
			"name": "rotation",
			"from": [-5.75, 11.25, -8.75],
			"to": [5.75, 20.75, 10.75],
			"rotation": {"angle": 0, "axis": "y", "origin": [0, 21, 20]},
			"faces": {
				"north": {"uv": [10.5, 7, 8.5, 4], "rotation": 180, "texture": "#1"},
				"east": {"uv": [7, 7, 8.5, 15], "rotation": 90, "texture": "#1"},
				"south": {"uv": [12.5, 4, 10.5, 7], "texture": "#1"},
				"west": {"uv": [10.5, 7, 12, 15], "rotation": 270, "texture": "#1"},
				"up": {"uv": [12, 7, 14, 15], "texture": "#1"},
				"down": {"uv": [8.5, 7, 10.5, 15], "rotation": 180, "texture": "#1"}
			}
		},
		{
			"name": "head",
			"from": [-3.6, 15.4, -12.6],
			"to": [3.6, 22.6, -5.4],
			"faces": {
				"north": {"uv": [1.5, 3, 3, 6], "texture": "#1"},
				"east": {"uv": [0, 3, 1.5, 6], "texture": "#1"},
				"south": {"uv": [4.5, 3, 6, 6], "texture": "#1"},
				"west": {"uv": [3, 3, 4.5, 6], "texture": "#1"},
				"up": {"uv": [3, 3, 1.5, 0], "texture": "#1"},
				"down": {"uv": [4.5, 0, 3, 3], "texture": "#1"}
			}
		},
		{
			"name": "leg1",
			"from": [0.5, 4.5, 4.5],
			"to": [5.5, 11.5, 9.5],
			"faces": {
				"north": {"uv": [1, 10, 2, 13], "texture": "#1"},
				"east": {"uv": [0, 10, 1, 13], "texture": "#1"},
				"south": {"uv": [3, 10, 4, 13], "texture": "#1"},
				"west": {"uv": [2, 10, 3, 13], "texture": "#1"},
				"up": {"uv": [2, 10, 1, 8], "texture": "#1"},
				"down": {"uv": [3, 8, 2, 10], "texture": "#1"}
			}
		},
		{
			"name": "leg2",
			"from": [-5.5, 4.5, 4.5],
			"to": [-0.5, 11.5, 9.5],
			"faces": {
				"north": {"uv": [1, 10, 2, 13], "texture": "#1"},
				"east": {"uv": [0, 10, 1, 13], "texture": "#1"},
				"south": {"uv": [3, 10, 4, 13], "texture": "#1"},
				"west": {"uv": [2, 10, 3, 13], "texture": "#1"},
				"up": {"uv": [2, 10, 1, 8], "texture": "#1"},
				"down": {"uv": [3, 8, 2, 10], "texture": "#1"}
			}
		},
		{
			"name": "leg3",
			"from": [0.5, 4.5, -7.5],
			"to": [5.5, 11.5, -2.5],
			"faces": {
				"north": {"uv": [1, 10, 2, 13], "texture": "#1"},
				"east": {"uv": [0, 10, 1, 13], "texture": "#1"},
				"south": {"uv": [3, 10, 4, 13], "texture": "#1"},
				"west": {"uv": [2, 10, 3, 13], "texture": "#1"},
				"up": {"uv": [2, 10, 1, 8], "texture": "#1"},
				"down": {"uv": [3, 8, 2, 10], "texture": "#1"}
			}
		},
		{
			"name": "leg4",
			"from": [-5.5, 4.5, -7.5],
			"to": [-0.5, 11.5, -2.5],
			"faces": {
				"north": {"uv": [1, 10, 2, 13], "texture": "#1"},
				"east": {"uv": [0, 10, 1, 13], "texture": "#1"},
				"south": {"uv": [3, 10, 4, 13], "texture": "#1"},
				"west": {"uv": [2, 10, 3, 13], "texture": "#1"},
				"up": {"uv": [2, 10, 1, 8], "texture": "#1"},
				"down": {"uv": [3, 8, 2, 10], "texture": "#1"}
			}
		}
	],
	"display": {
		"thirdperson_righthand": {
			"rotation": [90, 0, 0],
			"translation": [4, -5.5, -5.25],
			"scale": [0.5, 0.5, 0.5]
		},
		"thirdperson_lefthand": {
			"rotation": [90, 0, 0],
			"translation": [-4, -5.5, -5.25],
			"scale": [0.5, 0.5, 0.5]
		},
		"firstperson_righthand": {
			"rotation": [0, 115, 0],
			"translation": [-1, 3.5, 2],
			"scale": [0.25, 0.25, 0.25]
		},
		"firstperson_lefthand": {
			"rotation": [0, 115, 0],
			"translation": [0, 3.5, 5.75],
			"scale": [0.25, 0.25, 0.25]
		},
		"ground": {
			"translation": [4, 0, 4],
			"scale": [0.5, 0.5, 0.5]
		},
		"gui": {
			"rotation": [24, 139, 0],
			"translation": [-0.5, 1, 0],
			"scale": [0.5, 0.5, 0.5]
		},
		"head": {
			"translation": [3.75, 10.25, 3.5],
			"scale": [0.5, 0.5, 0.5]
		},
		"fixed": {
			"rotation": [-90, -180, 0],
			"translation": [-8, -8, -8]
		}
	},
	"groups": [
		{
			"name": "all",
			"origin": [0, 0, 0],
			"color": 0,
			"children": [
				{
					"name": "body",
					"origin": [0, 19, 2],
					"color": 0,
					"children": [
						{
							"name": "rotation",
							"origin": [0, 19, 2],
							"color": 0,
							"children": [0]
						}
					]
				},
				{
					"name": "head",
					"origin": [0, 18, -8],
					"color": 0,
					"children": [1]
				},
				{
					"name": "leg1",
					"origin": [3, 12, 7],
					"color": 0,
					"children": [2]
				},
				{
					"name": "leg2",
					"origin": [-3, 12, 7],
					"color": 0,
					"children": [3]
				},
				{
					"name": "leg3",
					"origin": [3, 12, -5],
					"color": 0,
					"children": [4]
				},
				{
					"name": "leg4",
					"origin": [-3, 12, -5],
					"color": 0,
					"children": [5]
				}
			]
		},
		{
			"name": "all2",
			"origin": [0, 0, 0],
			"color": 0,
			"children": [
				{
					"name": "body",
					"origin": [0, 19, 2],
					"color": 0,
					"children": [
						{
							"name": "rotation",
							"origin": [0, 19, 2],
							"color": 0,
							"children": [6]
						}
					]
				},
				{
					"name": "head",
					"origin": [0, 18, -8],
					"color": 0,
					"children": [7]
				},
				{
					"name": "leg1",
					"origin": [3, 12, 7],
					"color": 0,
					"children": [8]
				},
				{
					"name": "leg2",
					"origin": [-3, 12, 7],
					"color": 0,
					"children": [9]
				},
				{
					"name": "leg3",
					"origin": [3, 12, -5],
					"color": 0,
					"children": [10]
				},
				{
					"name": "leg4",
					"origin": [-3, 12, -5],
					"color": 0,
					"children": [11]
				}
			]
		}
	]
}