{
	"credit": "Made with Blockbench",
	"texture_size": [64, 64],
	"textures": {
		"0": "default/shulkerplushtext"
	},
	"elements": [
		{
			"name": "lid",
			"from": [0, 7, 0],
			"to": [16, 19, 16],
			"rotation": {"angle": 0, "axis": "y", "origin": [8, 3, 8]},
			"faces": {
				"north": {"uv": [4, 4, 8, 7], "texture": "#0"},
				"east": {"uv": [0, 4, 4, 7], "texture": "#0"},
				"south": {"uv": [12, 4, 16, 7], "texture": "#0"},
				"west": {"uv": [8, 4, 12, 7], "texture": "#0"},
				"up": {"uv": [8, 4, 4, 0], "texture": "#0"},
				"down": {"uv": [12, 0, 8, 4], "texture": "#0"}
			}
		},
		{
			"name": "base",
			"from": [0, 0, 0],
			"to": [16, 8, 16],
			"rotation": {"angle": 0, "axis": "y", "origin": [8, 0, 8]},
			"faces": {
				"north": {"uv": [4, 11, 8, 13], "texture": "#0"},
				"east": {"uv": [0, 11, 4, 13], "texture": "#0"},
				"south": {"uv": [12, 11, 16, 13], "texture": "#0"},
				"west": {"uv": [8, 11, 12, 13], "texture": "#0"},
				"up": {"uv": [8, 11, 4, 7], "texture": "#0"},
				"down": {"uv": [12, 7, 8, 11], "texture": "#0"}
			}
		},
		{
			"name": "head",
			"from": [5, 6, 5],
			"to": [11, 12, 11],
			"rotation": {"angle": 0, "axis": "y", "origin": [8, 0, 8]},
			"faces": {
				"north": {"uv": [1.5, 14.5, 3, 16], "texture": "#0"},
				"east": {"uv": [0, 14.5, 1.5, 16], "texture": "#0"},
				"south": {"uv": [4.5, 14.5, 6, 16], "texture": "#0"},
				"west": {"uv": [3, 14.5, 4.5, 16], "texture": "#0"},
				"up": {"uv": [3, 14.5, 1.5, 13], "texture": "#0"},
				"down": {"uv": [4.5, 13, 3, 14.5], "texture": "#0"}
			}
		}
	],
	"display": {
		"thirdperson_righthand": {
			"rotation": [110, 0, 0],
			"translation": [0, -0.25, -0.5],
			"scale": [0.25, 0.25, 0.25]
		},
		"thirdperson_lefthand": {
			"rotation": [110, 0, 0],
			"translation": [0, -0.25, -0.5],
			"scale": [0.25, 0.25, 0.25]
		},
		"firstperson_righthand": {
			"rotation": [0, 151, 0],
			"translation": [0, 5.75, 0.5],
			"scale": [0.25, 0.25, 0.25]
		},
		"firstperson_lefthand": {
			"rotation": [0, 151, 0],
			"translation": [0, 5.75, 0.5],
			"scale": [0.25, 0.25, 0.25]
		},
		"ground": {
			"rotation": [90, 0, 0],
			"translation": [0, 6.25, 3],
			"scale": [0.55, 0.4, 0.5]
		},
		"head": {
			"translation": [0.25, 7.25, -1.75],
			"scale": [0.5, 0.5, 0.5]
		},
		"fixed": {
			"rotation": [-90, 0, 0],
			"translation": [0, 0, -8.25]
		}
	},
	"groups": [
		{
			"name": "lid",
			"origin": [8, 0, 8],
			"color": 0,
			"children": [0]
		},
		{
			"name": "base",
			"origin": [8, 0, 8],
			"color": 0,
			"children": [1]
		},
		{
			"name": "head",
			"origin": [8, 12, 8],
			"color": 0,
			"children": [2]
		}
	]
}