{
	"credit": "Made with Blockbench",
	"texture_size": [64, 64],
	"textures": {
		"1": "default/sickpandaplushietext",
		"particle": "default/sickpandaplushietext"
	},
	"elements": [
		{
			"name": "leg1",
			"from": [2.5, 0, 18],
			"to": [8.5, 9, 24],
			"rotation": {"angle": 0, "axis": "y", "origin": [0, 0, 12]},
			"faces": {
				"north": {"uv": [11.5, 1.5, 13, 3.75], "texture": "#1"},
				"east": {"uv": [10, 1.5, 11.5, 3.75], "texture": "#1"},
				"south": {"uv": [14.5, 1.5, 16, 3.75], "texture": "#1"},
				"west": {"uv": [13, 1.5, 14.5, 3.75], "texture": "#1"},
				"up": {"uv": [13, 1.5, 11.5, 0], "texture": "#1"},
				"down": {"uv": [14.5, 0, 13, 1.5], "texture": "#1"}
			}
		},
		{
			"name": "leg2",
			"from": [-8.5, 0, 18],
			"to": [-2.5, 9, 24],
			"rotation": {"angle": 0, "axis": "y", "origin": [0, 0, 12]},
			"faces": {
				"north": {"uv": [11.5, 1.5, 13, 3.75], "texture": "#1"},
				"east": {"uv": [10, 1.5, 11.5, 3.75], "texture": "#1"},
				"south": {"uv": [14.5, 1.5, 16, 3.75], "texture": "#1"},
				"west": {"uv": [13, 1.5, 14.5, 3.75], "texture": "#1"},
				"up": {"uv": [13, 1.5, 11.5, 0], "texture": "#1"},
				"down": {"uv": [14.5, 0, 13, 1.5], "texture": "#1"}
			}
		},
		{
			"name": "leg3",
			"from": [2.5, 0, 0],
			"to": [8.5, 9, 6],
			"rotation": {"angle": 0, "axis": "y", "origin": [0, 0, 12]},
			"faces": {
				"north": {"uv": [11.5, 1.5, 13, 3.75], "texture": "#1"},
				"east": {"uv": [10, 1.5, 11.5, 3.75], "texture": "#1"},
				"south": {"uv": [14.5, 1.5, 16, 3.75], "texture": "#1"},
				"west": {"uv": [13, 1.5, 14.5, 3.75], "texture": "#1"},
				"up": {"uv": [13, 1.5, 11.5, 0], "texture": "#1"},
				"down": {"uv": [14.5, 0, 13, 1.5], "texture": "#1"}
			}
		},
		{
			"name": "leg4",
			"from": [-8.5, 0, 0],
			"to": [-2.5, 9, 6],
			"rotation": {"angle": 0, "axis": "y", "origin": [0, 0, 12]},
			"faces": {
				"north": {"uv": [11.5, 1.5, 13, 3.75], "texture": "#1"},
				"east": {"uv": [10, 1.5, 11.5, 3.75], "texture": "#1"},
				"south": {"uv": [14.5, 1.5, 16, 3.75], "texture": "#1"},
				"west": {"uv": [13, 1.5, 14.5, 3.75], "texture": "#1"},
				"up": {"uv": [13, 1.5, 11.5, 0], "texture": "#1"},
				"down": {"uv": [14.5, 0, 13, 1.5], "texture": "#1"}
			}
		},
		{
			"name": "rotation",
			"from": [-9.5, 8.5, -2],
			"to": [9.5, 21.5, 24],
			"rotation": {"angle": 0, "axis": "y", "origin": [0, 2, 0]},
			"faces": {
				"north": {"uv": [8, 9.5, 3.25, 6.25], "rotation": 180, "texture": "#1"},
				"east": {"uv": [0, 9.5, 3.25, 16], "rotation": 90, "texture": "#1"},
				"south": {"uv": [12.75, 6.25, 8, 9.5], "texture": "#1"},
				"west": {"uv": [8, 9.5, 11.25, 16], "rotation": 270, "texture": "#1"},
				"up": {"uv": [11.25, 9.5, 16, 16], "texture": "#1"},
				"down": {"uv": [3.25, 9.5, 8, 16], "rotation": 180, "texture": "#1"}
			}
		},
		{
			"name": "head",
			"from": [-6.5, 8.5, -9],
			"to": [6.5, 18.5, 0],
			"rotation": {"angle": 0, "axis": "y", "origin": [0, 0, 12]},
			"faces": {
				"north": {"uv": [2.25, 3.75, 5.5, 6.25], "texture": "#1"},
				"east": {"uv": [0, 3.75, 2.25, 6.25], "texture": "#1"},
				"south": {"uv": [7.75, 3.75, 11, 6.25], "texture": "#1"},
				"west": {"uv": [5.5, 3.75, 7.75, 6.25], "texture": "#1"},
				"up": {"uv": [5.5, 3.75, 2.25, 1.5], "texture": "#1"},
				"down": {"uv": [8.75, 1.5, 5.5, 3.75], "texture": "#1"}
			}
		},
		{
			"name": "head",
			"from": [-3.5, 8.5, -11],
			"to": [3.5, 13.5, -9],
			"rotation": {"angle": 0, "axis": "y", "origin": [0, 0, 12]},
			"faces": {
				"north": {"uv": [11.75, 4.5, 13.5, 5.75], "texture": "#1"},
				"east": {"uv": [11.25, 4.5, 11.75, 5.75], "texture": "#1"},
				"south": {"uv": [14, 4.5, 15.75, 5.75], "texture": "#1"},
				"west": {"uv": [13.5, 4.5, 14, 5.75], "texture": "#1"},
				"up": {"uv": [13.5, 4.5, 11.75, 4], "texture": "#1"},
				"down": {"uv": [15.25, 4, 13.5, 4.5], "texture": "#1"}
			}
		},
		{
			"name": "head",
			"from": [3.5, 17.5, -6],
			"to": [8.5, 21.5, -5],
			"rotation": {"angle": 0, "axis": "y", "origin": [0, 0, 12]},
			"faces": {
				"north": {"uv": [13.25, 6.5, 14.5, 7.5], "texture": "#1"},
				"east": {"uv": [13, 6.5, 13.25, 7.5], "texture": "#1"},
				"south": {"uv": [14.75, 6.5, 16, 7.5], "texture": "#1"},
				"west": {"uv": [14.5, 6.5, 14.75, 7.5], "texture": "#1"},
				"up": {"uv": [14.5, 6.5, 13.25, 6.25], "texture": "#1"},
				"down": {"uv": [15.75, 6.25, 14.5, 6.5], "texture": "#1"}
			}
		},
		{
			"name": "head",
			"from": [-8.5, 17.5, -6],
			"to": [-3.5, 21.5, -5],
			"rotation": {"angle": 0, "axis": "y", "origin": [0, 0, 12]},
			"faces": {
				"north": {"uv": [13.25, 6.5, 14.5, 7.5], "texture": "#1"},
				"east": {"uv": [13, 6.5, 13.25, 7.5], "texture": "#1"},
				"south": {"uv": [14.75, 6.5, 16, 7.5], "texture": "#1"},
				"west": {"uv": [14.5, 6.5, 14.75, 7.5], "texture": "#1"},
				"up": {"uv": [14.5, 6.5, 13.25, 6.25], "texture": "#1"},
				"down": {"uv": [15.75, 6.25, 14.5, 6.5], "texture": "#1"}
			}
		}
	],
	"display": {
		"thirdperson_righthand": {
			"rotation": [90, 0, 0],
			"translation": [2, -1.25, 13.5],
			"scale": [0.2, 0.2, 0.2]
		},
		"thirdperson_lefthand": {
			"rotation": [90, 0, 0],
			"translation": [-1, -1.25, 13.75],
			"scale": [0.2, 0.2, 0.2]
		},
		"firstperson_righthand": {
			"rotation": [0, 106, 0],
			"translation": [0, 3.25, 0],
			"scale": [0.25, 0.25, 0.25]
		},
		"firstperson_lefthand": {
			"rotation": [0, 106, 0],
			"translation": [0, 3.25, 3.5],
			"scale": [0.25, 0.25, 0.25]
		},
		"ground": {
			"translation": [4, -1.75, 0],
			"scale": [0.25, 0.25, 0.25]
		},
		"gui": {
			"rotation": [0, 151, 0],
			"translation": [-4, -1.25, 0],
			"scale": [0.5, 0.5, 0.5]
		},
		"head": {
			"translation": [4, 10.5, -2],
			"scale": [0.5, 0.5, 0.5]
		},
		"fixed": {
			"rotation": [-90, -180, 0],
			"translation": [-8, 4, -8]
		}
	},
	"groups": [
		{
			"name": "all",
			"origin": [8, 8, 8],
			"color": 0,
			"children": [
				{
					"name": "leg1",
					"origin": [5.5, 9, 9],
					"color": 0,
					"children": [0]
				},
				{
					"name": "leg2",
					"origin": [-5.5, 9, 9],
					"color": 0,
					"children": [1]
				},
				{
					"name": "leg3",
					"origin": [5.5, 9, -9],
					"color": 0,
					"children": [2]
				},
				{
					"name": "leg4",
					"origin": [-5.5, 9, -9],
					"color": 0,
					"children": [3]
				},
				{
					"name": "body",
					"origin": [0, 14, 0],
					"color": 0,
					"children": [
						{
							"name": "rotation",
							"origin": [0, 14, 0],
							"color": 0,
							"children": [4]
						}
					]
				},
				{
					"name": "head",
					"origin": [0, 12.5, -17],
					"color": 0,
					"children": [5, 6, 7, 8]
				}
			]
		}
	]
}