{
	"credit": "Made with Blockbench",
	"texture_size": [64, 32],
	"textures": {
		"0": "default/silverfishplushietext"
	},
	"elements": [
		{
			"name": "body1",
			"from": [-1.5, 0, -8],
			"to": [1.5, 2, -6],
			"faces": {
				"north": {"uv": [0.5, 1, 1.25, 2], "texture": "#0"},
				"east": {"uv": [0, 1, 0.5, 2], "texture": "#0"},
				"south": {"uv": [1.75, 1, 2.5, 2], "texture": "#0"},
				"west": {"uv": [1.25, 1, 1.75, 2], "texture": "#0"},
				"up": {"uv": [1.25, 1, 0.5, 0], "texture": "#0"},
				"down": {"uv": [2, 0, 1.25, 1], "texture": "#0"}
			}
		},
		{
			"name": "body2",
			"from": [-2, 0, -6],
			"to": [2, 3, -4],
			"faces": {
				"north": {"uv": [0.5, 3, 1.5, 4.5], "texture": "#0"},
				"east": {"uv": [0, 3, 0.5, 4.5], "texture": "#0"},
				"south": {"uv": [2, 3, 3, 4.5], "texture": "#0"},
				"west": {"uv": [1.5, 3, 2, 4.5], "texture": "#0"},
				"up": {"uv": [1.5, 3, 0.5, 2], "texture": "#0"},
				"down": {"uv": [2.5, 2, 1.5, 3], "texture": "#0"}
			}
		},
		{
			"name": "body3",
			"from": [-3, 0, -4],
			"to": [3, 4, -1],
			"faces": {
				"north": {"uv": [0.75, 6, 2.25, 8], "texture": "#0"},
				"east": {"uv": [0, 6, 0.75, 8], "texture": "#0"},
				"south": {"uv": [3, 6, 4.5, 8], "texture": "#0"},
				"west": {"uv": [2.25, 6, 3, 8], "texture": "#0"},
				"up": {"uv": [2.25, 6, 0.75, 4.5], "texture": "#0"},
				"down": {"uv": [3.75, 4.5, 2.25, 6], "texture": "#0"}
			}
		},
		{
			"name": "body4",
			"from": [-1.5, 0, -1],
			"to": [1.5, 3, 2],
			"faces": {
				"north": {"uv": [0.75, 9.5, 1.5, 11], "texture": "#0"},
				"east": {"uv": [0, 9.5, 0.75, 11], "texture": "#0"},
				"south": {"uv": [2.25, 9.5, 3, 11], "texture": "#0"},
				"west": {"uv": [1.5, 9.5, 2.25, 11], "texture": "#0"},
				"up": {"uv": [1.5, 9.5, 0.75, 8], "texture": "#0"},
				"down": {"uv": [2.25, 8, 1.5, 9.5], "texture": "#0"}
			}
		},
		{
			"name": "body5",
			"from": [-1, 0, 2],
			"to": [1, 2, 5],
			"faces": {
				"north": {"uv": [0.75, 12.5, 1.25, 13.5], "texture": "#0"},
				"east": {"uv": [0, 12.5, 0.75, 13.5], "texture": "#0"},
				"south": {"uv": [2, 12.5, 2.5, 13.5], "texture": "#0"},
				"west": {"uv": [1.25, 12.5, 2, 13.5], "texture": "#0"},
				"up": {"uv": [1.25, 12.5, 0.75, 11], "texture": "#0"},
				"down": {"uv": [1.75, 11, 1.25, 12.5], "texture": "#0"}
			}
		},
		{
			"name": "body6",
			"from": [-1, 0, 5],
			"to": [1, 1, 7],
			"faces": {
				"north": {"uv": [3.25, 1, 3.75, 1.5], "texture": "#0"},
				"east": {"uv": [2.75, 1, 3.25, 1.5], "texture": "#0"},
				"south": {"uv": [4.25, 1, 4.75, 1.5], "texture": "#0"},
				"west": {"uv": [3.75, 1, 4.25, 1.5], "texture": "#0"},
				"up": {"uv": [3.75, 1, 3.25, 0], "texture": "#0"},
				"down": {"uv": [4.25, 0, 3.75, 1], "texture": "#0"}
			}
		},
		{
			"name": "body7",
			"from": [-0.5, 0, 7],
			"to": [0.5, 1, 9],
			"faces": {
				"north": {"uv": [3.75, 3, 4, 3.5], "texture": "#0"},
				"east": {"uv": [3.25, 3, 3.75, 3.5], "texture": "#0"},
				"south": {"uv": [4.5, 3, 4.75, 3.5], "texture": "#0"},
				"west": {"uv": [4, 3, 4.5, 3.5], "texture": "#0"},
				"up": {"uv": [4, 3, 3.75, 2], "texture": "#0"},
				"down": {"uv": [4.25, 2, 4, 3], "texture": "#0"}
			}
		},
		{
			"name": "wing1",
			"from": [-5, 0, -4],
			"to": [5, 8, -4],
			"faces": {
				"north": {"uv": [5.75, 1.5, 8.25, 5.5], "texture": "#0"},
				"east": {"uv": [5, 1.5, 5.75, 5.5], "texture": "#0"},
				"south": {"uv": [8.25, 1.5, 5.75, 5.5], "texture": "#0"},
				"west": {"uv": [8.25, 1.5, 9, 5.5], "texture": "#0"},
				"up": {"uv": [8.25, 1.5, 5.75, 0], "texture": "#0"},
				"down": {"uv": [10.75, 0, 8.25, 1.5], "texture": "#0"}
			}
		},
		{
			"name": "wing2",
			"from": [-5, 0, -1],
			"to": [5, 8, -1],
			"faces": {
				"north": {"uv": [11.5, 1.5, 9, 5.5], "texture": "#0"},
				"east": {"uv": [5, 1.5, 5.75, 5.5], "texture": "#0"},
				"south": {"uv": [9, 1.5, 11.5, 5.5], "texture": "#0"},
				"west": {"uv": [8.25, 1.5, 9, 5.5], "texture": "#0"},
				"up": {"uv": [8.25, 1.5, 5.75, 0], "texture": "#0"},
				"down": {"uv": [10.75, 0, 8.25, 1.5], "texture": "#0"}
			}
		},
		{
			"name": "wing2",
			"from": [-3, 0, 2],
			"to": [3, 4, 2],
			"faces": {
				"north": {"uv": [5.75, 7, 7.25, 9], "texture": "#0"},
				"east": {"uv": [5, 7, 5.75, 9], "texture": "#0"},
				"south": {"uv": [7.25, 7, 5.75, 9], "texture": "#0"},
				"west": {"uv": [7.25, 7, 8, 9], "texture": "#0"},
				"up": {"uv": [7.25, 7, 5.75, 5.5], "texture": "#0"},
				"down": {"uv": [8.75, 5.5, 7.25, 7], "texture": "#0"}
			}
		},
		{
			"name": "wing3",
			"from": [-3, 0, 5],
			"to": [3, 4, 5],
			"faces": {
				"north": {"uv": [9.5, 7, 8, 9], "texture": "#0"},
				"east": {"uv": [5, 7, 5.75, 9], "texture": "#0"},
				"south": {"uv": [9.5, 7, 8, 9], "texture": "#0"},
				"west": {"uv": [7.25, 7, 8, 9], "texture": "#0"},
				"up": {"uv": [7.25, 7, 5.75, 5.5], "texture": "#0"},
				"down": {"uv": [8.75, 5.5, 7.25, 7], "texture": "#0"}
			}
		},
		{
			"name": "wing3",
			"from": [-3, 0, -6.5],
			"to": [3, 5, -6.5],
			"faces": {
				"north": {"uv": [5.5, 10, 7, 12.5], "texture": "#0"},
				"east": {"uv": [5, 10, 5.5, 12.5], "texture": "#0"},
				"south": {"uv": [7, 10, 5.5, 12.5], "texture": "#0"},
				"west": {"uv": [7, 10, 7.5, 12.5], "texture": "#0"},
				"up": {"uv": [7, 10, 5.5, 9], "texture": "#0"},
				"down": {"uv": [8.5, 9, 7, 10], "texture": "#0"}
			}
		}
	],
	"display": {
		"thirdperson_righthand": {
			"rotation": [90, 0, 0],
			"translation": [4.75, -6.5, 16],
			"scale": [0.5, 0.5, 0.5]
		},
		"thirdperson_lefthand": {
			"rotation": [90, 0, 0],
			"translation": [-3.25, -6.5, 16],
			"scale": [0.5, 0.5, 0.5]
		},
		"firstperson_righthand": {
			"rotation": [0, 56, 0],
			"translation": [16, 9.5, 1]
		},
		"firstperson_lefthand": {
			"rotation": [0, 56, 0],
			"translation": [9, 9.25, 13]
		},
		"ground": {
			"translation": [8, 4.75, 8],
			"scale": [0.5, 0.5, 0.5]
		},
		"gui": {
			"rotation": [18, 149, 0],
			"translation": [-1.75, 9, 0]
		},
		"head": {
			"translation": [8, 14, 8]
		},
		"fixed": {
			"rotation": [-90, -180, 0],
			"translation": [-8, -8, -8]
		}
	},
	"groups": [
		{
			"name": "body1",
			"origin": [0, 2, -7],
			"color": 0,
			"children": [0]
		},
		{
			"name": "body2",
			"origin": [0, 3, -5],
			"color": 0,
			"children": [1]
		},
		{
			"name": "body3",
			"origin": [0, 4, -2.5],
			"color": 0,
			"children": [2]
		},
		{
			"name": "body4",
			"origin": [0, 3, 0.5],
			"color": 0,
			"children": [3]
		},
		{
			"name": "body5",
			"origin": [0, 2, 3.5],
			"color": 0,
			"children": [4]
		},
		{
			"name": "body6",
			"origin": [0, 1, 6],
			"color": 0,
			"children": [5]
		},
		{
			"name": "body7",
			"origin": [0, 1, 8],
			"color": 0,
			"children": [6]
		},
		{
			"name": "wing1",
			"origin": [0, 8, -2.5],
			"color": 0,
			"children": [7, 8]
		},
		{
			"name": "wing2",
			"origin": [0, 4, 3.5],
			"color": 0,
			"children": [9, 10]
		},
		{
			"name": "wing3",
			"origin": [0, 5, -5],
			"color": 0,
			"children": [11]
		}
	]
}