{
	"credit": "Made with Blockbench",
	"texture_size": [192, 192],
	"textures": {
		"0": "default/snifferplushtext"
	},
	"elements": [
		{
			"name": "head",
			"from": [1.5, 3, -11],
			"to": [13.5, 3, -5],
			"rotation": {"angle": 0, "axis": "y", "origin": [8, -2, 20]},
			"faces": {
				"north": {"uv": [1.58333, 1.25, 2.66667, 1.25], "texture": "#0"},
				"east": {"uv": [0.66667, 1.25, 1.58333, 1.25], "texture": "#0"},
				"south": {"uv": [3.58333, 1.25, 4.66667, 1.25], "texture": "#0"},
				"west": {"uv": [2.66667, 1.25, 3.58333, 1.25], "texture": "#0"},
				"up": {"uv": [2.66667, 1.25, 1.58333, 0.33333], "texture": "#0"},
				"down": {"uv": [3.75, 0.33333, 2.66667, 1.25], "texture": "#0"}
			}
		},
		{
			"name": "head",
			"from": [1.5, 0, -11],
			"to": [13.5, 18, -5],
			"rotation": {"angle": 0, "axis": "y", "origin": [8, -2, 20]},
			"faces": {
				"north": {"uv": [1.58333, 2.16667, 2.66667, 3.66667], "texture": "#0"},
				"east": {"uv": [0.66667, 2.16667, 1.58333, 3.66667], "texture": "#0"},
				"south": {"uv": [3.58333, 2.16667, 4.66667, 3.66667], "texture": "#0"},
				"west": {"uv": [2.66667, 2.16667, 3.58333, 3.66667], "texture": "#0"},
				"up": {"uv": [2.66667, 2.16667, 1.58333, 1.25], "texture": "#0"},
				"down": {"uv": [3.75, 1.25, 2.66667, 2.16667], "texture": "#0"}
			}
		},
		{
			"name": "lower_beak",
			"from": [1.5, 3, -15],
			"to": [13.5, 15, -11],
			"rotation": {"angle": 0, "axis": "y", "origin": [8, -2, 25]},
			"faces": {
				"north": {"uv": [1.58333, 5.5, 2.66667, 6.5], "texture": "#0"},
				"east": {"uv": [0.83333, 5.5, 1.58333, 6.5], "texture": "#0"},
				"south": {"uv": [3.41667, 5.5, 4.5, 6.5], "texture": "#0"},
				"west": {"uv": [2.66667, 5.5, 3.41667, 6.5], "texture": "#0"},
				"up": {"uv": [2.66667, 5.5, 1.58333, 4.75], "texture": "#0"},
				"down": {"uv": [3.75, 4.75, 2.66667, 5.5], "texture": "#0"}
			}
		},
		{
			"name": "nose",
			"from": [1.5, 15, -15],
			"to": [13.5, 17, -11],
			"rotation": {"angle": 0, "axis": "y", "origin": [8, -2, 25]},
			"faces": {
				"north": {"uv": [1.58333, 4.5, 2.66667, 4.66667], "texture": "#0"},
				"east": {"uv": [0.83333, 4.5, 1.58333, 4.66667], "texture": "#0"},
				"south": {"uv": [3.41667, 4.5, 4.5, 4.66667], "texture": "#0"},
				"west": {"uv": [2.66667, 4.5, 3.41667, 4.66667], "texture": "#0"},
				"up": {"uv": [2.66667, 4.5, 1.58333, 3.75], "texture": "#0"},
				"down": {"uv": [3.75, 3.75, 2.66667, 4.5], "texture": "#0"}
			}
		},
		{
			"name": "left_ear",
			"from": [0.49, -1, -7],
			"to": [0.49, 18, -5],
			"rotation": {"angle": 0, "axis": "y", "origin": [8, -2, 20]},
			"faces": {
				"north": {"uv": [0.75, 0.58333, 0.83333, 2.16667], "texture": "#0"},
				"east": {"uv": [0.16667, 0.58333, 0.75, 2.16667], "texture": "#0"},
				"south": {"uv": [1.41667, 0.58333, 1.5, 2.16667], "texture": "#0"},
				"west": {"uv": [0.83333, 0.58333, 1.41667, 2.16667], "texture": "#0"},
				"up": {"uv": [0.83333, 0.58333, 0.75, 0], "texture": "#0"},
				"down": {"uv": [0.91667, 0, 0.83333, 0.58333], "texture": "#0"}
			}
		},
		{
			"name": "right_ear",
			"from": [14.51, -1, -7],
			"to": [14.51, 18, -5],
			"rotation": {"angle": 0, "axis": "y", "origin": [8, -2, 20]},
			"faces": {
				"north": {"uv": [4.58333, 0.58333, 4.66667, 2.16667], "texture": "#0"},
				"east": {"uv": [4, 0.58333, 4.58333, 2.16667], "texture": "#0"},
				"south": {"uv": [5.25, 0.58333, 5.33333, 2.16667], "texture": "#0"},
				"west": {"uv": [4.66667, 0.58333, 5.25, 2.16667], "texture": "#0"},
				"up": {"uv": [4.66667, 0.58333, 4.58333, 0], "texture": "#0"},
				"down": {"uv": [4.75, 0, 4.66667, 0.58333], "texture": "#0"}
			}
		},
		{
			"name": "body",
			"from": [-4.5, 5, -5],
			"to": [19.5, 5, 30],
			"rotation": {"angle": 0, "axis": "y", "origin": [8, -2, 15]},
			"faces": {
				"north": {"uv": [10.58333, 9, 12.66667, 9], "texture": "#0"},
				"east": {"uv": [7.25, 9, 10.58333, 9], "texture": "#0"},
				"south": {"uv": [16, 9, 18.08333, 9], "texture": "#0"},
				"west": {"uv": [12.66667, 9, 16, 9], "texture": "#0"},
				"up": {"uv": [12.66667, 9, 10.58333, 5.66667], "texture": "#0"},
				"down": {"uv": [14.75, 5.66667, 12.66667, 9], "texture": "#0"}
			}
		},
		{
			"name": "body",
			"from": [-4.5, 2, -5],
			"to": [19.5, 31, 30],
			"rotation": {"angle": 0, "axis": "y", "origin": [8, -2, 15]},
			"faces": {
				"north": {"uv": [8.5, 9, 10.58333, 11.41667], "texture": "#0"},
				"east": {"uv": [5.16667, 9, 8.5, 11.41667], "texture": "#0"},
				"south": {"uv": [13.91667, 9, 16, 11.41667], "texture": "#0"},
				"west": {"uv": [10.58333, 9, 13.91667, 11.41667], "texture": "#0"},
				"up": {"uv": [10.58333, 9, 8.5, 5.66667], "texture": "#0"},
				"down": {"uv": [12.66667, 5.66667, 10.58333, 9], "texture": "#0"}
			}
		},
		{
			"name": "body",
			"from": [-5, 7, -5.5],
			"to": [20, 32, 30.5],
			"rotation": {"angle": 0, "axis": "y", "origin": [8, -1, 15]},
			"faces": {
				"north": {"uv": [8.5, 3.33333, 10.58333, 5.33333], "texture": "#0"},
				"east": {"uv": [5.16667, 3.33333, 8.5, 5.33333], "texture": "#0"},
				"south": {"uv": [13.91667, 3.33333, 16, 5.33333], "texture": "#0"},
				"west": {"uv": [10.58333, 3.33333, 13.91667, 5.33333], "texture": "#0"},
				"up": {"uv": [10.58333, 3.33333, 8.5, 0], "texture": "#0"},
				"down": {"uv": [12.66667, 0, 10.58333, 3.33333], "texture": "#0"}
			}
		},
		{
			"name": "front_left_leg",
			"from": [-3, -2, -4],
			"to": [3, 8, -1],
			"rotation": {"angle": 0, "axis": "y", "origin": [8, -2, 15]},
			"faces": {
				"north": {"uv": [0.66667, 7.91667, 1.25, 8.75], "texture": "#0"},
				"east": {"uv": [0, 7.91667, 0.66667, 8.75], "texture": "#0"},
				"south": {"uv": [1.91667, 7.91667, 2.5, 8.75], "texture": "#0"},
				"west": {"uv": [1.25, 7.91667, 1.91667, 8.75], "texture": "#0"},
				"up": {"uv": [1.25, 7.91667, 0.66667, 7.25], "texture": "#0"},
				"down": {"uv": [1.83333, 7.25, 1.25, 7.91667], "texture": "#0"}
			}
		},
		{
			"name": "front_right_leg",
			"from": [12, -2, -4],
			"to": [18, 8, -1],
			"rotation": {"angle": 0, "axis": "y", "origin": [8, -2, 15]},
			"faces": {
				"north": {"uv": [3.33333, 7.91667, 3.91667, 8.75], "texture": "#0"},
				"east": {"uv": [2.66667, 7.91667, 3.33333, 8.75], "texture": "#0"},
				"south": {"uv": [4.58333, 7.91667, 5.16667, 8.75], "texture": "#0"},
				"west": {"uv": [3.91667, 7.91667, 4.58333, 8.75], "texture": "#0"},
				"up": {"uv": [3.91667, 7.91667, 3.33333, 7.25], "texture": "#0"},
				"down": {"uv": [4.5, 7.25, 3.91667, 7.91667], "texture": "#0"}
			}
		},
		{
			"name": "middle_left_leg",
			"from": [-3, -2, 11],
			"to": [3, 8, 14],
			"rotation": {"angle": 0, "axis": "y", "origin": [8, -2, 15]},
			"faces": {
				"north": {"uv": [0.66667, 9.41667, 1.25, 10.25], "texture": "#0"},
				"east": {"uv": [0, 9.41667, 0.66667, 10.25], "texture": "#0"},
				"south": {"uv": [1.91667, 9.41667, 2.5, 10.25], "texture": "#0"},
				"west": {"uv": [1.25, 9.41667, 1.91667, 10.25], "texture": "#0"},
				"up": {"uv": [1.25, 9.41667, 0.66667, 8.75], "texture": "#0"},
				"down": {"uv": [1.83333, 8.75, 1.25, 9.41667], "texture": "#0"}
			}
		},
		{
			"name": "middle_right_leg",
			"from": [12, -2, 11],
			"to": [18, 8, 14],
			"rotation": {"angle": 0, "axis": "y", "origin": [8, -2, 15]},
			"faces": {
				"north": {"uv": [3.33333, 9.41667, 3.91667, 10.25], "texture": "#0"},
				"east": {"uv": [2.66667, 9.41667, 3.33333, 10.25], "texture": "#0"},
				"south": {"uv": [4.58333, 9.41667, 5.16667, 10.25], "texture": "#0"},
				"west": {"uv": [3.91667, 9.41667, 4.58333, 10.25], "texture": "#0"},
				"up": {"uv": [3.91667, 9.41667, 3.33333, 8.75], "texture": "#0"},
				"down": {"uv": [4.5, 8.75, 3.91667, 9.41667], "texture": "#0"}
			}
		},
		{
			"name": "back_left_leg",
			"from": [-3, -2, 26],
			"to": [3, 8, 29],
			"rotation": {"angle": 0, "axis": "y", "origin": [8, -2, 15]},
			"faces": {
				"north": {"uv": [0.66667, 10.91667, 1.25, 11.75], "texture": "#0"},
				"east": {"uv": [0, 10.91667, 0.66667, 11.75], "texture": "#0"},
				"south": {"uv": [1.91667, 10.91667, 2.5, 11.75], "texture": "#0"},
				"west": {"uv": [1.25, 10.91667, 1.91667, 11.75], "texture": "#0"},
				"up": {"uv": [1.25, 10.91667, 0.66667, 10.25], "texture": "#0"},
				"down": {"uv": [1.83333, 10.25, 1.25, 10.91667], "texture": "#0"}
			}
		},
		{
			"name": "back_right_leg",
			"from": [12, -2, 26],
			"to": [18, 8, 29],
			"rotation": {"angle": 0, "axis": "y", "origin": [8, -2, 15]},
			"faces": {
				"north": {"uv": [3.33333, 10.91667, 3.91667, 11.75], "texture": "#0"},
				"east": {"uv": [2.66667, 10.91667, 3.33333, 11.75], "texture": "#0"},
				"south": {"uv": [4.58333, 10.91667, 5.16667, 11.75], "texture": "#0"},
				"west": {"uv": [3.91667, 10.91667, 4.58333, 11.75], "texture": "#0"},
				"up": {"uv": [3.91667, 10.91667, 3.33333, 10.25], "texture": "#0"},
				"down": {"uv": [4.5, 10.25, 3.91667, 10.91667], "texture": "#0"}
			}
		}
	],
	"display": {
		"thirdperson_righthand": {
			"rotation": [110, 0, 0],
			"translation": [0, 0, -4.75],
			"scale": [0.25, 0.25, 0.25]
		},
		"thirdperson_lefthand": {
			"rotation": [110, 0, 0],
			"translation": [0, 0, -4.75],
			"scale": [0.25, 0.25, 0.25]
		},
		"firstperson_righthand": {
			"rotation": [0, 119, 0],
			"translation": [0, 4, 0],
			"scale": [0.25, 0.25, 0.25]
		},
		"firstperson_lefthand": {
			"rotation": [0, 119, 0],
			"translation": [0, 4, 0],
			"scale": [0.25, 0.25, 0.25]
		},
		"ground": {
			"scale": [0.25, 0.25, 1]
		},
		"gui": {
			"rotation": [0, -123, 0],
			"translation": [0, -1.75, 0],
			"scale": [0.25, 0.25, 0.25]
		},
		"head": {
			"translation": [0.25, 8.75, 0],
			"scale": [0.25, 0.25, 0.25]
		},
		"fixed": {
			"rotation": [-90, 0, 0],
			"translation": [0, -4.75, -10.25]
		}
	},
	"groups": [
		{
			"name": "head",
			"origin": [8, 12.5, -11.5],
			"color": 0,
			"children": [0, 1]
		},
		{
			"name": "lower_beak",
			"origin": [8, 10, -24],
			"color": 0,
			"children": [2]
		},
		{
			"name": "nose",
			"origin": [8, 17, -23],
			"color": 0,
			"children": [3]
		},
		{
			"name": "left_ear",
			"origin": [1.49, 20, -16],
			"color": 0,
			"children": [4]
		},
		{
			"name": "right_ear",
			"origin": [14.51, 20, -16],
			"color": 0,
			"children": [5]
		},
		{
			"name": "body",
			"origin": [8, 19, 8],
			"color": 0,
			"children": [6, 7, 8]
		},
		{
			"name": "front_left_leg",
			"origin": [0.5, 9, -7],
			"color": 0,
			"children": [9]
		},
		{
			"name": "front_right_leg",
			"origin": [15.5, 9, -7],
			"color": 0,
			"children": [10]
		},
		{
			"name": "middle_left_leg",
			"origin": [0.5, 9, 8],
			"color": 0,
			"children": [11]
		},
		{
			"name": "middle_right_leg",
			"origin": [15.5, 9, 8],
			"color": 0,
			"children": [12]
		},
		{
			"name": "back_left_leg",
			"origin": [0.5, 9, 23],
			"color": 0,
			"children": [13]
		},
		{
			"name": "back_right_leg",
			"origin": [15.5, 9, 23],
			"color": 0,
			"children": [14]
		}
	]
}