{
	"credit": "Made with Blockbench",
	"texture_size": [128, 64],
	"textures": {
		"0": "default/turtleplushietext"
	},
	"elements": [
		{
			"name": "head",
			"from": [-3, 2, -13],
			"to": [3, 7, -7],
			"faces": {
				"north": {"uv": [1.125, 1.5, 1.875, 2.75], "texture": "#0"},
				"east": {"uv": [0.375, 1.5, 1.125, 2.75], "texture": "#0"},
				"south": {"uv": [2.625, 1.5, 3.375, 2.75], "texture": "#0"},
				"west": {"uv": [1.875, 1.5, 2.625, 2.75], "texture": "#0"},
				"up": {"uv": [1.875, 1.5, 1.125, 0], "texture": "#0"},
				"down": {"uv": [2.625, 0, 1.875, 1.5], "texture": "#0"}
			}
		},
		{
			"name": "body_rotation",
			"from": [-9.5, 4, -7],
			"to": [9.5, 10, 13],
			"rotation": {"angle": 0, "axis": "y", "origin": [0, 0, 4]},
			"faces": {
				"north": {"uv": [4, 10.75, 1.625, 9.25], "rotation": 180, "texture": "#0"},
				"east": {"uv": [0.875, 10.75, 1.625, 15.75], "rotation": 90, "texture": "#0"},
				"south": {"uv": [6.375, 9.25, 4, 10.75], "texture": "#0"},
				"west": {"uv": [4, 10.75, 4.75, 15.75], "rotation": 270, "texture": "#0"},
				"up": {"uv": [4.75, 10.75, 7.125, 15.75], "texture": "#0"},
				"down": {"uv": [1.625, 10.75, 4, 15.75], "rotation": 180, "texture": "#0"}
			}
		},
		{
			"name": "body_rotation",
			"from": [-5.5, 1, -7],
			"to": [5.5, 4, 11],
			"rotation": {"angle": 0, "axis": "y", "origin": [0, 1, 5.5]},
			"faces": {
				"north": {"uv": [5.625, 1, 4.25, 0.25], "rotation": 180, "texture": "#0"},
				"east": {"uv": [3.875, 1, 4.25, 5.5], "rotation": 90, "texture": "#0"},
				"south": {"uv": [7, 0.25, 5.625, 1], "texture": "#0"},
				"west": {"uv": [5.625, 1, 6, 5.5], "rotation": 270, "texture": "#0"},
				"up": {"uv": [6, 1, 7.375, 5.5], "texture": "#0"},
				"down": {"uv": [4.25, 1, 5.625, 5.5], "rotation": 180, "texture": "#0"}
			}
		},
		{
			"name": "body2_rotation",
			"from": [-4.5, 0, -7],
			"to": [4.5, 1, 11],
			"rotation": {"angle": 0, "axis": "y", "origin": [0, 1, 1.5]},
			"faces": {
				"north": {"uv": [10, 8.5, 8.875, 8.25], "rotation": 180, "texture": "#0"},
				"east": {"uv": [8.75, 8.5, 8.875, 13], "rotation": 90, "texture": "#0"},
				"south": {"uv": [11.125, 8.25, 10, 8.5], "texture": "#0"},
				"west": {"uv": [10, 8.5, 10.125, 13], "rotation": 270, "texture": "#0"},
				"up": {"uv": [10.125, 8.5, 11.25, 13], "texture": "#0"},
				"down": {"uv": [8.875, 8.5, 10, 13], "rotation": 180, "texture": "#0"}
			}
		},
		{
			"name": "leg1",
			"from": [1.5, 2, 11],
			"to": [5.5, 3, 21],
			"faces": {
				"north": {"uv": [1.375, 8.25, 1.875, 8.5], "texture": "#0"},
				"east": {"uv": [0.125, 8.25, 1.375, 8.5], "texture": "#0"},
				"south": {"uv": [3.125, 8.25, 3.625, 8.5], "texture": "#0"},
				"west": {"uv": [1.875, 8.25, 3.125, 8.5], "texture": "#0"},
				"up": {"uv": [1.875, 8.25, 1.375, 5.75], "texture": "#0"},
				"down": {"uv": [2.375, 5.75, 1.875, 8.25], "texture": "#0"}
			}
		},
		{
			"name": "leg2",
			"from": [-5.5, 2, 11],
			"to": [-1.5, 3, 21],
			"faces": {
				"north": {"uv": [1.375, 5.5, 1.875, 5.75], "texture": "#0"},
				"east": {"uv": [0.125, 5.5, 1.375, 5.75], "texture": "#0"},
				"south": {"uv": [3.125, 5.5, 3.625, 5.75], "texture": "#0"},
				"west": {"uv": [1.875, 5.5, 3.125, 5.75], "texture": "#0"},
				"up": {"uv": [1.875, 5.5, 1.375, 3], "texture": "#0"},
				"down": {"uv": [2.375, 3, 1.875, 5.5], "texture": "#0"}
			}
		},
		{
			"name": "leg3",
			"from": [5, 3, -6],
			"to": [18, 4, -1],
			"faces": {
				"north": {"uv": [4, 8.75, 5.625, 9], "texture": "#0"},
				"east": {"uv": [3.375, 8.75, 4, 9], "texture": "#0"},
				"south": {"uv": [6.25, 8.75, 7.875, 9], "texture": "#0"},
				"west": {"uv": [5.625, 8.75, 6.25, 9], "texture": "#0"},
				"up": {"uv": [5.625, 8.75, 4, 7.5], "texture": "#0"},
				"down": {"uv": [7.25, 7.5, 5.625, 8.75], "texture": "#0"}
			}
		},
		{
			"name": "leg4",
			"from": [-16, 3, -6],
			"to": [-3, 4, -1],
			"faces": {
				"north": {"uv": [4, 7.25, 5.625, 7.5], "texture": "#0"},
				"east": {"uv": [3.375, 7.25, 4, 7.5], "texture": "#0"},
				"south": {"uv": [6.25, 7.25, 7.875, 7.5], "texture": "#0"},
				"west": {"uv": [5.625, 7.25, 6.25, 7.5], "texture": "#0"},
				"up": {"uv": [5.625, 7.25, 4, 6], "texture": "#0"},
				"down": {"uv": [7.25, 6, 5.625, 7.25], "texture": "#0"}
			}
		}
	],
	"display": {
		"thirdperson_righthand": {
			"rotation": [90, 0, 0],
			"translation": [2, -3, 13.75],
			"scale": [0.2, 0.2, 0.2]
		},
		"thirdperson_lefthand": {
			"rotation": [90, 0, 0],
			"translation": [-1.75, -3, 13.75],
			"scale": [0.2, 0.2, 0.2]
		},
		"firstperson_righthand": {
			"rotation": [0, 51, 0],
			"translation": [5.5, 5.25, 0],
			"scale": [0.5, 0.5, 0.5]
		},
		"firstperson_lefthand": {
			"rotation": [0, 51, 0],
			"translation": [5.5, 5.25, 4],
			"scale": [0.5, 0.5, 0.5]
		},
		"ground": {
			"translation": [4.5, 1.5, 2.5],
			"scale": [0.5, 0.5, 0.5]
		},
		"gui": {
			"rotation": [61, 160, 0],
			"translation": [-1.75, 4.25, 0],
			"scale": [0.5, 0.5, 0.5]
		},
		"head": {
			"translation": [8, 14.25, 7.75]
		},
		"fixed": {
			"rotation": [-90, -180, 0],
			"translation": [-8, -4, -8]
		}
	},
	"groups": [
		{
			"name": "head",
			"origin": [0, 5, -10],
			"color": 0,
			"children": [0]
		},
		{
			"name": "body",
			"origin": [0, 13, -10],
			"color": 0,
			"children": [
				{
					"name": "body_rotation",
					"origin": [0, 13, -10],
					"color": 0,
					"children": [1, 2]
				}
			]
		},
		{
			"name": "body2",
			"origin": [0, 13, -10],
			"color": 0,
			"children": [
				{
					"name": "body2_rotation",
					"origin": [0, 13, -10],
					"color": 0,
					"children": [3]
				}
			]
		},
		{
			"name": "leg1",
			"origin": [3.5, 2, 11],
			"color": 0,
			"children": [4]
		},
		{
			"name": "leg2",
			"origin": [-3.5, 2, 11],
			"color": 0,
			"children": [5]
		},
		{
			"name": "leg3",
			"origin": [5, 3, -4],
			"color": 0,
			"children": [6]
		},
		{
			"name": "leg4",
			"origin": [-5, 3, -4],
			"color": 0,
			"children": [7]
		}
	]
}