{
	"credit": "Made with Blockbench",
	"texture_size": [32, 32],
	"textures": {
		"0": "default/vexplushietext"
	},
	"elements": [
		{
			"name": "head",
			"from": [-2.5, 6, -2.5],
			"to": [2.5, 11, 2.5],
			"faces": {
				"north": {"uv": [2.5, 2.5, 5, 5], "texture": "#0"},
				"east": {"uv": [0, 2.5, 2.5, 5], "texture": "#0"},
				"south": {"uv": [7.5, 2.5, 10, 5], "texture": "#0"},
				"west": {"uv": [5, 2.5, 7.5, 5], "texture": "#0"},
				"up": {"uv": [5, 2.5, 2.5, 0], "texture": "#0"},
				"down": {"uv": [7.5, 0, 5, 2.5], "texture": "#0"}
			}
		},
		{
			"name": "body",
			"from": [-1.5, 2, -1],
			"to": [1.5, 6, 1],
			"faces": {
				"north": {"uv": [1, 6, 2.5, 8], "texture": "#0"},
				"east": {"uv": [0, 6, 1, 8], "texture": "#0"},
				"south": {"uv": [3.5, 6, 5, 8], "texture": "#0"},
				"west": {"uv": [2.5, 6, 3.5, 8], "texture": "#0"},
				"up": {"uv": [2.5, 6, 1, 5], "texture": "#0"},
				"down": {"uv": [4, 5, 2.5, 6], "texture": "#0"}
			}
		},
		{
			"name": "body",
			"from": [-1.3, 0.2, -0.8],
			"to": [1.3, 4.8, 0.8],
			"faces": {
				"north": {"uv": [1, 9, 2.5, 11.5], "texture": "#0"},
				"east": {"uv": [0, 9, 1, 11.5], "texture": "#0"},
				"south": {"uv": [3.5, 9, 5, 11.5], "texture": "#0"},
				"west": {"uv": [2.5, 9, 3.5, 11.5], "texture": "#0"},
				"up": {"uv": [2.5, 9, 1, 8], "texture": "#0"},
				"down": {"uv": [4, 8, 2.5, 9], "texture": "#0"}
			}
		},
		{
			"name": "right_arm",
			"from": [1.5, 2, -1],
			"to": [3.5, 6, 1],
			"faces": {
				"north": {"uv": [12.5, 1, 13.5, 3], "texture": "#0"},
				"east": {"uv": [11.5, 1, 12.5, 3], "texture": "#0"},
				"south": {"uv": [14.5, 1, 15.5, 3], "texture": "#0"},
				"west": {"uv": [13.5, 1, 14.5, 3], "texture": "#0"},
				"up": {"uv": [13.5, 1, 12.5, 0], "texture": "#0"},
				"down": {"uv": [14.5, 0, 13.5, 1], "texture": "#0"}
			}
		},
		{
			"name": "left_arm",
			"from": [-3.5, 2, -1],
			"to": [-1.5, 6, 1],
			"faces": {
				"north": {"uv": [12.5, 4, 13.5, 6], "texture": "#0"},
				"east": {"uv": [11.5, 4, 12.5, 6], "texture": "#0"},
				"south": {"uv": [14.5, 4, 15.5, 6], "texture": "#0"},
				"west": {"uv": [13.5, 4, 14.5, 6], "texture": "#0"},
				"up": {"uv": [13.5, 4, 12.5, 3], "texture": "#0"},
				"down": {"uv": [14.5, 3, 13.5, 4], "texture": "#0"}
			}
		},
		{
			"name": "left_wing",
			"from": [-1.5, 0, 1],
			"to": [-1.5, 5, 9],
			"rotation": {"angle": -22.5, "axis": "y", "origin": [-0.5, 2.5, 5]},
			"faces": {
				"north": {"uv": [12, 11, 12, 13.5], "texture": "#0"},
				"east": {"uv": [8, 11, 12, 13.5], "texture": "#0"},
				"south": {"uv": [16, 11, 16, 13.5], "texture": "#0"},
				"west": {"uv": [12, 11, 16, 13.5], "texture": "#0"},
				"up": {"uv": [12, 11, 12, 7], "texture": "#0"},
				"down": {"uv": [12, 7, 12, 11], "texture": "#0"}
			}
		},
		{
			"name": "left_wing inverted",
			"from": [-1.5, 5, 9],
			"to": [-1.5, 0, 1],
			"rotation": {"angle": -22.5, "axis": "y", "origin": [-0.5, 2.5, 5]},
			"faces": {
				"north": {"uv": [16, 13.5, 16, 11], "texture": "#0"},
				"east": {"uv": [12, 13.5, 16, 11], "texture": "#0"},
				"south": {"uv": [12, 13.5, 12, 11], "texture": "#0"},
				"west": {"uv": [8, 13.5, 12, 11], "texture": "#0"},
				"up": {"uv": [12, 7, 12, 11], "texture": "#0"},
				"down": {"uv": [12, 11, 12, 7], "texture": "#0"}
			}
		},
		{
			"name": "right_wing",
			"from": [-0.5, 0, 1],
			"to": [-0.5, 5, 9],
			"rotation": {"angle": 22.5, "axis": "y", "origin": [0, 0, 0]},
			"faces": {
				"north": {"uv": [12, 11, 12, 13.5], "texture": "#0"},
				"east": {"uv": [8, 11, 12, 13.5], "texture": "#0"},
				"south": {"uv": [16, 11, 16, 13.5], "texture": "#0"},
				"west": {"uv": [12, 11, 16, 13.5], "texture": "#0"},
				"up": {"uv": [12, 11, 12, 7], "texture": "#0"},
				"down": {"uv": [12, 7, 12, 11], "texture": "#0"}
			}
		},
		{
			"name": "right_wing inverted",
			"from": [-0.5, 5, 9],
			"to": [-0.5, 0, 1],
			"rotation": {"angle": 22.5, "axis": "y", "origin": [0, 0, 0]},
			"faces": {
				"north": {"uv": [16, 13.5, 16, 11], "texture": "#0"},
				"east": {"uv": [12, 13.5, 16, 11], "texture": "#0"},
				"south": {"uv": [12, 13.5, 12, 11], "texture": "#0"},
				"west": {"uv": [8, 13.5, 12, 11], "texture": "#0"},
				"up": {"uv": [12, 7, 12, 11], "texture": "#0"},
				"down": {"uv": [12, 11, 12, 7], "texture": "#0"}
			}
		}
	],
	"display": {
		"thirdperson_righthand": {
			"translation": [3.75, 0, 3.25],
			"scale": [0.5, 0.5, 0.5]
		},
		"thirdperson_lefthand": {
			"translation": [-4, 0, 3.5],
			"scale": [0.5, 0.5, 0.5]
		},
		"firstperson_righthand": {
			"rotation": [0, 125, 0],
			"translation": [7, 4, -14.5]
		},
		"firstperson_lefthand": {
			"rotation": [0, 125, 0],
			"translation": [17, 4, -2.75]
		},
		"ground": {
			"translation": [4, 0, 4],
			"scale": [0.5, 0.5, 0.5]
		},
		"gui": {
			"rotation": [0, 144, 0],
			"translation": [-1.75, 3, 0]
		},
		"head": {
			"translation": [8, 17.5, 8]
		},
		"fixed": {
			"rotation": [-90, -180, 0],
			"translation": [-8, -8, -11]
		}
	},
	"groups": [
		{
			"name": "head",
			"origin": [0, 6, 0],
			"color": 0,
			"children": [0]
		},
		{
			"name": "body",
			"origin": [0, 6, 0],
			"color": 0,
			"children": [1, 2]
		},
		{
			"name": "right_arm",
			"origin": [2, 5.5, 0],
			"color": 0,
			"children": [3]
		},
		{
			"name": "left_arm",
			"origin": [-2, 5.5, 0],
			"color": 0,
			"children": [4]
		},
		{
			"name": "left_wing",
			"origin": [-0.5, 5, 1],
			"color": 0,
			"children": [5, 6]
		},
		{
			"name": "right_wing",
			"origin": [0.5, 5, 1],
			"color": 0,
			"children": [7, 8]
		}
	]
}