{
	"credit": "Made with Blockbench",
	"texture_size": [128, 128],
	"textures": {
		"0": "default/wardenplushietext"
	},
	"elements": [
		{
			"name": "right_leg",
			"from": [10.1, -16, -4],
			"to": [16.1, -3, 2],
			"rotation": {"angle": 0, "axis": "y", "origin": [0, -16, 0]},
			"faces": {
				"north": {"uv": [10.25, 6.75, 11, 8.375], "texture": "#0"},
				"east": {"uv": [9.5, 6.75, 10.25, 8.375], "texture": "#0"},
				"south": {"uv": [11.75, 6.75, 12.5, 8.375], "texture": "#0"},
				"west": {"uv": [11, 6.75, 11.75, 8.375], "texture": "#0"},
				"up": {"uv": [11, 6.75, 10.25, 6], "texture": "#0"},
				"down": {"uv": [11.75, 6, 11, 6.75], "texture": "#0"}
			}
		},
		{
			"name": "left_leg",
			"from": [-2.1, -16, -4],
			"to": [3.9, -3, 2],
			"rotation": {"angle": 0, "axis": "y", "origin": [0, -16, 0]},
			"faces": {
				"north": {"uv": [10.25, 10.25, 11, 11.875], "texture": "#0"},
				"east": {"uv": [9.5, 10.25, 10.25, 11.875], "texture": "#0"},
				"south": {"uv": [11.75, 10.25, 12.5, 11.875], "texture": "#0"},
				"west": {"uv": [11, 10.25, 11.75, 11.875], "texture": "#0"},
				"up": {"uv": [11, 10.25, 10.25, 9.5], "texture": "#0"},
				"down": {"uv": [11.75, 9.5, 11, 10.25], "texture": "#0"}
			}
		},
		{
			"name": "right_arm",
			"from": [16, -10, -4],
			"to": [24, 18, 4],
			"rotation": {"angle": 0, "axis": "y", "origin": [0, -16, 0]},
			"faces": {
				"north": {"uv": [6.5, 7.25, 7.5, 10.75], "texture": "#0"},
				"east": {"uv": [5.5, 7.25, 6.5, 10.75], "texture": "#0"},
				"south": {"uv": [8.5, 7.25, 9.5, 10.75], "texture": "#0"},
				"west": {"uv": [7.5, 7.25, 8.5, 10.75], "texture": "#0"},
				"up": {"uv": [7.5, 7.25, 6.5, 6.25], "texture": "#0"},
				"down": {"uv": [8.5, 6.25, 7.5, 7.25], "texture": "#0"}
			}
		},
		{
			"name": "left_arm",
			"from": [-9, -10, -4],
			"to": [-1, 18, 4],
			"rotation": {"angle": 0, "axis": "y", "origin": [0, -16, 0]},
			"faces": {
				"north": {"uv": [1, 8.25, 2, 11.75], "texture": "#0"},
				"east": {"uv": [0, 8.25, 1, 11.75], "texture": "#0"},
				"south": {"uv": [3, 8.25, 4, 11.75], "texture": "#0"},
				"west": {"uv": [2, 8.25, 3, 11.75], "texture": "#0"},
				"up": {"uv": [2, 8.25, 1, 7.25], "texture": "#0"},
				"down": {"uv": [3, 7.25, 2, 8.25], "texture": "#0"}
			}
		},
		{
			"name": "right_ribcage",
			"from": [7, -3, -5.1],
			"to": [16, 18, -5.1],
			"rotation": {"angle": 0, "axis": "y", "origin": [0, -16, 0]},
			"faces": {
				"north": {"uv": [11.25, 1.375, 12.375, 4], "texture": "#0"},
				"east": {"uv": [11.25, 1.375, 11.25, 4], "texture": "#0"},
				"south": {"uv": [12.375, 1.375, 13.5, 4], "texture": "#0"},
				"west": {"uv": [12.375, 1.375, 12.375, 4], "texture": "#0"},
				"up": {"uv": [12.375, 1.375, 11.25, 1.375], "texture": "#0"},
				"down": {"uv": [13.5, 1.375, 12.375, 1.375], "texture": "#0"}
			}
		},
		{
			"name": "torso",
			"from": [-2, -3, -5],
			"to": [16, 18, 6],
			"rotation": {"angle": 0, "axis": "y", "origin": [0, -16, 0]},
			"faces": {
				"north": {"uv": [1.375, 1.375, 3.625, 4], "texture": "#0"},
				"east": {"uv": [0, 1.375, 1.375, 4], "texture": "#0"},
				"south": {"uv": [5, 1.375, 7.25, 4], "texture": "#0"},
				"west": {"uv": [3.625, 1.375, 5, 4], "texture": "#0"},
				"up": {"uv": [3.625, 1.375, 1.375, 0], "texture": "#0"},
				"down": {"uv": [5.875, 0, 3.625, 1.375], "texture": "#0"}
			}
		},
		{
			"name": "left_ribcage",
			"from": [-2, -3, -5.1],
			"to": [7, 18, -5.1],
			"rotation": {"angle": 0, "axis": "y", "origin": [0, -16, 0]},
			"faces": {
				"north": {"uv": [12.375, 1.375, 11.25, 4], "texture": "#0"},
				"east": {"uv": [12.375, 1.375, 12.375, 4], "texture": "#0"},
				"south": {"uv": [13.5, 1.375, 12.375, 4], "texture": "#0"},
				"west": {"uv": [11.25, 1.375, 11.25, 4], "texture": "#0"},
				"up": {"uv": [11.25, 1.375, 12.375, 1.375], "texture": "#0"},
				"down": {"uv": [12.375, 1.375, 13.5, 1.375], "texture": "#0"}
			}
		},
		{
			"name": "right_tendril",
			"from": [15, 22, 0],
			"to": [25, 32, 0],
			"rotation": {"angle": 0, "axis": "y", "origin": [0, -16, 0]},
			"faces": {
				"north": {"uv": [7.25, 4.75, 8.5, 6], "texture": "#0"},
				"east": {"uv": [7.25, 4.75, 7.25, 6], "texture": "#0"},
				"south": {"uv": [8.5, 4.75, 7.25, 6], "texture": "#0"},
				"west": {"uv": [8.5, 4.75, 8.5, 6], "texture": "#0"},
				"up": {"uv": [8.5, 4.75, 7.25, 4.75], "texture": "#0"},
				"down": {"uv": [9.75, 4.75, 8.5, 4.75], "texture": "#0"}
			}
		},
		{
			"name": "left_tendril",
			"from": [-15, 22, 0],
			"to": [-1, 32, 0],
			"rotation": {"angle": 0, "axis": "y", "origin": [0, -16, 0]},
			"faces": {
				"north": {"uv": [7.25, 0.75, 9, 2], "texture": "#0"},
				"east": {"uv": [7.25, 0.75, 7.25, 2], "texture": "#0"},
				"south": {"uv": [9, 0.75, 7.25, 2], "texture": "#0"},
				"west": {"uv": [9, 0.75, 9, 2], "texture": "#0"},
				"up": {"uv": [9, 0.75, 7.25, 0.75], "texture": "#0"},
				"down": {"uv": [10.75, 0.75, 9, 0.75], "texture": "#0"}
			}
		},
		{
			"name": "head",
			"from": [-1, 16, -6],
			"to": [15, 32, 4],
			"rotation": {"angle": 0, "axis": "y", "origin": [0, -16, 0]},
			"faces": {
				"north": {"uv": [1.25, 5.25, 3.25, 7.25], "texture": "#0"},
				"east": {"uv": [0, 5.25, 1.25, 7.25], "texture": "#0"},
				"south": {"uv": [4.5, 5.25, 6.5, 7.25], "texture": "#0"},
				"west": {"uv": [3.25, 5.25, 4.5, 7.25], "texture": "#0"},
				"up": {"uv": [3.25, 5.25, 1.25, 4], "texture": "#0"},
				"down": {"uv": [5.25, 4, 3.25, 5.25], "texture": "#0"}
			}
		}
	],
	"display": {
		"thirdperson_righthand": {
			"rotation": [25, 0, 0],
			"translation": [1.25, -1.25, 2],
			"scale": [0.25, 0.25, 0.25]
		},
		"thirdperson_lefthand": {
			"rotation": [25, 0, 0],
			"translation": [1.25, -1.25, 2],
			"scale": [0.25, 0.25, 0.25]
		},
		"firstperson_righthand": {
			"translation": [1.75, 4.5, 0],
			"scale": [0.25, 0.25, 0.25]
		},
		"firstperson_lefthand": {
			"translation": [1.75, 4.5, 0],
			"scale": [0.25, 0.25, 0.25]
		},
		"ground": {
			"translation": [0, 0, 1.5],
			"scale": [0.25, 0.25, 0.25]
		},
		"gui": {
			"rotation": [0, 168, 0],
			"translation": [0.75, 0, 0],
			"scale": [0.4, 0.4, 0.4]
		},
		"head": {
			"translation": [0, 18, 4],
			"scale": [0.5, 0.5, 0.5]
		},
		"fixed": {
			"rotation": [-90, -180, 0],
			"translation": [-1, -8, -24]
		}
	},
	"groups": [
		{
			"name": "all",
			"origin": [0, -16, 0],
			"color": 0,
			"children": [
				{
					"name": "right_leg",
					"origin": [6, -3, -1],
					"color": 0,
					"children": [0]
				},
				{
					"name": "left_leg",
					"origin": [-6, -3, -1],
					"color": 0,
					"children": [1]
				},
				{
					"name": "right_arm",
					"origin": [13, 18, 0],
					"color": 0,
					"children": [2]
				},
				{
					"name": "left_arm",
					"origin": [-13, 18, 0],
					"color": 0,
					"children": [3]
				},
				{
					"name": "right_ribcage",
					"origin": [7, 7, -5],
					"color": 0,
					"children": [4]
				},
				{
					"name": "torso",
					"origin": [0, 5, -1],
					"color": 0,
					"children": [5]
				},
				{
					"name": "left_ribcage",
					"origin": [-7, 7, -5],
					"color": 0,
					"children": [6]
				},
				{
					"name": "right_tendril",
					"origin": [8, 30, 0],
					"color": 0,
					"children": [7]
				},
				{
					"name": "left_tendril",
					"origin": [-8, 30, 0],
					"color": 0,
					"children": [8]
				},
				{
					"name": "head",
					"origin": [0, 18, -1],
					"color": 0,
					"children": [9]
				}
			]
		}
	]
}