{
	"credit": "Made with Blockbench",
	"texture_size": [64, 32],
	"textures": {
		"0": "default/witherskeleplushietext"
	},
	"elements": [
		{
			"name": "head",
			"from": [-4, 24, -4],
			"to": [4, 32, 4],
			"faces": {
				"north": {"uv": [2, 4, 4, 8], "texture": "#0"},
				"east": {"uv": [0, 4, 2, 8], "texture": "#0"},
				"south": {"uv": [6, 4, 8, 8], "texture": "#0"},
				"west": {"uv": [4, 4, 6, 8], "texture": "#0"},
				"up": {"uv": [4, 4, 2, 0], "texture": "#0"},
				"down": {"uv": [6, 0, 4, 4], "texture": "#0"}
			}
		},
		{
			"name": "headwear",
			"from": [-4.5, 23, -4.5],
			"to": [4.5, 32, 4.5],
			"faces": {
				"north": {"uv": [10, 4, 12, 8], "texture": "#0"},
				"east": {"uv": [8, 4, 10, 8], "texture": "#0"},
				"south": {"uv": [14, 4, 16, 8], "texture": "#0"},
				"west": {"uv": [12, 4, 14, 8], "texture": "#0"},
				"up": {"uv": [12, 4, 10, 0], "texture": "#0"},
				"down": {"uv": [14, 0, 12, 4], "texture": "#0"}
			}
		},
		{
			"name": "body",
			"from": [-4, 12, -2],
			"to": [4, 24, 2],
			"faces": {
				"north": {"uv": [5, 10, 7, 16], "texture": "#0"},
				"east": {"uv": [4, 10, 5, 16], "texture": "#0"},
				"south": {"uv": [8, 10, 10, 16], "texture": "#0"},
				"west": {"uv": [7, 10, 8, 16], "texture": "#0"},
				"up": {"uv": [7, 10, 5, 8], "texture": "#0"},
				"down": {"uv": [9, 8, 7, 10], "texture": "#0"}
			}
		},
		{
			"name": "body inverted",
			"from": [4, 24, 2],
			"to": [-4, 12, -2],
			"faces": {
				"north": {"uv": [8, 16, 10, 10], "texture": "#0"},
				"east": {"uv": [7, 16, 8, 10], "texture": "#0"},
				"south": {"uv": [5, 16, 7, 10], "texture": "#0"},
				"west": {"uv": [4, 16, 5, 10], "texture": "#0"},
				"up": {"uv": [7, 8, 9, 10], "texture": "#0"},
				"down": {"uv": [5, 10, 7, 8], "texture": "#0"}
			}
		},
		{
			"name": "left_arm",
			"from": [-6, 12, -1],
			"to": [-4, 24, 1],
			"faces": {
				"north": {"uv": [11, 9, 10.5, 15], "texture": "#0"},
				"east": {"uv": [11.5, 9, 11, 15], "texture": "#0"},
				"south": {"uv": [12, 9, 11.5, 15], "texture": "#0"},
				"west": {"uv": [10.5, 9, 10, 15], "texture": "#0"},
				"up": {"uv": [10.5, 9, 11, 8], "texture": "#0"},
				"down": {"uv": [11, 8, 11.5, 9], "texture": "#0"}
			}
		},
		{
			"name": "right_arm",
			"from": [4, 12, -1],
			"to": [6, 24, 1],
			"faces": {
				"north": {"uv": [10.5, 9, 11, 15], "texture": "#0"},
				"east": {"uv": [10, 9, 10.5, 15], "texture": "#0"},
				"south": {"uv": [11.5, 9, 12, 15], "texture": "#0"},
				"west": {"uv": [11, 9, 11.5, 15], "texture": "#0"},
				"up": {"uv": [11, 9, 10.5, 8], "texture": "#0"},
				"down": {"uv": [11.5, 8, 11, 9], "texture": "#0"}
			}
		},
		{
			"name": "left_leg",
			"from": [-3, 0, -1],
			"to": [-1, 12, 1],
			"faces": {
				"north": {"uv": [1, 9, 0.5, 15], "texture": "#0"},
				"east": {"uv": [1.5, 9, 1, 15], "texture": "#0"},
				"south": {"uv": [2, 9, 1.5, 15], "texture": "#0"},
				"west": {"uv": [0.5, 9, 0, 15], "texture": "#0"},
				"up": {"uv": [0.5, 9, 1, 8], "texture": "#0"},
				"down": {"uv": [1, 8, 1.5, 9], "texture": "#0"}
			}
		},
		{
			"name": "right_leg",
			"from": [1, 0, -1],
			"to": [3, 12, 1],
			"faces": {
				"north": {"uv": [0.5, 9, 1, 15], "texture": "#0"},
				"east": {"uv": [0, 9, 0.5, 15], "texture": "#0"},
				"south": {"uv": [1.5, 9, 2, 15], "texture": "#0"},
				"west": {"uv": [1, 9, 1.5, 15], "texture": "#0"},
				"up": {"uv": [1, 9, 0.5, 8], "texture": "#0"},
				"down": {"uv": [1.5, 8, 1, 9], "texture": "#0"}
			}
		}
	],
	"display": {
		"thirdperson_righthand": {
			"translation": [4, -6.75, 3.5],
			"scale": [0.5, 0.5, 0.5]
		},
		"thirdperson_lefthand": {
			"translation": [-4, -6.75, 3.5],
			"scale": [0.5, 0.5, 0.5]
		},
		"firstperson_righthand": {
			"translation": [9.5, 0, 0],
			"scale": [0.5, 0.5, 0.5]
		},
		"firstperson_lefthand": {
			"translation": [1.75, 0, 0],
			"scale": [0.5, 0.5, 0.5]
		},
		"ground": {
			"translation": [3.75, 0, 3.75],
			"scale": [0.5, 0.5, 0.5]
		},
		"gui": {
			"rotation": [0, 153, 0],
			"translation": [-1.5, -4, 0],
			"scale": [0.5, 0.5, 0.5]
		},
		"head": {
			"translation": [4, 10.25, 1.25],
			"scale": [0.5, 0.5, 0.5]
		},
		"fixed": {
			"rotation": [-90, -180, 0],
			"translation": [-8, -8, -8]
		}
	},
	"groups": [
		{
			"name": "head",
			"origin": [0, 24, 0],
			"color": 0,
			"children": [0]
		},
		{
			"name": "headwear",
			"origin": [0, 24, 0],
			"color": 0,
			"children": [1]
		},
		{
			"name": "body",
			"origin": [0, 24, 0],
			"color": 0,
			"children": [2, 3]
		},
		{
			"name": "left_arm",
			"origin": [-5, 22, 0],
			"color": 0,
			"children": [4]
		},
		{
			"name": "right_arm",
			"origin": [5, 22, 0],
			"color": 0,
			"children": [5]
		},
		{
			"name": "left_leg",
			"origin": [-2, 12, 0.1],
			"color": 0,
			"children": [6]
		},
		{
			"name": "right_leg",
			"origin": [2, 12, 0.1],
			"color": 0,
			"children": [7]
		}
	]
}