{
	"credit": "Made with Blockbench",
	"texture_size": [64, 64],
	"textures": {
		"0": "default/witherplushietext"
	},
	"elements": [
		{
			"name": "head1",
			"from": [-4, 20, -4],
			"to": [4, 28, 4],
			"faces": {
				"north": {"uv": [2, 2, 4, 4], "texture": "#0"},
				"east": {"uv": [0, 2, 2, 4], "texture": "#0"},
				"south": {"uv": [6, 2, 8, 4], "texture": "#0"},
				"west": {"uv": [4, 2, 6, 4], "texture": "#0"},
				"up": {"uv": [4, 2, 2, 0], "texture": "#0"},
				"down": {"uv": [6, 0, 4, 2], "texture": "#0"}
			}
		},
		{
			"name": "head2",
			"from": [6, 18, -4],
			"to": [12, 24, 2],
			"faces": {
				"north": {"uv": [9.5, 1.5, 11, 3], "texture": "#0"},
				"east": {"uv": [8, 1.5, 9.5, 3], "texture": "#0"},
				"south": {"uv": [12.5, 1.5, 14, 3], "texture": "#0"},
				"west": {"uv": [11, 1.5, 12.5, 3], "texture": "#0"},
				"up": {"uv": [11, 1.5, 9.5, 0], "texture": "#0"},
				"down": {"uv": [12.5, 0, 11, 1.5], "texture": "#0"}
			}
		},
		{
			"name": "head3",
			"from": [-12, 18, -4],
			"to": [-6, 24, 2],
			"faces": {
				"north": {"uv": [9.5, 1.5, 11, 3], "texture": "#0"},
				"east": {"uv": [8, 1.5, 9.5, 3], "texture": "#0"},
				"south": {"uv": [12.5, 1.5, 14, 3], "texture": "#0"},
				"west": {"uv": [11, 1.5, 12.5, 3], "texture": "#0"},
				"up": {"uv": [11, 1.5, 9.5, 0], "texture": "#0"},
				"down": {"uv": [12.5, 0, 11, 1.5], "texture": "#0"}
			}
		},
		{
			"name": "body1",
			"from": [-10, 17.1, -0.5],
			"to": [10, 20.1, 2.5],
			"faces": {
				"north": {"uv": [0.75, 4.75, 5.75, 5.5], "texture": "#0"},
				"east": {"uv": [0, 4.75, 0.75, 5.5], "texture": "#0"},
				"south": {"uv": [6.5, 4.75, 11.5, 5.5], "texture": "#0"},
				"west": {"uv": [5.75, 4.75, 6.5, 5.5], "texture": "#0"},
				"up": {"uv": [5.75, 4.75, 0.75, 4], "texture": "#0"},
				"down": {"uv": [10.75, 4, 5.75, 4.75], "texture": "#0"}
			}
		},
		{
			"name": "body2",
			"from": [-1, 7.1, -0.5],
			"to": [2, 17.1, 2.5],
			"faces": {
				"north": {"uv": [0.75, 6.25, 1.5, 8.75], "texture": "#0"},
				"east": {"uv": [0, 6.25, 0.75, 8.75], "texture": "#0"},
				"south": {"uv": [2.25, 6.25, 3, 8.75], "texture": "#0"},
				"west": {"uv": [1.5, 6.25, 2.25, 8.75], "texture": "#0"},
				"up": {"uv": [1.5, 6.25, 0.75, 5.5], "texture": "#0"},
				"down": {"uv": [2.25, 5.5, 1.5, 6.25], "texture": "#0"}
			}
		},
		{
			"name": "body2",
			"from": [-5, 13.6, 0],
			"to": [6, 15.6, 2],
			"faces": {
				"north": {"uv": [6.5, 6, 9.25, 6.5], "texture": "#0"},
				"east": {"uv": [6, 6, 6.5, 6.5], "texture": "#0"},
				"south": {"uv": [9.75, 6, 12.5, 6.5], "texture": "#0"},
				"west": {"uv": [9.25, 6, 9.75, 6.5], "texture": "#0"},
				"up": {"uv": [9.25, 6, 6.5, 5.5], "texture": "#0"},
				"down": {"uv": [12, 5.5, 9.25, 6], "texture": "#0"}
			}
		},
		{
			"name": "body2",
			"from": [-5, 11.1, 0],
			"to": [6, 13.1, 2],
			"faces": {
				"north": {"uv": [6.5, 6, 9.25, 6.5], "texture": "#0"},
				"east": {"uv": [6, 6, 6.5, 6.5], "texture": "#0"},
				"south": {"uv": [9.75, 6, 12.5, 6.5], "texture": "#0"},
				"west": {"uv": [9.25, 6, 9.75, 6.5], "texture": "#0"},
				"up": {"uv": [9.25, 6, 6.5, 5.5], "texture": "#0"},
				"down": {"uv": [12, 5.5, 9.25, 6], "texture": "#0"}
			}
		},
		{
			"name": "body2",
			"from": [-5, 8.6, 0],
			"to": [6, 10.6, 2],
			"faces": {
				"north": {"uv": [6.5, 6, 9.25, 6.5], "texture": "#0"},
				"east": {"uv": [6, 6, 6.5, 6.5], "texture": "#0"},
				"south": {"uv": [9.75, 6, 12.5, 6.5], "texture": "#0"},
				"west": {"uv": [9.25, 6, 9.75, 6.5], "texture": "#0"},
				"up": {"uv": [9.25, 6, 6.5, 5.5], "texture": "#0"},
				"down": {"uv": [12, 5.5, 9.25, 6], "texture": "#0"}
			}
		},
		{
			"name": "body3",
			"from": [-1, 1.1, -0.5],
			"to": [2, 7.1, 2.5],
			"faces": {
				"north": {"uv": [3.75, 6.25, 4.5, 7.75], "texture": "#0"},
				"east": {"uv": [3, 6.25, 3.75, 7.75], "texture": "#0"},
				"south": {"uv": [5.25, 6.25, 6, 7.75], "texture": "#0"},
				"west": {"uv": [4.5, 6.25, 5.25, 7.75], "texture": "#0"},
				"up": {"uv": [4.5, 6.25, 3.75, 5.5], "texture": "#0"},
				"down": {"uv": [5.25, 5.5, 4.5, 6.25], "texture": "#0"}
			}
		}
	],
	"display": {
		"thirdperson_righthand": {
			"rotation": [25, 0, 0],
			"translation": [5.25, -0.75, 4.75],
			"scale": [0.7, 0.7, 0.7]
		},
		"thirdperson_lefthand": {
			"rotation": [25, 0, 0],
			"translation": [-5.25, -0.75, 4.75],
			"scale": [0.7, 0.7, 0.7]
		},
		"firstperson_righthand": {
			"translation": [8.25, 0, 0],
			"scale": [0.5, 0.5, 0.5]
		},
		"firstperson_lefthand": {
			"translation": [0.25, 0, 0],
			"scale": [0.5, 0.5, 0.5]
		},
		"ground": {
			"translation": [3.5, 0, 3.75],
			"scale": [0.5, 0.5, 0.5]
		},
		"gui": {
			"rotation": [0, 156, 0],
			"translation": [-2.5, -4.25, 0],
			"scale": [0.7, 0.7, 0.7]
		},
		"head": {
			"translation": [7.5, 13.5, 7]
		},
		"fixed": {
			"rotation": [-90, -180, 0],
			"translation": [-8, -8, -10]
		}
	},
	"groups": [
		{
			"name": "head1",
			"origin": [0, 24, 0],
			"color": 0,
			"children": [0]
		},
		{
			"name": "head2",
			"origin": [8, 20, 0],
			"color": 0,
			"children": [1]
		},
		{
			"name": "head3",
			"origin": [-10, 20, 0],
			"color": 0,
			"children": [2]
		},
		{
			"name": "body1",
			"origin": [0, 24, 0],
			"color": 0,
			"children": [3]
		},
		{
			"name": "body2",
			"origin": [2, 17.1, -0.5],
			"color": 0,
			"children": [4, 5, 6, 7]
		},
		{
			"name": "body3",
			"origin": [2, 7.1, -0.5],
			"color": 0,
			"children": [8]
		}
	]
}