{
	"credit": "Made with Blockbench",
	"texture_size": [64, 32],
	"textures": {
		"0": "default/wolfplushietext"
	},
	"elements": [
		{
			"name": "head",
			"from": [-3, 7.5, -9],
			"to": [3, 13.5, -5],
			"faces": {
				"north": {"uv": [1, 2, 2.5, 5], "texture": "#0"},
				"east": {"uv": [0, 2, 1, 5], "texture": "#0"},
				"south": {"uv": [3.5, 2, 5, 5], "texture": "#0"},
				"west": {"uv": [2.5, 2, 3.5, 5], "texture": "#0"},
				"up": {"uv": [2.5, 2, 1, 0], "texture": "#0"},
				"down": {"uv": [4, 0, 2.5, 2], "texture": "#0"}
			}
		},
		{
			"name": "head",
			"from": [-3, 13.5, -7],
			"to": [-1, 15.5, -6],
			"faces": {
				"north": {"uv": [4.25, 7.5, 4.75, 8.5], "texture": "#0"},
				"east": {"uv": [4, 7.5, 4.25, 8.5], "texture": "#0"},
				"south": {"uv": [5, 7.5, 5.5, 8.5], "texture": "#0"},
				"west": {"uv": [4.75, 7.5, 5, 8.5], "texture": "#0"},
				"up": {"uv": [4.75, 7.5, 4.25, 7], "texture": "#0"},
				"down": {"uv": [5.25, 7, 4.75, 7.5], "texture": "#0"}
			}
		},
		{
			"name": "head",
			"from": [1, 13.5, -7],
			"to": [3, 15.5, -6],
			"faces": {
				"north": {"uv": [4.25, 7.5, 4.75, 8.5], "texture": "#0"},
				"east": {"uv": [4, 7.5, 4.25, 8.5], "texture": "#0"},
				"south": {"uv": [5, 7.5, 5.5, 8.5], "texture": "#0"},
				"west": {"uv": [4.75, 7.5, 5, 8.5], "texture": "#0"},
				"up": {"uv": [4.75, 7.5, 4.25, 7], "texture": "#0"},
				"down": {"uv": [5.25, 7, 4.75, 7.5], "texture": "#0"}
			}
		},
		{
			"name": "head",
			"from": [-1.5, 7.52, -12],
			"to": [1.5, 10.52, -8],
			"faces": {
				"north": {"uv": [1, 7, 1.75, 8.5], "texture": "#0"},
				"east": {"uv": [0, 7, 1, 8.5], "texture": "#0"},
				"south": {"uv": [2.75, 7, 3.5, 8.5], "texture": "#0"},
				"west": {"uv": [1.75, 7, 2.75, 8.5], "texture": "#0"},
				"up": {"uv": [1.75, 7, 1, 5], "texture": "#0"},
				"down": {"uv": [2.5, 5, 1.75, 7], "texture": "#0"}
			}
		},
		{
			"name": "body_rotation",
			"from": [-3, 7, 1],
			"to": [3, 13, 10],
			"rotation": {"angle": 0, "axis": "y", "origin": [0, 7.5, 2]},
			"faces": {
				"north": {"uv": [9, 10, 7.5, 7], "rotation": 180, "texture": "#0"},
				"east": {"uv": [4.5, 10, 6, 14.5], "rotation": 90, "texture": "#0"},
				"south": {"uv": [9, 7, 7.5, 10], "texture": "#0"},
				"west": {"uv": [7.5, 10, 9, 14.5], "rotation": 270, "texture": "#0"},
				"up": {"uv": [9, 10, 10.5, 14.5], "texture": "#0"},
				"down": {"uv": [6, 10, 7.5, 14.5], "rotation": 180, "texture": "#0"}
			}
		},
		{
			"name": "mane_rotation",
			"from": [-4, 7, -5],
			"to": [4, 14, 2],
			"faces": {
				"north": {"uv": [7, 3.5, 9, 6.5], "texture": "#0"},
				"east": {"uv": [5.25, 3.5, 6.75, 6.5], "rotation": 90, "texture": "#0"},
				"south": {"uv": [10.75, 3.5, 12.75, 6.5], "texture": "#0"},
				"west": {"uv": [9, 3.5, 10.5, 6.5], "rotation": 270, "texture": "#0"},
				"up": {"uv": [9, 3.5, 7, 0], "texture": "#0"},
				"down": {"uv": [11, 0, 9, 3.5], "texture": "#0"}
			}
		},
		{
			"name": "leg1",
			"from": [0.5, 0, 6],
			"to": [2.5, 8, 8],
			"faces": {
				"north": {"uv": [0.5, 10, 1, 14], "texture": "#0"},
				"east": {"uv": [0, 10, 0.5, 14], "texture": "#0"},
				"south": {"uv": [1.5, 10, 2, 14], "texture": "#0"},
				"west": {"uv": [1, 10, 1.5, 14], "texture": "#0"},
				"up": {"uv": [1, 10, 0.5, 9], "texture": "#0"},
				"down": {"uv": [1.5, 9, 1, 10], "texture": "#0"}
			}
		},
		{
			"name": "leg2",
			"from": [-2.5, 0, 6],
			"to": [-0.5, 8, 8],
			"faces": {
				"north": {"uv": [0.5, 10, 1, 14], "texture": "#0"},
				"east": {"uv": [0, 10, 0.5, 14], "texture": "#0"},
				"south": {"uv": [1.5, 10, 2, 14], "texture": "#0"},
				"west": {"uv": [1, 10, 1.5, 14], "texture": "#0"},
				"up": {"uv": [1, 10, 0.5, 9], "texture": "#0"},
				"down": {"uv": [1.5, 9, 1, 10], "texture": "#0"}
			}
		},
		{
			"name": "leg3",
			"from": [0.5, 0, -5],
			"to": [2.5, 8, -3],
			"faces": {
				"north": {"uv": [0.5, 10, 1, 14], "texture": "#0"},
				"east": {"uv": [0, 10, 0.5, 14], "texture": "#0"},
				"south": {"uv": [1.5, 10, 2, 14], "texture": "#0"},
				"west": {"uv": [1, 10, 1.5, 14], "texture": "#0"},
				"up": {"uv": [1, 10, 0.5, 9], "texture": "#0"},
				"down": {"uv": [1.5, 9, 1, 10], "texture": "#0"}
			}
		},
		{
			"name": "leg4",
			"from": [-2.5, 0, -5],
			"to": [-0.5, 8, -3],
			"faces": {
				"north": {"uv": [0.5, 10, 1, 14], "texture": "#0"},
				"east": {"uv": [0, 10, 0.5, 14], "texture": "#0"},
				"south": {"uv": [1.5, 10, 2, 14], "texture": "#0"},
				"west": {"uv": [1, 10, 1.5, 14], "texture": "#0"},
				"up": {"uv": [1, 10, 0.5, 9], "texture": "#0"},
				"down": {"uv": [1.5, 9, 1, 10], "texture": "#0"}
			}
		},
		{
			"name": "tail",
			"from": [-1, 10, 11],
			"to": [1, 12, 19],
			"rotation": {"angle": -22.5, "axis": "x", "origin": [0, 8, 10]},
			"faces": {
				"north": {"uv": [3.25, 10, 2.75, 9], "rotation": 180, "texture": "#0"},
				"east": {"uv": [2.25, 10, 2.75, 14], "rotation": 90, "texture": "#0"},
				"south": {"uv": [3.75, 9, 3.25, 10], "texture": "#0"},
				"west": {"uv": [3.25, 10, 3.75, 14], "rotation": 270, "texture": "#0"},
				"up": {"uv": [3.75, 10, 4.25, 14], "texture": "#0"},
				"down": {"uv": [2.75, 10, 3.25, 14], "rotation": 180, "texture": "#0"}
			}
		}
	],
	"display": {
		"thirdperson_righthand": {
			"rotation": [90, 0, 0],
			"translation": [3.75, -4, -1.5],
			"scale": [0.5, 0.5, 0.5]
		},
		"thirdperson_lefthand": {
			"rotation": [90, 0, 0],
			"translation": [-3.75, -3, -1.5],
			"scale": [0.5, 0.5, 0.5]
		},
		"firstperson_righthand": {
			"rotation": [0, 80, 0],
			"translation": [21, 1.75, -7.75]
		},
		"firstperson_lefthand": {
			"rotation": [0, 80, 0],
			"translation": [21, 1.75, 6.5]
		},
		"ground": {
			"translation": [3.75, 0, 3.25],
			"scale": [0.5, 0.5, 0.5]
		},
		"gui": {
			"rotation": [-1, 158, 0],
			"translation": [-4.5, 0, 0]
		},
		"head": {
			"translation": [8, 14.5, 6.5]
		},
		"fixed": {
			"rotation": [-90, -180, 0],
			"translation": [-8, -8, -7.75]
		}
	},
	"groups": [
		{
			"name": "head",
			"origin": [1, 10.5, -7],
			"color": 0,
			"children": [0, 1, 2, 3]
		},
		{
			"name": "body",
			"origin": [0, 10, 2],
			"color": 0,
			"children": [
				{
					"name": "body_rotation",
					"origin": [0, 10, 2],
					"color": 0,
					"children": [4]
				}
			]
		},
		{
			"name": "mane",
			"origin": [1, 10, 2],
			"color": 0,
			"children": [
				{
					"name": "mane_rotation",
					"origin": [0, 7.5, -0.5],
					"color": 0,
					"children": [5]
				}
			]
		},
		{
			"name": "leg1",
			"origin": [2.5, 8, 7],
			"color": 0,
			"children": [6]
		},
		{
			"name": "leg2",
			"origin": [-0.5, 8, 7],
			"color": 0,
			"children": [7]
		},
		{
			"name": "leg3",
			"origin": [2.5, 8, -4],
			"color": 0,
			"children": [8]
		},
		{
			"name": "leg4",
			"origin": [-0.5, 8, -4],
			"color": 0,
			"children": [9]
		},
		{
			"name": "tail",
			"origin": [1, 12, 10],
			"color": 0,
			"children": [10]
		}
	]
}