{
	"credit": "Made with Blockbench",
	"texture_size": [128, 64],
	"textures": {
		"0": "default/zoglinplushtext",
		"particle": "default/zoglinplushtext"
	},
	"elements": [
		{
			"name": "head_rotation",
			"from": [9, 7.57351, -15],
			"to": [23, 13.57351, 4],
			"rotation": {"angle": -45, "axis": "x", "origin": [16, 14.32351, -9.96467]},
			"faces": {
				"north": {"uv": [10, 5, 11.75, 6.5], "texture": "#0"},
				"east": {"uv": [7.625, 5, 10, 6.5], "texture": "#0"},
				"south": {"uv": [14.125, 5, 15.875, 6.5], "texture": "#0"},
				"west": {"uv": [11.75, 5, 14.125, 6.5], "texture": "#0"},
				"up": {"uv": [11.75, 5, 10, 0.25], "texture": "#0"},
				"down": {"uv": [13.5, 0.25, 11.75, 5], "texture": "#0"}
			}
		},
		{
			"name": "head_rotation",
			"from": [8, 8.57351, -13.42934],
			"to": [10, 19.57351, -11.42934],
			"rotation": {"angle": -45, "axis": "x", "origin": [16, 14.32351, -9.96467]},
			"faces": {
				"north": {"uv": [0.375, 3.75, 0.625, 6.5], "texture": "#0"},
				"east": {"uv": [0.125, 3.75, 0.375, 6.5], "texture": "#0"},
				"south": {"uv": [0.875, 3.75, 1.125, 6.5], "texture": "#0"},
				"west": {"uv": [0.625, 3.75, 0.875, 6.5], "texture": "#0"},
				"up": {"uv": [0.625, 3.75, 0.375, 3.25], "texture": "#0"},
				"down": {"uv": [0.875, 3.25, 0.625, 3.75], "texture": "#0"}
			}
		},
		{
			"name": "head_rotation",
			"from": [22, 8.57351, -13.42934],
			"to": [24, 19.57351, -11.42934],
			"rotation": {"angle": -45, "axis": "x", "origin": [16, 14.32351, -9.96467]},
			"faces": {
				"north": {"uv": [1.5, 3.75, 1.75, 6.5], "texture": "#0"},
				"east": {"uv": [1.25, 3.75, 1.5, 6.5], "texture": "#0"},
				"south": {"uv": [2, 3.75, 2.25, 6.5], "texture": "#0"},
				"west": {"uv": [1.75, 3.75, 2, 6.5], "texture": "#0"},
				"up": {"uv": [1.75, 3.75, 1.5, 3.25], "texture": "#0"},
				"down": {"uv": [2, 3.25, 1.75, 3.75], "texture": "#0"}
			}
		},
		{
			"name": "left_ear_rotation2",
			"from": [3.35528, 17.16218, -1.57177],
			"to": [9.35528, 21.16218, -0.57177],
			"rotation": {"angle": 45, "axis": "x", "origin": [6.35528, 19.16218, 0.92823]},
			"faces": {
				"north": {"uv": [0.625, 1.75, 1.375, 2.75], "texture": "#0"},
				"east": {"uv": [0.5, 1.75, 0.625, 2.75], "texture": "#0"},
				"south": {"uv": [1.5, 1.75, 2.25, 2.75], "texture": "#0"},
				"west": {"uv": [1.375, 1.75, 1.5, 2.75], "texture": "#0"},
				"up": {"uv": [1.375, 1.75, 0.625, 1.5], "texture": "#0"},
				"down": {"uv": [2.125, 1.5, 1.375, 1.75], "texture": "#0"}
			}
		},
		{
			"name": "left_ear_rotation3",
			"from": [22.35528, 17.16218, -1.57177],
			"to": [28.35528, 21.16218, -0.57177],
			"rotation": {"angle": 45, "axis": "x", "origin": [6.35528, 19.16218, 0.92823]},
			"faces": {
				"north": {"uv": [0.625, 1.75, 1.375, 2.75], "texture": "#0"},
				"east": {"uv": [0.625, 1.75, 0.75, 2.75], "texture": "#0"},
				"south": {"uv": [1.375, 1.5, 2.125, 2.5], "texture": "#0"},
				"west": {"uv": [1.375, 1.75, 1.5, 2.75], "texture": "#0"},
				"up": {"uv": [1.375, 1.75, 0.625, 1.5], "texture": "#0"},
				"down": {"uv": [2.125, 1.5, 1.375, 1.75], "texture": "#0"}
			}
		},
		{
			"name": "body",
			"from": [8, 10, 2.5],
			"to": [24, 24, 28.5],
			"rotation": {"angle": 0, "axis": "y", "origin": [16, 0, 11]},
			"faces": {
				"north": {"uv": [3.375, 6.75, 5.375, 10.25], "texture": "#0"},
				"east": {"uv": [0.125, 6.75, 3.375, 10.25], "texture": "#0"},
				"south": {"uv": [8.625, 6.75, 10.625, 10.25], "texture": "#0"},
				"west": {"uv": [5.375, 6.75, 8.625, 10.25], "texture": "#0"},
				"up": {"uv": [5.375, 6.75, 3.375, 0.25], "texture": "#0"},
				"down": {"uv": [7.375, 0.25, 5.375, 6.75], "texture": "#0"}
			}
		},
		{
			"name": "mane",
			"from": [16, 21, -0.5],
			"to": [16, 31, 18.5],
			"rotation": {"angle": 0, "axis": "y", "origin": [16, 0, 11]},
			"faces": {
				"north": {"uv": [13.625, 13, 13.625, 15.5], "texture": "#0"},
				"east": {"uv": [11.25, 13, 13.625, 15.5], "texture": "#0"},
				"south": {"uv": [16, 13, 16, 15.5], "texture": "#0"},
				"west": {"uv": [13.625, 13, 11.25, 15.5], "texture": "#0"},
				"up": {"uv": [13.625, 13, 13.625, 8.25], "texture": "#0"},
				"down": {"uv": [13.625, 8.25, 13.625, 13], "texture": "#0"}
			}
		},
		{
			"name": "front_left_leg",
			"from": [9, 0, 3.5],
			"to": [15, 14, 9.5],
			"rotation": {"angle": 0, "axis": "y", "origin": [16, 0, 11]},
			"faces": {
				"north": {"uv": [5.875, 12, 6.625, 15.5], "texture": "#0"},
				"east": {"uv": [5.125, 12, 5.875, 15.5], "texture": "#0"},
				"south": {"uv": [7.375, 12, 8.125, 15.5], "texture": "#0"},
				"west": {"uv": [6.625, 12, 7.375, 15.5], "texture": "#0"},
				"up": {"uv": [6.625, 12, 5.875, 10.5], "texture": "#0"},
				"down": {"uv": [7.375, 10.5, 6.625, 12], "texture": "#0"}
			}
		},
		{
			"name": "front_right_leg",
			"from": [17, 0, 3.5],
			"to": [23, 14, 9.5],
			"rotation": {"angle": 0, "axis": "y", "origin": [16, 0, 11]},
			"faces": {
				"north": {"uv": [9, 12, 9.75, 15.5], "texture": "#0"},
				"east": {"uv": [8.25, 12, 9, 15.5], "texture": "#0"},
				"south": {"uv": [10.5, 12, 11.25, 15.5], "texture": "#0"},
				"west": {"uv": [9.75, 12, 10.5, 15.5], "texture": "#0"},
				"up": {"uv": [9.75, 12, 9, 10.5], "texture": "#0"},
				"down": {"uv": [10.5, 10.5, 9.75, 12], "texture": "#0"}
			}
		},
		{
			"name": "back_left_leg",
			"from": [9, 0, 22.5],
			"to": [14, 11, 27.5],
			"rotation": {"angle": 0, "axis": "y", "origin": [16, 0, 11]},
			"faces": {
				"north": {"uv": [0.625, 12.5, 1.25, 15.25], "texture": "#0"},
				"east": {"uv": [0, 12.5, 0.625, 15.25], "texture": "#0"},
				"south": {"uv": [1.875, 12.5, 2.5, 15.25], "texture": "#0"},
				"west": {"uv": [1.25, 12.5, 1.875, 15.25], "texture": "#0"},
				"up": {"uv": [1.25, 12.5, 0.625, 11.25], "texture": "#0"},
				"down": {"uv": [1.875, 11.25, 1.25, 12.5], "texture": "#0"}
			}
		},
		{
			"name": "back_right_leg",
			"from": [18, 0, 22.5],
			"to": [23, 11, 22.5],
			"rotation": {"angle": 0, "axis": "y", "origin": [16, 0, 11]},
			"faces": {
				"north": {"uv": [3.25, 12.5, 3.875, 15.25], "texture": "#0"},
				"east": {"uv": [2.625, 12.5, 3.25, 15.25], "texture": "#0"},
				"south": {"uv": [3.875, 12.5, 3.25, 15.25], "texture": "#0"},
				"west": {"uv": [3.875, 12.5, 4.5, 15.25], "texture": "#0"},
				"up": {"uv": [3.875, 12.5, 3.25, 11.25], "texture": "#0"},
				"down": {"uv": [4.5, 11.25, 3.875, 12.5], "texture": "#0"}
			}
		},
		{
			"name": "back_right_leg",
			"from": [18, 0, 27],
			"to": [23, 11, 27],
			"rotation": {"angle": 0, "axis": "y", "origin": [16, 0, 11]},
			"faces": {
				"north": {"uv": [5.125, 12.5, 4.5, 15.25], "texture": "#0"},
				"east": {"uv": [2.625, 12.5, 3.25, 15.25], "texture": "#0"},
				"south": {"uv": [4.5, 12.5, 5.125, 15.25], "texture": "#0"},
				"west": {"uv": [3.875, 12.5, 4.5, 15.25], "texture": "#0"},
				"up": {"uv": [3.875, 12.5, 3.25, 11.25], "texture": "#0"},
				"down": {"uv": [4.5, 11.25, 3.875, 12.5], "texture": "#0"}
			}
		},
		{
			"name": "back_right_leg",
			"from": [23, 0, 22],
			"to": [23, 11, 27],
			"rotation": {"angle": 0, "axis": "y", "origin": [20.5, 5.5, 22.5]},
			"faces": {
				"north": {"uv": [3.875, 12.5, 4.5, 15.25], "texture": "#0"},
				"east": {"uv": [2.625, 12.5, 3.25, 15.25], "texture": "#0"},
				"south": {"uv": [2.625, 12.5, 3.25, 15.25], "texture": "#0"},
				"west": {"uv": [3.25, 12.5, 2.625, 15.25], "texture": "#0"},
				"up": {"uv": [3.875, 12.5, 3.25, 11.25], "rotation": 90, "texture": "#0"},
				"down": {"uv": [4.5, 11.25, 3.875, 12.5], "rotation": 270, "texture": "#0"}
			}
		},
		{
			"name": "back_right_leg",
			"from": [18, 0, 22],
			"to": [18, 11, 27],
			"rotation": {"angle": 0, "axis": "y", "origin": [20.5, 5.5, 22.5]},
			"faces": {
				"north": {"uv": [3.875, 12.5, 4.5, 15.25], "texture": "#0"},
				"east": {"uv": [4.5, 12.5, 3.875, 15.25], "texture": "#0"},
				"south": {"uv": [2.625, 12.5, 3.25, 15.25], "texture": "#0"},
				"west": {"uv": [3.875, 12.5, 4.5, 15.25], "texture": "#0"},
				"up": {"uv": [3.875, 12.5, 3.25, 11.25], "rotation": 90, "texture": "#0"},
				"down": {"uv": [4.5, 11.25, 3.875, 12.5], "rotation": 270, "texture": "#0"}
			}
		}
	],
	"display": {
		"thirdperson_righthand": {
			"rotation": [90, 0, 0],
			"translation": [-2.25, -0.25, -4],
			"scale": [0.25, 0.25, 0.25]
		},
		"thirdperson_lefthand": {
			"rotation": [90, 0, 0],
			"translation": [2.25, 0, -4],
			"scale": [0.25, 0.25, 0.25]
		},
		"firstperson_righthand": {
			"scale": [0.5, 0.5, 0.5]
		},
		"firstperson_lefthand": {
			"translation": [5.5, 0, 0],
			"scale": [0.5, 0.5, 0.5]
		},
		"ground": {
			"scale": [0.4, 0.4, 0.4]
		},
		"gui": {
			"rotation": [10, 149, 0],
			"translation": [3.5, -3.75, 0],
			"scale": [0.5, 0.5, 0.5]
		},
		"head": {
			"translation": [-4, 10.25, -4],
			"scale": [0.5, 0.5, 0.5]
		},
		"fixed": {
			"rotation": [-90, -180, 0],
			"translation": [8, 8, -8]
		}
	},
	"groups": [
		{
			"name": "all",
			"origin": [8, 8, 8],
			"color": 0,
			"children": [
				{
					"name": "head",
					"origin": [0, 21, -8.5],
					"color": 0,
					"children": [
						{
							"name": "head_rotation",
							"origin": [0, 21, -8.5],
							"color": 0,
							"children": [0, 1, 2]
						}
					]
				},
				{
					"name": "left_ear",
					"origin": [-6, 23, -11.5],
					"color": 0,
					"children": [
						{
							"name": "left_ear_rotation",
							"origin": [0.5, 21.25, -8.5],
							"color": 0,
							"children": [
								{
									"name": "left_ear_rotation2",
									"origin": [-6, 23, -11.5],
									"color": 0,
									"children": [3]
								}
							]
						}
					]
				},
				{
					"name": "left_ear",
					"origin": [-6, 23, -11.5],
					"color": 0,
					"children": [
						{
							"name": "left_ear_rotation",
							"origin": [0.5, 21.25, -8.5],
							"color": 0,
							"children": [
								{
									"name": "left_ear_rotation2",
									"origin": [-6, 23, -11.5],
									"color": 0,
									"children": [4]
								}
							]
						}
					]
				},
				{
					"name": "body",
					"origin": [0, 17, 4.5],
					"color": 0,
					"children": [5]
				},
				{
					"name": "mane",
					"origin": [0, 31, -2.5],
					"color": 0,
					"children": [6]
				},
				{
					"name": "front_left_leg",
					"origin": [-4, 14, -4.75],
					"color": 0,
					"children": [7]
				},
				{
					"name": "front_right_leg",
					"origin": [4, 14, -4.5],
					"color": 0,
					"children": [8]
				},
				{
					"name": "back_left_leg",
					"origin": [-4.5, 11, 14],
					"color": 0,
					"children": [9]
				},
				{
					"name": "back_right_leg",
					"origin": [4.5, 11, 14],
					"color": 0,
					"children": [10, 11, 12, 13]
				}
			]
		}
	]
}