{
	"credit": "Made with Blockbench",
	"texture_size": [64, 64],
	"textures": {
		"0": "default/zompiglinplushietext"
	},
	"elements": [
		{
			"name": "head",
			"from": [-5, 24, -4],
			"to": [5, 32, 4],
			"faces": {
				"north": {"uv": [2, 2, 4.5, 4], "texture": "#0"},
				"east": {"uv": [0, 2, 2, 4], "texture": "#0"},
				"south": {"uv": [6.5, 2, 9, 4], "texture": "#0"},
				"west": {"uv": [4.5, 2, 6.5, 4], "texture": "#0"},
				"up": {"uv": [4.5, 2, 2, 0], "texture": "#0"},
				"down": {"uv": [7, 0, 4.5, 2], "texture": "#0"}
			}
		},
		{
			"name": "head",
			"from": [-2, 24, -5],
			"to": [2, 28, -4],
			"faces": {
				"north": {"uv": [8, 0.5, 9, 1.5], "texture": "#0"},
				"east": {"uv": [7.75, 0.5, 8, 1.5], "texture": "#0"},
				"south": {"uv": [9.25, 0.5, 10.25, 1.5], "texture": "#0"},
				"west": {"uv": [9, 0.5, 9.25, 1.5], "texture": "#0"},
				"up": {"uv": [9, 0.5, 8, 0.25], "texture": "#0"},
				"down": {"uv": [10, 0.25, 9, 0.5], "texture": "#0"}
			}
		},
		{
			"name": "head",
			"from": [-3, 24, -5],
			"to": [-2, 26, -4],
			"faces": {
				"north": {"uv": [0.75, 1.25, 1, 1.75], "texture": "#0"},
				"east": {"uv": [0.5, 1.25, 0.75, 1.75], "texture": "#0"},
				"south": {"uv": [1.25, 1.25, 1.5, 1.75], "texture": "#0"},
				"west": {"uv": [1, 1.25, 1.25, 1.75], "texture": "#0"},
				"up": {"uv": [1, 1.25, 0.75, 1], "texture": "#0"},
				"down": {"uv": [1.25, 1, 1, 1.25], "texture": "#0"}
			}
		},
		{
			"name": "head",
			"from": [2, 24, -5],
			"to": [3, 26, -4],
			"faces": {
				"north": {"uv": [0.75, 0.25, 1, 0.75], "texture": "#0"},
				"east": {"uv": [0.5, 0.25, 0.75, 0.75], "texture": "#0"},
				"south": {"uv": [1.25, 0.25, 1.5, 0.75], "texture": "#0"},
				"west": {"uv": [1, 0.25, 1.25, 0.75], "texture": "#0"},
				"up": {"uv": [1, 0.25, 0.75, 0], "texture": "#0"},
				"down": {"uv": [1.25, 0, 1, 0.25], "texture": "#0"}
			}
		},
		{
			"name": "left_ear",
			"from": [-6.5, 25, -2],
			"to": [-5.5, 30, 2],
			"rotation": {"angle": -22.5, "axis": "z", "origin": [-5, 27.5, 0]},
			"faces": {
				"north": {"uv": [13.75, 2.5, 14, 3.75], "texture": "#0"},
				"east": {"uv": [12.75, 2.5, 13.75, 3.75], "texture": "#0"},
				"south": {"uv": [15, 2.5, 15.25, 3.75], "texture": "#0"},
				"west": {"uv": [14, 2.5, 15, 3.75], "texture": "#0"},
				"up": {"uv": [14, 2.5, 13.75, 1.5], "texture": "#0"},
				"down": {"uv": [14.25, 1.5, 14, 2.5], "texture": "#0"}
			}
		},
		{
			"name": "right_ear",
			"from": [4.5, 25, -2],
			"to": [5.5, 30, 2],
			"faces": {
				"north": {"uv": [11, 2.5, 11.25, 3.75], "texture": "#0"},
				"east": {"uv": [10, 2.5, 11, 3.75], "texture": "#0"},
				"south": {"uv": [12.25, 2.5, 12.5, 3.75], "texture": "#0"},
				"west": {"uv": [11.25, 2.5, 12.25, 3.75], "texture": "#0"},
				"up": {"uv": [11.25, 2.5, 11, 1.5], "texture": "#0"},
				"down": {"uv": [11.5, 1.5, 11.25, 2.5], "texture": "#0"}
			}
		},
		{
			"name": "body",
			"from": [-4, 12, -2],
			"to": [4, 24, 2],
			"faces": {
				"north": {"uv": [5, 5, 7, 8], "texture": "#0"},
				"east": {"uv": [4, 5, 5, 8], "texture": "#0"},
				"south": {"uv": [8, 5, 10, 8], "texture": "#0"},
				"west": {"uv": [7, 5, 8, 8], "texture": "#0"},
				"up": {"uv": [7, 5, 5, 4], "texture": "#0"},
				"down": {"uv": [9, 4, 7, 5], "texture": "#0"}
			}
		},
		{
			"name": "jacket",
			"from": [-4.25, 11.75, -2.25],
			"to": [4.25, 24.25, 2.25],
			"faces": {
				"north": {"uv": [5, 9, 7, 12], "texture": "#0"},
				"east": {"uv": [4, 9, 5, 12], "texture": "#0"},
				"south": {"uv": [8, 9, 10, 12], "texture": "#0"},
				"west": {"uv": [7, 9, 8, 12], "texture": "#0"},
				"up": {"uv": [7, 9, 5, 8], "texture": "#0"},
				"down": {"uv": [9, 8, 7, 9], "texture": "#0"}
			}
		},
		{
			"name": "left_arm",
			"from": [-8, 12, -2],
			"to": [-4, 24, 2],
			"faces": {
				"north": {"uv": [9, 13, 10, 16], "texture": "#0"},
				"east": {"uv": [8, 13, 9, 16], "texture": "#0"},
				"south": {"uv": [11, 13, 12, 16], "texture": "#0"},
				"west": {"uv": [10, 13, 11, 16], "texture": "#0"},
				"up": {"uv": [10, 13, 9, 12], "texture": "#0"},
				"down": {"uv": [11, 12, 10, 13], "texture": "#0"}
			}
		},
		{
			"name": "left_sleeve",
			"from": [-8.25, 11.75, -2.25],
			"to": [-3.75, 24.25, 2.25],
			"faces": {
				"north": {"uv": [13, 13, 14, 16], "texture": "#0"},
				"east": {"uv": [12, 13, 13, 16], "texture": "#0"},
				"south": {"uv": [15, 13, 16, 16], "texture": "#0"},
				"west": {"uv": [14, 13, 15, 16], "texture": "#0"},
				"up": {"uv": [14, 13, 13, 12], "texture": "#0"},
				"down": {"uv": [15, 12, 14, 13], "texture": "#0"}
			}
		},
		{
			"name": "right_arm",
			"from": [4, 12, -2],
			"to": [8, 24, 2],
			"faces": {
				"north": {"uv": [11, 5, 12, 8], "texture": "#0"},
				"east": {"uv": [10, 5, 11, 8], "texture": "#0"},
				"south": {"uv": [13, 5, 14, 8], "texture": "#0"},
				"west": {"uv": [12, 5, 13, 8], "texture": "#0"},
				"up": {"uv": [12, 5, 11, 4], "texture": "#0"},
				"down": {"uv": [13, 4, 12, 5], "texture": "#0"}
			}
		},
		{
			"name": "right_sleeve",
			"from": [3.75, 11.75, -2.25],
			"to": [8.25, 24.25, 2.25],
			"faces": {
				"north": {"uv": [11, 9, 12, 12], "texture": "#0"},
				"east": {"uv": [10, 9, 11, 12], "texture": "#0"},
				"south": {"uv": [13, 9, 14, 12], "texture": "#0"},
				"west": {"uv": [12, 9, 13, 12], "texture": "#0"},
				"up": {"uv": [12, 9, 11, 8], "texture": "#0"},
				"down": {"uv": [13, 8, 12, 9], "texture": "#0"}
			}
		},
		{
			"name": "left_leg",
			"from": [-4, 0, -2],
			"to": [0, 12, 2],
			"faces": {
				"north": {"uv": [5, 13, 6, 16], "texture": "#0"},
				"east": {"uv": [4, 13, 5, 16], "texture": "#0"},
				"south": {"uv": [7, 13, 8, 16], "texture": "#0"},
				"west": {"uv": [6, 13, 7, 16], "texture": "#0"},
				"up": {"uv": [6, 13, 5, 12], "texture": "#0"},
				"down": {"uv": [7, 12, 6, 13], "texture": "#0"}
			}
		},
		{
			"name": "left_pants",
			"from": [-4.25, -0.25, -2.25],
			"to": [0.25, 12.25, 2.25],
			"faces": {
				"north": {"uv": [1, 13, 2, 16], "texture": "#0"},
				"east": {"uv": [0, 13, 1, 16], "texture": "#0"},
				"south": {"uv": [3, 13, 4, 16], "texture": "#0"},
				"west": {"uv": [2, 13, 3, 16], "texture": "#0"},
				"up": {"uv": [2, 13, 1, 12], "texture": "#0"},
				"down": {"uv": [3, 12, 2, 13], "texture": "#0"}
			}
		},
		{
			"name": "right_leg",
			"from": [0, 0, -2],
			"to": [4, 12, 2],
			"faces": {
				"north": {"uv": [1, 5, 2, 8], "texture": "#0"},
				"east": {"uv": [0, 5, 1, 8], "texture": "#0"},
				"south": {"uv": [3, 5, 4, 8], "texture": "#0"},
				"west": {"uv": [2, 5, 3, 8], "texture": "#0"},
				"up": {"uv": [2, 5, 1, 4], "texture": "#0"},
				"down": {"uv": [3, 4, 2, 5], "texture": "#0"}
			}
		},
		{
			"name": "right_pants",
			"from": [-0.25, -0.25, -2.25],
			"to": [4.25, 12.25, 2.25],
			"faces": {
				"north": {"uv": [1, 9, 2, 12], "texture": "#0"},
				"east": {"uv": [0, 9, 1, 12], "texture": "#0"},
				"south": {"uv": [3, 9, 4, 12], "texture": "#0"},
				"west": {"uv": [2, 9, 3, 12], "texture": "#0"},
				"up": {"uv": [2, 9, 1, 8], "texture": "#0"},
				"down": {"uv": [3, 8, 2, 9], "texture": "#0"}
			}
		}
	],
	"display": {
		"thirdperson_righthand": {
			"translation": [4, -6.75, 3.5],
			"scale": [0.5, 0.5, 0.5]
		},
		"thirdperson_lefthand": {
			"translation": [-4, -6.75, 3.5],
			"scale": [0.5, 0.5, 0.5]
		},
		"firstperson_righthand": {
			"translation": [9.5, 0, 0],
			"scale": [0.5, 0.5, 0.5]
		},
		"firstperson_lefthand": {
			"translation": [1.75, 0, 0],
			"scale": [0.5, 0.5, 0.5]
		},
		"ground": {
			"translation": [3.75, 0, 3.75],
			"scale": [0.5, 0.5, 0.5]
		},
		"gui": {
			"rotation": [0, 153, 0],
			"translation": [-1.5, -4, 0],
			"scale": [0.5, 0.5, 0.5]
		},
		"head": {
			"translation": [4, 10.25, 1.25],
			"scale": [0.5, 0.5, 0.5]
		},
		"fixed": {
			"rotation": [-90, -180, 0],
			"translation": [-8, -8, -8]
		}
	},
	"groups": [
		{
			"name": "head",
			"origin": [0, 24, 0],
			"color": 0,
			"children": [0, 1, 2, 3]
		},
		{
			"name": "left_ear",
			"origin": [-4.5, 30, 0],
			"color": 0,
			"children": [4]
		},
		{
			"name": "right_ear",
			"origin": [4.5, 30, 0],
			"color": 0,
			"children": [5]
		},
		{
			"name": "body",
			"origin": [0, 24, 0],
			"color": 0,
			"children": [6]
		},
		{
			"name": "jacket",
			"origin": [0, 24, 0],
			"color": 0,
			"children": [7]
		},
		{
			"name": "left_arm",
			"origin": [-5, 22, 0],
			"color": 0,
			"children": [8]
		},
		{
			"name": "left_sleeve",
			"origin": [-5, 22, 0],
			"color": 0,
			"children": [9]
		},
		{
			"name": "right_arm",
			"origin": [5, 22, 0],
			"color": 0,
			"children": [10]
		},
		{
			"name": "right_sleeve",
			"origin": [5, 22, 0],
			"color": 0,
			"children": [11]
		},
		{
			"name": "left_leg",
			"origin": [-2, 12, 0],
			"color": 0,
			"children": [12]
		},
		{
			"name": "left_pants",
			"origin": [-2, 12, 0],
			"color": 0,
			"children": [13]
		},
		{
			"name": "right_leg",
			"origin": [2, 12, 0],
			"color": 0,
			"children": [14]
		},
		{
			"name": "right_pants",
			"origin": [2, 12, 0],
			"color": 0,
			"children": [15]
		}
	]
}