{"textures":{"0":"modelengine:entity/nalftext"},"elements":[{"from":[4.9166665,19.25,5.25],"to":[11.75,21.75,10.416667],"faces":{"east":{"uv":[0.0,2.875,0.9375,3.3125],"tintindex":0,"rotation":0,"texture":"#0"},"south":{"uv":[3.125,2.875,4.375,3.3125],"tintindex":0,"rotation":0,"texture":"#0"},"north":{"uv":[0.9375,2.875,2.1875,3.3125],"tintindex":0,"rotation":0,"texture":"#0"},"west":{"uv":[2.1875,2.875,3.125,3.3125],"tintindex":0,"rotation":0,"texture":"#0"},"up":{"uv":[2.1875,2.875,0.9375,1.9375],"tintindex":0,"rotation":0,"texture":"#0"},"down":{"uv":[3.4375,1.9375,2.1875,2.875],"tintindex":0,"rotation":0,"texture":"#0"}}},{"from":[5.0,10.333334,6.0],"to":[7.3333335,12.333334,9.666667],"faces":{"east":{"uv":[5.5,6.8125,6.1875,7.1875],"tintindex":0,"rotation":0,"texture":"#0"},"south":{"uv":[7.3125,6.8125,7.75,7.1875],"tintindex":0,"rotation":0,"texture":"#0"},"north":{"uv":[6.1875,6.8125,6.625,7.1875],"tintindex":0,"rotation":0,"texture":"#0"},"west":{"uv":[6.625,6.8125,7.3125,7.1875],"tintindex":0,"rotation":0,"texture":"#0"},"up":{"uv":[6.625,6.8125,6.1875,6.125],"tintindex":0,"rotation":0,"texture":"#0"},"down":{"uv":[7.0625,6.125,6.625,6.8125],"tintindex":0,"rotation":0,"texture":"#0"}}},{"from":[9.333333,10.333334,6.0],"to":[11.666667,12.333334,9.666667],"faces":{"east":{"uv":[5.5,5.75,6.1875,6.125],"tintindex":0,"rotation":0,"texture":"#0"},"south":{"uv":[7.3125,5.75,7.75,6.125],"tintindex":0,"rotation":0,"texture":"#0"},"north":{"uv":[6.1875,5.75,6.625,6.125],"tintindex":0,"rotation":0,"texture":"#0"},"west":{"uv":[6.625,5.75,7.3125,6.125],"tintindex":0,"rotation":0,"texture":"#0"},"up":{"uv":[6.625,5.75,6.1875,5.0625],"tintindex":0,"rotation":0,"texture":"#0"},"down":{"uv":[7.0625,5.0625,6.625,5.75],"tintindex":0,"rotation":0,"texture":"#0"}}},{"from":[5.0,14.333334,5.333333],"to":[11.666667,15.333334,10.333334],"faces":{"east":{"uv":[0.0,4.25,0.9375,4.4375],"tintindex":0,"rotation":0,"texture":"#0"},"south":{"uv":[3.125,4.25,4.375,4.4375],"tintindex":0,"rotation":0,"texture":"#0"},"north":{"uv":[0.9375,4.25,2.1875,4.4375],"tintindex":0,"rotation":0,"texture":"#0"},"west":{"uv":[2.1875,4.25,3.125,4.4375],"tintindex":0,"rotation":0,"texture":"#0"},"up":{"uv":[2.1875,4.25,0.9375,3.3125],"tintindex":0,"rotation":0,"texture":"#0"},"down":{"uv":[3.4375,3.3125,2.1875,4.25],"tintindex":0,"rotation":0,"texture":"#0"}}},{"from":[14.916667,18.583334,6.9166665],"to":[16.75,23.083334,9.083333],"faces":{"east":{"uv":[0.0,7.125,0.375,7.9375],"tintindex":0,"rotation":0,"texture":"#0"},"south":{"uv":[1.0625,7.125,1.375,7.9375],"tintindex":0,"rotation":0,"texture":"#0"},"north":{"uv":[0.375,7.125,0.6875,7.9375],"tintindex":0,"rotation":0,"texture":"#0"},"west":{"uv":[0.6875,7.125,1.0625,7.9375],"tintindex":0,"rotation":0,"texture":"#0"},"up":{"uv":[0.6875,7.125,0.375,6.75],"tintindex":0,"rotation":0,"texture":"#0"},"down":{"uv":[1.0,6.75,0.6875,7.125],"tintindex":0,"rotation":0,"texture":"#0"}}},{"from":[0.583333,18.583334,6.9166665],"to":[2.4166665,23.083334,9.083333],"faces":{"east":{"uv":[4.125,6.625,4.5,7.4375],"tintindex":0,"rotation":0,"texture":"#0"},"south":{"uv":[5.1875,6.625,5.5,7.4375],"tintindex":0,"rotation":0,"texture":"#0"},"north":{"uv":[4.5,6.625,4.8125,7.4375],"tintindex":0,"rotation":0,"texture":"#0"},"west":{"uv":[4.8125,6.625,5.1875,7.4375],"tintindex":0,"rotation":0,"texture":"#0"},"up":{"uv":[4.8125,6.625,4.5,6.25],"tintindex":0,"rotation":0,"texture":"#0"},"down":{"uv":[5.125,6.25,4.8125,6.625],"tintindex":0,"rotation":0,"texture":"#0"}}},{"from":[0.583333,13.916667,6.9166665],"to":[2.4166665,18.416668,9.083333],"faces":{"east":{"uv":[1.375,7.4375,1.75,8.25],"tintindex":0,"rotation":0,"texture":"#0"},"south":{"uv":[2.4375,7.4375,2.75,8.25],"tintindex":0,"rotation":0,"texture":"#0"},"north":{"uv":[1.75,7.4375,2.0625,8.25],"tintindex":0,"rotation":0,"texture":"#0"},"west":{"uv":[2.0625,7.4375,2.4375,8.25],"tintindex":0,"rotation":0,"texture":"#0"},"up":{"uv":[2.0625,7.4375,1.75,7.0625],"tintindex":0,"rotation":0,"texture":"#0"},"down":{"uv":[2.375,7.0625,2.0625,7.4375],"tintindex":0,"rotation":0,"texture":"#0"}}},{"from":[1.25,22.583334,6.583333],"to":[3.75,24.416668,9.416667],"faces":{"east":{"uv":[5.125,1.5625,5.625,1.875],"tintindex":0,"rotation":0,"texture":"#0"},"south":{"uv":[6.5625,1.5625,7.0,1.875],"tintindex":0,"rotation":0,"texture":"#0"},"north":{"uv":[5.625,1.5625,6.0625,1.875],"tintindex":0,"rotation":0,"texture":"#0"},"west":{"uv":[6.0625,1.5625,6.5625,1.875],"tintindex":0,"rotation":0,"texture":"#0"},"up":{"uv":[6.0625,1.5625,5.625,1.0625],"tintindex":0,"rotation":0,"texture":"#0"},"down":{"uv":[6.5,1.0625,6.0625,1.5625],"tintindex":0,"rotation":0,"texture":"#0"}}},{"from":[14.916667,13.916667,6.9166665],"to":[16.75,18.416668,9.083333],"faces":{"east":{"uv":[2.75,7.4375,3.125,8.25],"tintindex":0,"rotation":0,"texture":"#0"},"south":{"uv":[3.8125,7.4375,4.125,8.25],"tintindex":0,"rotation":0,"texture":"#0"},"north":{"uv":[3.125,7.4375,3.4375,8.25],"tintindex":0,"rotation":0,"texture":"#0"},"west":{"uv":[3.4375,7.4375,3.8125,8.25],"tintindex":0,"rotation":0,"texture":"#0"},"up":{"uv":[3.4375,7.4375,3.125,7.0625],"tintindex":0,"rotation":0,"texture":"#0"},"down":{"uv":[3.75,7.0625,3.4375,7.4375],"tintindex":0,"rotation":0,"texture":"#0"}}},{"from":[4.583333,15.25,4.583333],"to":[12.083334,19.416668,11.083334],"faces":{"east":{"uv":[0.0,1.1875,1.1875,1.9375],"tintindex":0,"rotation":0,"texture":"#0"},"south":{"uv":[3.75,1.1875,5.125,1.9375],"tintindex":0,"rotation":0,"texture":"#0"},"north":{"uv":[1.1875,1.1875,2.5625,1.9375],"tintindex":0,"rotation":0,"texture":"#0"},"west":{"uv":[2.5625,1.1875,3.75,1.9375],"tintindex":0,"rotation":0,"texture":"#0"},"up":{"uv":[2.5625,1.1875,1.1875,0.0],"tintindex":0,"rotation":0,"texture":"#0"},"down":{"uv":[3.9375,0.0,2.5625,1.1875],"tintindex":0,"rotation":0,"texture":"#0"}}},{"from":[13.583334,22.583334,6.583333],"to":[16.083334,24.416668,9.416667],"faces":{"east":{"uv":[2.25,6.75,2.75,7.0625],"tintindex":0,"rotation":0,"texture":"#0"},"south":{"uv":[3.6875,6.75,4.125,7.0625],"tintindex":0,"rotation":0,"texture":"#0"},"north":{"uv":[2.75,6.75,3.1875,7.0625],"tintindex":0,"rotation":0,"texture":"#0"},"west":{"uv":[3.1875,6.75,3.6875,7.0625],"tintindex":0,"rotation":0,"texture":"#0"},"up":{"uv":[3.1875,6.75,2.75,6.25],"tintindex":0,"rotation":0,"texture":"#0"},"down":{"uv":[3.625,6.25,3.1875,6.75],"tintindex":0,"rotation":0,"texture":"#0"}}},{"from":[9.333333,12.333334,6.0],"to":[11.666667,14.333334,9.666667],"faces":{"east":{"uv":[5.125,0.6875,5.8125,1.0625],"tintindex":0,"rotation":0,"texture":"#0"},"south":{"uv":[6.9375,0.6875,7.375,1.0625],"tintindex":0,"rotation":0,"texture":"#0"},"north":{"uv":[5.8125,0.6875,6.25,1.0625],"tintindex":0,"rotation":0,"texture":"#0"},"west":{"uv":[6.25,0.6875,6.9375,1.0625],"tintindex":0,"rotation":0,"texture":"#0"},"up":{"uv":[6.25,0.6875,5.8125,0.0],"tintindex":0,"rotation":0,"texture":"#0"},"down":{"uv":[6.6875,0.0,6.25,0.6875],"tintindex":0,"rotation":0,"texture":"#0"}}},{"from":[5.25,21.583334,5.583333],"to":[11.416667,23.083334,10.083334],"faces":{"east":{"uv":[4.375,2.75,5.1875,3.0],"tintindex":0,"rotation":0,"texture":"#0"},"south":{"uv":[7.125,2.75,8.25,3.0],"tintindex":0,"rotation":0,"texture":"#0"},"north":{"uv":[5.1875,2.75,6.3125,3.0],"tintindex":0,"rotation":0,"texture":"#0"},"west":{"uv":[6.3125,2.75,7.125,3.0],"tintindex":0,"rotation":0,"texture":"#0"},"up":{"uv":[6.3125,2.75,5.1875,1.9375],"tintindex":0,"rotation":0,"texture":"#0"},"down":{"uv":[7.4375,1.9375,6.3125,2.75],"tintindex":0,"rotation":0,"texture":"#0"}}},{"from":[4.6666665,8.0,5.6666665],"to":[7.6666665,10.333334,10.0],"faces":{"east":{"uv":[0.0,5.25,0.8125,5.6875],"tintindex":0,"rotation":0,"texture":"#0"},"south":{"uv":[2.1875,5.25,2.75,5.6875],"tintindex":0,"rotation":0,"texture":"#0"},"north":{"uv":[0.8125,5.25,1.375,5.6875],"tintindex":0,"rotation":0,"texture":"#0"},"west":{"uv":[1.375,5.25,2.1875,5.6875],"tintindex":0,"rotation":0,"texture":"#0"},"up":{"uv":[1.375,5.25,0.8125,4.4375],"tintindex":0,"rotation":0,"texture":"#0"},"down":{"uv":[1.9375,4.4375,1.375,5.25],"tintindex":0,"rotation":0,"texture":"#0"}}},{"from":[9.0,8.0,5.6666665],"to":[12.0,10.333334,10.0],"faces":{"east":{"uv":[4.375,4.625,5.1875,5.0625],"tintindex":0,"rotation":0,"texture":"#0"},"south":{"uv":[6.5625,4.625,7.125,5.0625],"tintindex":0,"rotation":0,"texture":"#0"},"north":{"uv":[5.1875,4.625,5.75,5.0625],"tintindex":0,"rotation":0,"texture":"#0"},"west":{"uv":[5.75,4.625,6.5625,5.0625],"tintindex":0,"rotation":0,"texture":"#0"},"up":{"uv":[5.75,4.625,5.1875,3.8125],"tintindex":0,"rotation":0,"texture":"#0"},"down":{"uv":[6.3125,3.8125,5.75,4.625],"tintindex":0,"rotation":0,"texture":"#0"}}},{"from":[5.583333,22.916668,5.9166665],"to":[11.083334,23.75,9.75],"faces":{"east":{"uv":[4.375,3.6875,5.0625,3.8125],"tintindex":0,"rotation":0,"texture":"#0"},"south":{"uv":[6.75,3.6875,7.75,3.8125],"tintindex":0,"rotation":0,"texture":"#0"},"north":{"uv":[5.0625,3.6875,6.0625,3.8125],"tintindex":0,"rotation":0,"texture":"#0"},"west":{"uv":[6.0625,3.6875,6.75,3.8125],"tintindex":0,"rotation":0,"texture":"#0"},"up":{"uv":[6.0625,3.6875,5.0625,3.0],"tintindex":0,"rotation":0,"texture":"#0"},"down":{"uv":[7.0625,3.0,6.0625,3.6875],"tintindex":0,"rotation":0,"texture":"#0"}}},{"from":[5.0,12.333334,6.0],"to":[7.3333335,14.333334,9.666667],"faces":{"east":{"uv":[0.0,6.375,0.6875,6.75],"tintindex":0,"rotation":0,"texture":"#0"},"south":{"uv":[1.8125,6.375,2.25,6.75],"tintindex":0,"rotation":0,"texture":"#0"},"north":{"uv":[0.6875,6.375,1.125,6.75],"tintindex":0,"rotation":0,"texture":"#0"},"west":{"uv":[1.125,6.375,1.8125,6.75],"tintindex":0,"rotation":0,"texture":"#0"},"up":{"uv":[1.125,6.375,0.6875,5.6875],"tintindex":0,"rotation":0,"texture":"#0"},"down":{"uv":[1.5625,5.6875,1.125,6.375],"tintindex":0,"rotation":0,"texture":"#0"}}}],"display":{"gui":{"rotation":[30,225,0]}}}