{"textures":{"0":"modelengine:entity/nalftext"},"elements":[{"from":[5.0,21.0,6.0],"to":[12.0,26.5,10.0],"faces":{"east":{"uv":[2.75,5.5625,3.25,6.25],"tintindex":0,"rotation":0,"texture":"#0"},"south":{"uv":[4.625,5.5625,5.5,6.25],"tintindex":0,"rotation":0,"texture":"#0"},"north":{"uv":[3.25,5.5625,4.125,6.25],"tintindex":0,"rotation":0,"texture":"#0"},"west":{"uv":[4.125,5.5625,4.625,6.25],"tintindex":0,"rotation":0,"texture":"#0"},"up":{"uv":[4.125,5.5625,3.25,5.0625],"tintindex":0,"rotation":0,"texture":"#0"},"down":{"uv":[5.0,5.0625,4.125,5.5625],"tintindex":0,"rotation":0,"texture":"#0"}}}],"display":{"gui":{"rotation":[30,225,0]}}}