{"textures":{"0":"modelengine:entity/nalftext"},"elements":[{"from":[6.25,23.0,4.75],"to":[7.25,24.0,5.75],"faces":{"east":{"uv":[2.25,6.0625,2.375,6.1875],"tintindex":0,"rotation":0,"texture":"#0"},"south":{"uv":[2.625,6.0625,2.75,6.1875],"tintindex":0,"rotation":0,"texture":"#0"},"north":{"uv":[2.375,6.0625,2.5,6.1875],"tintindex":0,"rotation":0,"texture":"#0"},"west":{"uv":[2.5,6.0625,2.625,6.1875],"tintindex":0,"rotation":0,"texture":"#0"},"up":{"uv":[2.5,6.0625,2.375,5.9375],"tintindex":0,"rotation":0,"texture":"#0"},"down":{"uv":[2.625,5.9375,2.5,6.0625],"tintindex":0,"rotation":0,"texture":"#0"}}},{"from":[9.75,21.5,4.5],"to":[11.25,23.0,6.0],"faces":{"east":{"uv":[7.125,4.0,7.3125,4.1875],"tintindex":0,"rotation":0,"texture":"#0"},"south":{"uv":[7.6875,4.0,7.875,4.1875],"tintindex":0,"rotation":0,"texture":"#0"},"north":{"uv":[7.3125,4.0,7.5,4.1875],"tintindex":0,"rotation":0,"texture":"#0"},"west":{"uv":[7.5,4.0,7.6875,4.1875],"tintindex":0,"rotation":0,"texture":"#0"},"up":{"uv":[7.5,4.0,7.3125,3.8125],"tintindex":0,"rotation":0,"texture":"#0"},"down":{"uv":[7.6875,3.8125,7.5,4.0],"tintindex":0,"rotation":0,"texture":"#0"}}},{"from":[6.0,21.5,4.5],"to":[7.5,23.0,6.0],"faces":{"east":{"uv":[7.125,4.375,7.3125,4.5625],"tintindex":0,"rotation":0,"texture":"#0"},"south":{"uv":[7.6875,4.375,7.875,4.5625],"tintindex":0,"rotation":0,"texture":"#0"},"north":{"uv":[7.3125,4.375,7.5,4.5625],"tintindex":0,"rotation":0,"texture":"#0"},"west":{"uv":[7.5,4.375,7.6875,4.5625],"tintindex":0,"rotation":0,"texture":"#0"},"up":{"uv":[7.5,4.375,7.3125,4.1875],"tintindex":0,"rotation":0,"texture":"#0"},"down":{"uv":[7.6875,4.1875,7.5,4.375],"tintindex":0,"rotation":0,"texture":"#0"}}},{"from":[10.0,23.0,4.75],"to":[11.0,24.0,5.75],"faces":{"east":{"uv":[2.25,5.8125,2.375,5.9375],"tintindex":0,"rotation":0,"texture":"#0"},"south":{"uv":[2.625,5.8125,2.75,5.9375],"tintindex":0,"rotation":0,"texture":"#0"},"north":{"uv":[2.375,5.8125,2.5,5.9375],"tintindex":0,"rotation":0,"texture":"#0"},"west":{"uv":[2.5,5.8125,2.625,5.9375],"tintindex":0,"rotation":0,"texture":"#0"},"up":{"uv":[2.5,5.8125,2.375,5.6875],"tintindex":0,"rotation":0,"texture":"#0"},"down":{"uv":[2.625,5.6875,2.5,5.8125],"tintindex":0,"rotation":0,"texture":"#0"}}}],"display":{"gui":{"rotation":[30,225,0]}}}