{"textures":{"0":"modelengine:entity/nalftext"},"elements":[{"from":[4.0,22.0,7.0],"to":[4.5,25.0,9.0],"faces":{"east":{"uv":[3.375,4.6875,3.625,5.0625],"tintindex":0,"rotation":0,"texture":"#0"},"south":{"uv":[3.9375,4.6875,4.0,5.0625],"tintindex":0,"rotation":0,"texture":"#0"},"north":{"uv":[3.625,4.6875,3.6875,5.0625],"tintindex":0,"rotation":0,"texture":"#0"},"west":{"uv":[3.6875,4.6875,3.9375,5.0625],"tintindex":0,"rotation":0,"texture":"#0"},"up":{"uv":[3.6875,4.6875,3.625,4.4375],"tintindex":0,"rotation":0,"texture":"#0"},"down":{"uv":[3.75,4.4375,3.6875,4.6875],"tintindex":0,"rotation":0,"texture":"#0"}}}],"display":{"gui":{"rotation":[30,225,0]}}}