{"textures":{"0":"modelengine:entity/nalftext"},"elements":[{"from":[5.875,19.875,6.375],"to":[11.125,21.125,9.625],"faces":{"east":{"uv":[7.0,1.4375,7.375,1.5625],"tintindex":0,"rotation":0,"texture":"#0"},"south":{"uv":[8.375,1.4375,9.0,1.5625],"tintindex":0,"rotation":0,"texture":"#0"},"north":{"uv":[7.375,1.4375,8.0,1.5625],"tintindex":0,"rotation":0,"texture":"#0"},"west":{"uv":[8.0,1.4375,8.375,1.5625],"tintindex":0,"rotation":0,"texture":"#0"},"up":{"uv":[8.0,1.4375,7.375,1.0625],"tintindex":0,"rotation":0,"texture":"#0"},"down":{"uv":[8.625,1.0625,8.0,1.4375],"tintindex":0,"rotation":0,"texture":"#0"}}}],"display":{"gui":{"rotation":[30,225,0]}}}