{"textures":{"0":"modelengine:entity/nalftext"},"elements":[{"from":[12.5,22.0,7.0],"to":[13.0,25.0,9.0],"faces":{"east":{"uv":[2.75,4.6875,3.0,5.0625],"tintindex":0,"rotation":0,"texture":"#0"},"south":{"uv":[3.3125,4.6875,3.375,5.0625],"tintindex":0,"rotation":0,"texture":"#0"},"north":{"uv":[3.0,4.6875,3.0625,5.0625],"tintindex":0,"rotation":0,"texture":"#0"},"west":{"uv":[3.0625,4.6875,3.3125,5.0625],"tintindex":0,"rotation":0,"texture":"#0"},"up":{"uv":[3.0625,4.6875,3.0,4.4375],"tintindex":0,"rotation":0,"texture":"#0"},"down":{"uv":[3.125,4.4375,3.0625,4.6875],"tintindex":0,"rotation":0,"texture":"#0"}}}],"display":{"gui":{"rotation":[30,225,0]}}}