{"textures":{"0":"modelengine:entity/nalftext"},"elements":[{"from":[7.5,21.5,5.0],"to":[9.75,23.5,6.0],"faces":{"east":{"uv":[7.0,1.6875,7.125,1.9375],"tintindex":0,"rotation":0,"texture":"#0"},"south":{"uv":[7.5,1.6875,7.75,1.9375],"tintindex":0,"rotation":0,"texture":"#0"},"north":{"uv":[7.125,1.6875,7.375,1.9375],"tintindex":0,"rotation":0,"texture":"#0"},"west":{"uv":[7.375,1.6875,7.5,1.9375],"tintindex":0,"rotation":0,"texture":"#0"},"up":{"uv":[7.375,1.6875,7.125,1.5625],"tintindex":0,"rotation":0,"texture":"#0"},"down":{"uv":[7.625,1.5625,7.375,1.6875],"tintindex":0,"rotation":0,"texture":"#0"}}}],"display":{"gui":{"rotation":[30,225,0]}}}