{"textures":{"0":"modelengine:entity/raccoontext"},"elements":[{"from":[7.0,3.0,7.0],"to":[9.0,7.0,9.0],"faces":{"east":{"uv":[2.0,9.5,2.5,10.5],"tintindex":0,"rotation":0,"texture":"#0"},"south":{"uv":[3.5,9.5,4.0,10.5],"tintindex":0,"rotation":0,"texture":"#0"},"north":{"uv":[2.5,9.5,3.0,10.5],"tintindex":0,"rotation":0,"texture":"#0"},"west":{"uv":[3.0,9.5,3.5,10.5],"tintindex":0,"rotation":0,"texture":"#0"},"up":{"uv":[3.0,9.5,2.5,9.0],"tintindex":0,"rotation":0,"texture":"#0"},"down":{"uv":[3.5,9.0,3.0,9.5],"tintindex":0,"rotation":0,"texture":"#0"}}}],"display":{"gui":{"rotation":[30,225,0]}}}