{"textures":{"0":"modelengine:entity/raccoontext"},"elements":[{"from":[7.0,3.0,7.0],"to":[9.0,7.0,9.0],"faces":{"east":{"uv":[4.0,9.5,4.5,10.5],"tintindex":0,"rotation":0,"texture":"#0"},"south":{"uv":[5.5,9.5,6.0,10.5],"tintindex":0,"rotation":0,"texture":"#0"},"north":{"uv":[4.5,9.5,5.0,10.5],"tintindex":0,"rotation":0,"texture":"#0"},"west":{"uv":[5.0,9.5,5.5,10.5],"tintindex":0,"rotation":0,"texture":"#0"},"up":{"uv":[5.0,9.5,4.5,9.0],"tintindex":0,"rotation":0,"texture":"#0"},"down":{"uv":[5.5,9.0,5.0,9.5],"tintindex":0,"rotation":0,"texture":"#0"}}}],"display":{"gui":{"rotation":[30,225,0]}}}