{"textures":{"0":"modelengine:entity/raccoontext"},"elements":[{"from":[8.0,8.5,7.5],"to":[10.0,11.5,8.5],"faces":{"east":{"uv":[8.0,10.5,8.25,11.0],"tintindex":0,"rotation":0,"texture":"#0"},"south":{"uv":[9.0,10.5,9.5,11.0],"tintindex":0,"rotation":0,"texture":"#0"},"north":{"uv":[8.25,10.5,8.75,11.0],"tintindex":0,"rotation":0,"texture":"#0"},"west":{"uv":[8.75,10.5,9.0,11.0],"tintindex":0,"rotation":0,"texture":"#0"},"up":{"uv":[8.75,10.5,8.25,10.25],"tintindex":0,"rotation":0,"texture":"#0"},"down":{"uv":[9.25,10.25,8.75,10.5],"tintindex":0,"rotation":0,"texture":"#0"}}}],"display":{"gui":{"rotation":[30,225,0]}}}