{"textures":{"0":"modelengine:entity/mimictext"},"elements":[{"from":[1.0,3.0,1.0],"to":[15.0,13.0,15.0],"faces":{"east":{"uv":[0.0,8.25,3.5,10.75],"tintindex":0,"rotation":0,"texture":"#0"},"south":{"uv":[10.5,8.25,14.0,10.75],"tintindex":0,"rotation":0,"texture":"#0"},"north":{"uv":[3.5,8.25,7.0,10.75],"tintindex":0,"rotation":0,"texture":"#0"},"west":{"uv":[7.0,8.25,10.5,10.75],"tintindex":0,"rotation":0,"texture":"#0"},"up":{"uv":[7.0,8.25,3.5,4.75],"tintindex":0,"rotation":0,"texture":"#0"},"down":{"uv":[10.5,4.75,7.0,8.25],"tintindex":0,"rotation":0,"texture":"#0"}}}],"display":{"gui":{"rotation":[30,225,0]}}}