{"textures":{"0":"modelengine:entity/mimictext"},"elements":[{"from":[-1.0,26.0,19.0],"to":[1.0,30.0,20.0],"faces":{"east":{"uv":[0.0,0.25,0.25,1.25],"tintindex":0,"rotation":0,"texture":"#0"},"south":{"uv":[1.0,0.25,1.5,1.25],"tintindex":0,"rotation":0,"texture":"#0"},"north":{"uv":[0.25,0.25,0.75,1.25],"tintindex":0,"rotation":0,"texture":"#0"},"west":{"uv":[0.75,0.25,1.0,1.25],"tintindex":0,"rotation":0,"texture":"#0"},"up":{"uv":[0.75,0.25,0.25,0.0],"tintindex":0,"rotation":0,"texture":"#0"},"down":{"uv":[1.25,0.0,0.75,0.25],"tintindex":0,"rotation":0,"texture":"#0"}}}],"display":{"gui":{"rotation":[30,225,0]}}}