{"textures":{"0":"modelengine:entity/mimictext"},"elements":[{"from":[1.0,3.0,8.0],"to":[15.0,8.0,22.0],"faces":{"east":{"uv":[0.0,3.5,3.5,4.75],"tintindex":0,"rotation":0,"texture":"#0"},"south":{"uv":[10.5,3.5,14.0,4.75],"tintindex":0,"rotation":0,"texture":"#0"},"north":{"uv":[3.5,3.5,7.0,4.75],"tintindex":0,"rotation":0,"texture":"#0"},"west":{"uv":[7.0,3.5,10.5,4.75],"tintindex":0,"rotation":0,"texture":"#0"},"up":{"uv":[7.0,3.5,3.5,0.0],"tintindex":0,"rotation":0,"texture":"#0"},"down":{"uv":[10.5,0.0,7.0,3.5],"tintindex":0,"rotation":0,"texture":"#0"}}}],"display":{"gui":{"rotation":[30,225,0]}}}