{"textures":{"0":"modelengine:entity/mimictext"},"elements":[{"from":[11.0,29.0,-6.0],"to":[12.0,31.0,-6.0],"faces":{"south":{"uv":[0.25,0.0,0.5,0.5],"tintindex":0,"rotation":0,"texture":"#0"},"north":{"uv":[0.0,0.0,0.25,0.5],"tintindex":0,"rotation":0,"texture":"#0"}}},{"from":[2.0,29.0,-5.0],"to":[2.0,30.0,-4.0],"faces":{"east":{"uv":[0.0,0.25,0.25,0.5],"tintindex":0,"rotation":0,"texture":"#0"},"west":{"uv":[0.25,0.25,0.5,0.5],"tintindex":0,"rotation":0,"texture":"#0"}}},{"from":[4.0,29.0,-6.0],"to":[5.0,31.0,-6.0],"faces":{"south":{"uv":[0.25,0.0,0.5,0.5],"tintindex":0,"rotation":0,"texture":"#0"},"north":{"uv":[0.0,0.0,0.25,0.5],"tintindex":0,"rotation":0,"texture":"#0"}}},{"from":[10.0,29.0,-6.0],"to":[11.0,32.0,-6.0],"faces":{"south":{"uv":[0.25,0.0,0.5,0.75],"tintindex":0,"rotation":0,"texture":"#0"},"north":{"uv":[0.0,0.0,0.25,0.75],"tintindex":0,"rotation":0,"texture":"#0"}}},{"from":[14.0,29.0,-5.0],"to":[14.0,30.0,-4.0],"faces":{"east":{"uv":[0.0,0.25,0.25,0.5],"tintindex":0,"rotation":0,"texture":"#0"},"west":{"uv":[0.25,0.25,0.5,0.5],"tintindex":0,"rotation":0,"texture":"#0"}}},{"from":[2.0,29.0,-6.0],"to":[3.0,32.0,-6.0],"faces":{"south":{"uv":[0.25,0.0,0.5,0.75],"tintindex":0,"rotation":0,"texture":"#0"},"north":{"uv":[0.0,0.0,0.25,0.75],"tintindex":0,"rotation":0,"texture":"#0"}}},{"from":[6.0,29.0,-6.0],"to":[7.0,31.0,-6.0],"faces":{"south":{"uv":[0.25,0.0,0.5,0.5],"tintindex":0,"rotation":0,"texture":"#0"},"north":{"uv":[0.0,0.0,0.25,0.5],"tintindex":0,"rotation":0,"texture":"#0"}}},{"from":[3.0,29.0,-6.0],"to":[4.0,30.0,-6.0],"faces":{"south":{"uv":[0.25,0.0,0.5,0.25],"tintindex":0,"rotation":0,"texture":"#0"},"north":{"uv":[0.0,0.0,0.25,0.25],"tintindex":0,"rotation":0,"texture":"#0"}}},{"from":[13.0,29.0,-6.0],"to":[14.0,32.0,-6.0],"faces":{"south":{"uv":[0.25,0.0,0.5,0.75],"tintindex":0,"rotation":0,"texture":"#0"},"north":{"uv":[0.0,0.0,0.25,0.75],"tintindex":0,"rotation":0,"texture":"#0"}}},{"from":[7.0,29.0,-6.0],"to":[8.0,32.0,-6.0],"faces":{"south":{"uv":[0.25,0.0,0.5,0.75],"tintindex":0,"rotation":0,"texture":"#0"},"north":{"uv":[0.0,0.0,0.25,0.75],"tintindex":0,"rotation":0,"texture":"#0"}}}],"display":{"gui":{"rotation":[30,225,0]}}}