{"textures":{"0":"modelengine:entity/crow"},"elements":[{"from":[6.0,8.0,4.0],"to":[11.0,11.0,10.0],"faces":{"east":{"uv":[0.0,3.0,3.0,4.5],"tintindex":0,"rotation":0,"texture":"#0"},"south":{"uv":[8.5,3.0,11.0,4.5],"tintindex":0,"rotation":0,"texture":"#0"},"north":{"uv":[3.0,3.0,5.5,4.5],"tintindex":0,"rotation":0,"texture":"#0"},"west":{"uv":[5.5,3.0,8.5,4.5],"tintindex":0,"rotation":0,"texture":"#0"},"up":{"uv":[5.5,3.0,3.0,0.0],"tintindex":0,"rotation":0,"texture":"#0"},"down":{"uv":[8.0,0.0,5.5,3.0],"tintindex":0,"rotation":0,"texture":"#0"}}}],"display":{"gui":{"rotation":[30,225,0]}}}