{"textures":{"0":"modelengine:entity/crow"},"elements":[{"from":[7.5,7.916667,5.0000005],"to":[8.5,8.916666,7.0],"faces":{"east":{"uv":[11.0,4.0,12.0,4.5],"tintindex":0,"rotation":0,"texture":"#0"},"south":{"uv":[9.0,11.5,9.5,12.0],"tintindex":0,"rotation":0,"texture":"#0"},"north":{"uv":[7.5,11.5,8.0,12.0],"tintindex":0,"rotation":0,"texture":"#0"},"west":{"uv":[7.0,11.0,8.0,11.5],"tintindex":0,"rotation":0,"texture":"#0"},"up":{"uv":[8.5,12.0,8.0,11.0],"tintindex":0,"rotation":0,"texture":"#0"},"down":{"uv":[9.0,11.0,8.5,12.0],"tintindex":0,"rotation":0,"texture":"#0"}}}],"display":{"gui":{"rotation":[30,225,0]}}}