{"textures":{"0":"modelengine:entity/crow"},"elements":[{"from":[6.5,7.916667,4.0],"to":[9.5,10.416666,9.0],"faces":{"east":{"uv":[-0.5,11.0,2.0,12.0],"tintindex":0,"rotation":0,"texture":"#0"},"south":{"uv":[6.0,11.0,7.5,12.0],"tintindex":0,"rotation":0,"texture":"#0"},"north":{"uv":[2.0,11.0,3.5,12.0],"tintindex":0,"rotation":0,"texture":"#0"},"west":{"uv":[3.5,11.0,6.0,12.0],"tintindex":0,"rotation":0,"texture":"#0"},"up":{"uv":[3.5,11.0,2.0,8.5],"tintindex":0,"rotation":0,"texture":"#0"},"down":{"uv":[5.0,8.5,3.5,11.0],"tintindex":0,"rotation":0,"texture":"#0"}}}],"display":{"gui":{"rotation":[30,225,0]}}}