{"textures":{"0":"modelengine:entity/crow"},"elements":[{"from":[7.0,8.0,7.0],"to":[8.0,8.0,9.0],"faces":{"up":{"uv":[12.5,2.0,12.0,1.0],"tintindex":0,"rotation":0,"texture":"#0"},"down":{"uv":[13.0,1.0,12.5,2.0],"tintindex":0,"rotation":0,"texture":"#0"}}},{"from":[7.0,9.0,8.0],"to":[8.0,9.0,10.0],"faces":{"up":{"uv":[12.5,4.0,12.0,3.0],"tintindex":0,"rotation":0,"texture":"#0"},"down":{"uv":[13.0,3.0,12.5,4.0],"tintindex":0,"rotation":0,"texture":"#0"}},"rotation":{"origin":[7.5,9.0,9.0],"angle":-45.0,"axis":"x"}}],"display":{"gui":{"rotation":[30,225,0]}}}