{"textures":{"0":"modelengine:entity/crow"},"elements":[{"from":[7.0867066,6.5,8.217523],"to":[8.086706,9.5,14.217523],"faces":{"east":{"uv":[7.0,7.5,10.0,9.0],"tintindex":0,"rotation":0,"texture":"#0"},"south":{"uv":[13.5,7.5,14.0,9.0],"tintindex":0,"rotation":0,"texture":"#0"},"north":{"uv":[10.0,7.5,10.5,9.0],"tintindex":0,"rotation":0,"texture":"#0"},"west":{"uv":[10.5,7.5,13.5,9.0],"tintindex":0,"rotation":0,"texture":"#0"},"up":{"uv":[10.5,7.5,10.0,4.5],"tintindex":0,"rotation":0,"texture":"#0"},"down":{"uv":[11.0,4.5,10.5,7.5],"tintindex":0,"rotation":0,"texture":"#0"}}}],"display":{"gui":{"rotation":[30,225,0]}}}