{"textures":{"0":"modelengine:entity/crow"},"elements":[{"from":[8.5,6.5,8.0],"to":[9.5,9.5,14.0],"faces":{"east":{"uv":[0.0,7.5,3.0,9.0],"tintindex":0,"rotation":0,"texture":"#0"},"south":{"uv":[6.5,7.5,7.0,9.0],"tintindex":0,"rotation":0,"texture":"#0"},"north":{"uv":[3.0,7.5,3.5,9.0],"tintindex":0,"rotation":0,"texture":"#0"},"west":{"uv":[3.5,7.5,6.5,9.0],"tintindex":0,"rotation":0,"texture":"#0"},"up":{"uv":[3.5,7.5,3.0,4.5],"tintindex":0,"rotation":0,"texture":"#0"},"down":{"uv":[4.0,4.5,3.5,7.5],"tintindex":0,"rotation":0,"texture":"#0"}}}],"display":{"gui":{"rotation":[30,225,0]}}}