{"textures":{"0":"modelengine:entity/crow"},"elements":[{"from":[6.5,7.5,7.5],"to":[9.5,8.5,10.5],"faces":{"east":{"uv":[7.0,10.5,8.5,11.0],"tintindex":0,"rotation":0,"texture":"#0"},"south":{"uv":[11.5,10.5,13.0,11.0],"tintindex":0,"rotation":0,"texture":"#0"},"north":{"uv":[8.5,10.5,10.0,11.0],"tintindex":0,"rotation":0,"texture":"#0"},"west":{"uv":[10.0,10.5,11.5,11.0],"tintindex":0,"rotation":0,"texture":"#0"},"up":{"uv":[10.0,10.5,8.5,9.0],"tintindex":0,"rotation":0,"texture":"#0"},"down":{"uv":[11.5,9.0,10.0,10.5],"tintindex":0,"rotation":0,"texture":"#0"}}}],"display":{"gui":{"rotation":[30,225,0]}}}