{"textures":{"0":"modelengine:entity/crow"},"elements":[{"from":[7.5,7.9166665,4.0000005],"to":[8.5,8.916666,7.0],"faces":{"east":{"uv":[9.0,11.0,11.0,11.5],"tintindex":0,"rotation":0,"texture":"#0"},"south":{"uv":[10.0,11.5,11.0,12.0],"tintindex":0,"rotation":0,"texture":"#0"},"north":{"uv":[9.5,11.5,10.5,12.0],"tintindex":0,"rotation":0,"texture":"#0"},"west":{"uv":[10.0,11.0,11.0,11.5],"tintindex":0,"rotation":0,"texture":"#0"},"up":{"uv":[12.0,11.5,11.0,11.0],"tintindex":0,"rotation":0,"texture":"#0"},"down":{"uv":[7.5,11.5,7.0,13.0],"tintindex":0,"rotation":0,"texture":"#0"}}}],"display":{"gui":{"rotation":[30,225,0]}}}