{"textures":{"0":"modelengine:entity/crabbtext"},"elements":[{"from":[4.0,5.1,4.0],"to":[12.0,8.1,13.0],"faces":{"east":{"uv":[0.0,2.25,2.25,3.0],"tintindex":0,"rotation":0,"texture":"#0"},"south":{"uv":[6.5,2.25,8.5,3.0],"tintindex":0,"rotation":0,"texture":"#0"},"north":{"uv":[2.25,2.25,4.25,3.0],"tintindex":0,"rotation":0,"texture":"#0"},"west":{"uv":[4.25,2.25,6.5,3.0],"tintindex":0,"rotation":0,"texture":"#0"},"up":{"uv":[4.25,2.25,2.25,0.0],"tintindex":0,"rotation":0,"texture":"#0"},"down":{"uv":[6.25,0.0,4.25,2.25],"tintindex":0,"rotation":0,"texture":"#0"}}},{"from":[10.0,7.1,3.9899998],"to":[11.0,9.1,4.99],"faces":{"east":{"uv":[0.0,3.25,0.25,3.75],"tintindex":0,"rotation":0,"texture":"#0"},"south":{"uv":[0.75,3.25,1.0,3.75],"tintindex":0,"rotation":0,"texture":"#0"},"north":{"uv":[0.25,3.25,0.5,3.75],"tintindex":0,"rotation":0,"texture":"#0"},"west":{"uv":[0.5,3.25,0.75,3.75],"tintindex":0,"rotation":0,"texture":"#0"},"up":{"uv":[0.5,3.25,0.25,3.0],"tintindex":0,"rotation":0,"texture":"#0"},"down":{"uv":[0.75,3.0,0.5,3.25],"tintindex":0,"rotation":0,"texture":"#0"}}},{"from":[5.0,7.1,3.9899998],"to":[6.0,9.1,4.99],"faces":{"east":{"uv":[1.75,4.75,2.0,5.25],"tintindex":0,"rotation":0,"texture":"#0"},"south":{"uv":[2.5,4.75,2.75,5.25],"tintindex":0,"rotation":0,"texture":"#0"},"north":{"uv":[2.0,4.75,2.25,5.25],"tintindex":0,"rotation":0,"texture":"#0"},"west":{"uv":[2.25,4.75,2.5,5.25],"tintindex":0,"rotation":0,"texture":"#0"},"up":{"uv":[2.25,4.75,2.0,4.5],"tintindex":0,"rotation":0,"texture":"#0"},"down":{"uv":[2.5,4.5,2.25,4.75],"tintindex":0,"rotation":0,"texture":"#0"}}}],"display":{"gui":{"rotation":[30,225,0]}}}