{"textures":{"0":"modelengine:entity/crabbtext"},"elements":[{"from":[1.5060482,5.1,-1.6274214],"to":[3.5060482,6.1,1.3725786],"faces":{"east":{"uv":[6.75,3.75,6.0,4.0],"tintindex":0,"rotation":0,"texture":"#0"},"south":{"uv":[7.25,3.75,6.75,4.0],"tintindex":0,"rotation":0,"texture":"#0"},"north":{"uv":[6.0,3.75,5.5,4.0],"tintindex":0,"rotation":0,"texture":"#0"},"west":{"uv":[5.5,3.75,4.75,4.0],"tintindex":0,"rotation":0,"texture":"#0"},"up":{"uv":[5.5,3.75,6.0,3.0],"tintindex":0,"rotation":0,"texture":"#0"},"down":{"uv":[6.0,3.0,6.5,3.75],"tintindex":0,"rotation":0,"texture":"#0"}},"rotation":{"origin":[2.8381934,5.46265,1.0536551],"angle":-22.5,"axis":"y"}}],"display":{"gui":{"rotation":[30,225,0]}}}