{"textures":{"0":"modelengine:entity/crabbtext"},"elements":[{"from":[8.7,8.5,8.0],"to":[12.2,9.5,9.0],"faces":{"east":{"uv":[0.0,0.25,0.25,0.5],"tintindex":0,"rotation":0,"texture":"#0"},"south":{"uv":[1.25,0.25,2.0,0.5],"tintindex":0,"rotation":0,"texture":"#0"},"north":{"uv":[0.25,0.25,1.0,0.5],"tintindex":0,"rotation":0,"texture":"#0"},"west":{"uv":[1.0,0.25,1.25,0.5],"tintindex":0,"rotation":0,"texture":"#0"},"up":{"uv":[1.0,0.25,0.25,0.0],"tintindex":0,"rotation":0,"texture":"#0"},"down":{"uv":[1.75,0.0,1.0,0.25],"tintindex":0,"rotation":0,"texture":"#0"}},"rotation":{"origin":[10.0,9.0,9.0],"angle":22.5,"axis":"z"}}],"display":{"gui":{"rotation":[30,225,0]}}}