{"textures":{"0":"modelengine:entity/crabbtext"},"elements":[{"from":[12.493952,6.1,-1.6274214],"to":[14.493952,7.1,1.3725786],"faces":{"east":{"uv":[4.75,3.75,5.5,4.0],"tintindex":0,"rotation":0,"texture":"#0"},"south":{"uv":[6.75,3.75,7.25,4.0],"tintindex":0,"rotation":0,"texture":"#0"},"north":{"uv":[5.5,3.75,6.0,4.0],"tintindex":0,"rotation":0,"texture":"#0"},"west":{"uv":[6.0,3.75,6.75,4.0],"tintindex":0,"rotation":0,"texture":"#0"},"up":{"uv":[6.0,3.75,5.5,3.0],"tintindex":0,"rotation":0,"texture":"#0"},"down":{"uv":[6.5,3.0,6.0,3.75],"tintindex":0,"rotation":0,"texture":"#0"}},"rotation":{"origin":[13.161806,6.46265,1.0536551],"angle":22.5,"axis":"y"}}],"display":{"gui":{"rotation":[30,225,0]}}}