{"textures":{"0":"modelengine:entity/crabbtext"},"elements":[{"from":[7.6,8.1,6.2810764],"to":[9.6,10.1,9.281076],"faces":{"east":{"uv":[1.75,3.75,2.5,4.25],"tintindex":0,"rotation":0,"texture":"#0"},"south":{"uv":[3.75,3.75,4.25,4.25],"tintindex":0,"rotation":0,"texture":"#0"},"north":{"uv":[2.5,3.75,3.0,4.25],"tintindex":0,"rotation":0,"texture":"#0"},"west":{"uv":[3.0,3.75,3.75,4.25],"tintindex":0,"rotation":0,"texture":"#0"},"up":{"uv":[3.0,3.75,2.5,3.0],"tintindex":0,"rotation":0,"texture":"#0"},"down":{"uv":[3.5,3.0,3.0,3.75],"tintindex":0,"rotation":0,"texture":"#0"}},"rotation":{"origin":[8.267855,8.0,9.281076],"angle":22.5,"axis":"y"}}],"display":{"gui":{"rotation":[30,225,0]}}}