{"textures":{"0":"modelengine:entity/crabbtext"},"elements":[{"from":[12.0,6.1,0.5],"to":[13.0,7.1,5.5],"faces":{"east":{"uv":[0.0,4.25,1.25,4.5],"tintindex":0,"rotation":0,"texture":"#0"},"south":{"uv":[2.75,4.25,3.0,4.5],"tintindex":0,"rotation":0,"texture":"#0"},"north":{"uv":[1.25,4.25,1.5,4.5],"tintindex":0,"rotation":0,"texture":"#0"},"west":{"uv":[1.5,4.25,2.75,4.5],"tintindex":0,"rotation":0,"texture":"#0"},"up":{"uv":[1.5,4.25,1.25,3.0],"tintindex":0,"rotation":0,"texture":"#0"},"down":{"uv":[1.75,3.0,1.5,4.25],"tintindex":0,"rotation":0,"texture":"#0"}},"rotation":{"origin":[13.0,7.0,3.0],"angle":-22.5,"axis":"y"}}],"display":{"gui":{"rotation":[30,225,0]}}}