{"textures":{"0":"modelengine:entity/crabbtext"},"elements":[{"from":[7.0,7.0,7.0],"to":[9.0,9.0,9.0],"faces":{"east":{"uv":[5.0,7.25,5.5,7.75],"tintindex":0,"rotation":0,"texture":"#0"},"south":{"uv":[4.75,7.25,5.25,7.75],"tintindex":0,"rotation":0,"texture":"#0"},"north":{"uv":[5.25,6.75,5.75,7.25],"tintindex":0,"rotation":0,"texture":"#0"},"west":{"uv":[5.0,7.0,5.5,7.5],"tintindex":0,"rotation":0,"texture":"#0"},"up":{"uv":[5.5,7.5,5.0,7.0],"tintindex":0,"rotation":0,"texture":"#0"},"down":{"uv":[5.5,7.0,5.0,7.5],"tintindex":0,"rotation":0,"texture":"#0"}}}],"display":{"gui":{"rotation":[30,225,0]}}}