{"textures":{"0":"modelengine:entity/bs_vm_penguin_texture"},"elements":[{"from":[6.5,7.0,3.0],"to":[9.5,8.0,8.0],"faces":{"east":{"uv":[9.0,6.5,10.25,6.75],"tintindex":0,"rotation":0,"texture":"#0"},"south":{"uv":[9.25,4.25,10.0,4.5],"tintindex":0,"rotation":0,"texture":"#0"},"north":{"uv":[7.5,6.5,8.25,6.75],"tintindex":0,"rotation":0,"texture":"#0"},"west":{"uv":[9.0,6.75,10.25,7.0],"tintindex":0,"rotation":0,"texture":"#0"},"up":{"uv":[9.0,7.75,8.25,6.5],"tintindex":0,"rotation":0,"texture":"#0"},"down":{"uv":[9.0,7.75,8.25,9.0],"tintindex":0,"rotation":0,"texture":"#0"}}}],"display":{"gui":{"rotation":[30,225,0]}}}