{"textures":{"0":"modelengine:entity/raccoontext"},"elements":[{"from":[7.0,6.0,7.0],"to":[9.0,10.0,9.0],"faces":{"east":{"uv":[6.0,10.75,6.5,11.75],"tintindex":0,"rotation":0,"texture":"#0"},"south":{"uv":[7.5,10.75,8.0,11.75],"tintindex":0,"rotation":0,"texture":"#0"},"north":{"uv":[6.5,10.75,7.0,11.75],"tintindex":0,"rotation":0,"texture":"#0"},"west":{"uv":[7.0,10.75,7.5,11.75],"tintindex":0,"rotation":0,"texture":"#0"},"up":{"uv":[7.0,10.75,6.5,10.25],"tintindex":0,"rotation":0,"texture":"#0"},"down":{"uv":[7.5,10.25,7.0,10.75],"tintindex":0,"rotation":0,"texture":"#0"}}}],"display":{"gui":{"rotation":[30,225,0]}}}