{"textures":{"0":"modelengine:entity/raccoontext"},"elements":[{"from":[2.0,7.0,3.0],"to":[14.0,16.0,19.0],"faces":{"east":{"uv":[0.0,3.5,3.5,5.25],"tintindex":0,"rotation":0,"texture":"#0"},"south":{"uv":[10.0,3.5,13.0,5.25],"tintindex":0,"rotation":0,"texture":"#0"},"north":{"uv":[3.5,3.5,6.5,5.25],"tintindex":0,"rotation":0,"texture":"#0"},"west":{"uv":[6.5,3.5,10.0,5.25],"tintindex":0,"rotation":0,"texture":"#0"},"up":{"uv":[6.5,3.5,3.5,0.0],"tintindex":0,"rotation":0,"texture":"#0"},"down":{"uv":[9.5,0.0,6.5,3.5],"tintindex":0,"rotation":0,"texture":"#0"}}}],"display":{"gui":{"rotation":[30,225,0]}}}