{"textures":{"0":"modelengine:entity/raccoontext"},"elements":[{"from":[12.0,8.0,17.0],"to":[14.0,12.0,19.0],"faces":{"east":{"uv":[0.0,9.5,0.5,10.5],"tintindex":0,"rotation":0,"texture":"#0"},"south":{"uv":[1.5,9.5,2.0,10.5],"tintindex":0,"rotation":0,"texture":"#0"},"north":{"uv":[0.5,9.5,1.0,10.5],"tintindex":0,"rotation":0,"texture":"#0"},"west":{"uv":[1.0,9.5,1.5,10.5],"tintindex":0,"rotation":0,"texture":"#0"},"up":{"uv":[1.0,9.5,0.5,9.0],"tintindex":0,"rotation":0,"texture":"#0"},"down":{"uv":[1.5,9.0,1.0,9.5],"tintindex":0,"rotation":0,"texture":"#0"}}}],"display":{"gui":{"rotation":[30,225,0]}}}