{"textures":{"0":"modelengine:entity/raccoontext"},"elements":[{"from":[4.0,8.0,5.0],"to":[12.0,15.0,11.0],"faces":{"east":{"uv":[7.5,7.0,9.25,8.75],"tintindex":0,"rotation":0,"texture":"#0"},"south":{"uv":[13.0,7.0,15.0,8.75],"tintindex":0,"rotation":0,"texture":"#0"},"north":{"uv":[9.25,7.0,11.25,8.75],"tintindex":0,"rotation":0,"texture":"#0"},"west":{"uv":[11.25,7.0,13.0,8.75],"tintindex":0,"rotation":0,"texture":"#0"},"up":{"uv":[11.25,7.0,9.25,5.25],"tintindex":0,"rotation":0,"texture":"#0"},"down":{"uv":[13.25,5.25,11.25,7.0],"tintindex":0,"rotation":0,"texture":"#0"}}}],"display":{"gui":{"rotation":[30,225,0]}}}