{"textures":{"0":"modelengine:entity/raccoontext"},"elements":[{"from":[7.0,7.5,7.5],"to":[9.0,10.5,8.5],"faces":{"east":{"uv":[6.0,9.25,6.25,9.75],"tintindex":0,"rotation":0,"texture":"#0"},"south":{"uv":[7.0,9.25,7.5,9.75],"tintindex":0,"rotation":0,"texture":"#0"},"north":{"uv":[6.25,9.25,6.75,9.75],"tintindex":0,"rotation":0,"texture":"#0"},"west":{"uv":[6.75,9.25,7.0,9.75],"tintindex":0,"rotation":0,"texture":"#0"},"up":{"uv":[6.75,9.25,6.25,9.0],"tintindex":0,"rotation":0,"texture":"#0"},"down":{"uv":[7.25,9.0,6.75,9.25],"tintindex":0,"rotation":0,"texture":"#0"}}}],"display":{"gui":{"rotation":[30,225,0]}}}