{"textures":{"0":"modelengine:entity/raccoontext"},"elements":[{"from":[6.0,8.0,5.0],"to":[10.0,11.0,8.0],"faces":{"east":{"uv":[7.5,9.25,8.0,10.25],"tintindex":0,"rotation":0,"texture":"#0"},"south":{"uv":[9.5,9.25,10.5,10.25],"tintindex":0,"rotation":0,"texture":"#0"},"north":{"uv":[8.0,9.25,9.0,10.25],"tintindex":0,"rotation":0,"texture":"#0"},"west":{"uv":[9.0,9.25,9.5,10.25],"tintindex":0,"rotation":0,"texture":"#0"},"up":{"uv":[9.0,9.25,8.0,8.75],"tintindex":0,"rotation":0,"texture":"#0"},"down":{"uv":[10.0,8.75,9.0,9.25],"tintindex":0,"rotation":0,"texture":"#0"}}}],"display":{"gui":{"rotation":[30,225,0]}}}