{"textures":{"0":"modelengine:entity/raccoontext"},"elements":[{"from":[5.0,3.5,-5.0],"to":[11.0,8.5,7.0],"faces":{"east":{"uv":[0.0,8.0,2.75,9.0],"tintindex":0,"rotation":0,"texture":"#0"},"south":{"uv":[6.5,8.0,7.5,9.0],"tintindex":0,"rotation":0,"texture":"#0"},"north":{"uv":[2.75,8.0,3.75,9.0],"tintindex":0,"rotation":0,"texture":"#0"},"west":{"uv":[3.75,8.0,6.5,9.0],"tintindex":0,"rotation":0,"texture":"#0"},"up":{"uv":[3.75,8.0,2.75,5.25],"tintindex":0,"rotation":0,"texture":"#0"},"down":{"uv":[4.75,5.25,3.75,8.0],"tintindex":0,"rotation":0,"texture":"#0"}}}],"display":{"gui":{"rotation":[30,225,0]}}}