{"overrides":[{"predicate":{"custom_model_data":1},"model":"modelengine:bs_vm_crab/bs_vm_crab"},{"predicate":{"custom_model_data":2},"model":"modelengine:bs_vm_crab/little_claw"},{"predicate":{"custom_model_data":3},"model":"modelengine:bs_vm_crab/big_claw"},{"predicate":{"custom_model_data":4},"model":"modelengine:bs_vm_crab/left_leg"},{"predicate":{"custom_model_data":5},"model":"modelengine:bs_vm_crab/right_leg"},{"predicate":{"custom_model_data":6},"model":"modelengine:bs_vm_crab/top"},{"predicate":{"custom_model_data":7},"model":"modelengine:bs_vm_penguin/bs_vm_penguin"},{"predicate":{"custom_model_data":8},"model":"modelengine:bs_vm_penguin/head"},{"predicate":{"custom_model_data":9},"model":"modelengine:bs_vm_penguin/right_foot"},{"predicate":{"custom_model_data":10},"model":"modelengine:bs_vm_penguin/right_wing"},{"predicate":{"custom_model_data":11},"model":"modelengine:bs_vm_penguin/left_wing"},{"predicate":{"custom_model_data":12},"model":"modelengine:bs_vm_penguin/left_foot"},{"predicate":{"custom_model_data":13},"model":"modelengine:crabb/tag_crab"},{"predicate":{"custom_model_data":14},"model":"modelengine:crabb/right_leg1"},{"predicate":{"custom_model_data":15},"model":"modelengine:crabb/right_leg2"},{"predicate":{"custom_model_data":16},"model":"modelengine:crabb/right_arm"},{"predicate":{"custom_model_data":17},"model":"modelengine:crabb/left_arm"},{"predicate":{"custom_model_data":18},"model":"modelengine:crabb/left_leg1"},{"predicate":{"custom_model_data":19},"model":"modelengine:crabb/body"},{"predicate":{"custom_model_data":20},"model":"modelengine:crabb/left_leg2"},{"predicate":{"custom_model_data":21},"model":"modelengine:crabb/left_leg3"},{"predicate":{"custom_model_data":22},"model":"modelengine:crabb/right_leg3"},{"predicate":{"custom_model_data":23},"model":"modelengine:crabb/left_leg4"},{"predicate":{"custom_model_data":24},"model":"modelengine:crabb/right_leg4"},{"predicate":{"custom_model_data":25},"model":"modelengine:crabb/right_hand_upper"},{"predicate":{"custom_model_data":26},"model":"modelengine:crabb/right_hand_lower"},{"predicate":{"custom_model_data":27},"model":"modelengine:crabb/left_hand_upper"},{"predicate":{"custom_model_data":28},"model":"modelengine:crabb/left_hand_lower"},{"predicate":{"custom_model_data":29},"model":"modelengine:normalchest/base"},{"predicate":{"custom_model_data":30},"model":"modelengine:normalchest/lid"},{"predicate":{"custom_model_data":31},"model":"modelengine:normalchest/teeth"},{"predicate":{"custom_model_data":32},"model":"modelengine:normalchest/knob"},{"predicate":{"custom_model_data":33},"model":"modelengine:normalchest/teeth2"},{"predicate":{"custom_model_data":34},"model":"modelengine:page/head"},{"predicate":{"custom_model_data":35},"model":"modelengine:page/left_leg"},{"predicate":{"custom_model_data":36},"model":"modelengine:page/right_arm"},{"predicate":{"custom_model_data":37},"model":"modelengine:page/right_leg"},{"predicate":{"custom_model_data":38},"model":"modelengine:page/left_arm"},{"predicate":{"custom_model_data":39},"model":"modelengine:page/body"},{"predicate":{"custom_model_data":40},"model":"modelengine:nocsy_otter_v2/body"},{"predicate":{"custom_model_data":41},"model":"modelengine:nocsy_otter_v2/head"},{"predicate":{"custom_model_data":42},"model":"modelengine:nocsy_otter_v2/back_leg_right"},{"predicate":{"custom_model_data":43},"model":"modelengine:nocsy_otter_v2/back_leg_left"},{"predicate":{"custom_model_data":44},"model":"modelengine:nocsy_otter_v2/tail"},{"predicate":{"custom_model_data":45},"model":"modelengine:nocsy_otter_v2/front_leg_right"},{"predicate":{"custom_model_data":46},"model":"modelengine:nocsy_otter_v2/front_leg_left"},{"predicate":{"custom_model_data":47},"model":"modelengine:crow/left_leg"},{"predicate":{"custom_model_data":48},"model":"modelengine:crow/right_leg"},{"predicate":{"custom_model_data":49},"model":"modelengine:crow/body"},{"predicate":{"custom_model_data":50},"model":"modelengine:crow/face"},{"predicate":{"custom_model_data":51},"model":"modelengine:crow/bottombeak"},{"predicate":{"custom_model_data":52},"model":"modelengine:crow/topbeak"},{"predicate":{"custom_model_data":53},"model":"modelengine:crow/right_wing"},{"predicate":{"custom_model_data":54},"model":"modelengine:crow/left_wing"},{"predicate":{"custom_model_data":56},"model":"modelengine:raccoon/head"},{"predicate":{"custom_model_data":57},"model":"modelengine:raccoon/frontright"},{"predicate":{"custom_model_data":58},"model":"modelengine:raccoon/tail"},{"predicate":{"custom_model_data":59},"model":"modelengine:raccoon/frontleft"},{"predicate":{"custom_model_data":60},"model":"modelengine:raccoon/backleft"},{"predicate":{"custom_model_data":61},"model":"modelengine:raccoon/backright"},{"predicate":{"custom_model_data":62},"model":"modelengine:raccoon/nose"},{"predicate":{"custom_model_data":63},"model":"modelengine:raccoon/leftear"},{"predicate":{"custom_model_data":64},"model":"modelengine:raccoon/rightear"},{"predicate":{"custom_model_data":65},"model":"modelengine:nalf/full"},{"predicate":{"custom_model_data":66},"model":"modelengine:nalf/head"},{"predicate":{"custom_model_data":67},"model":"modelengine:nalf/leftear"},{"predicate":{"custom_model_data":68},"model":"modelengine:nalf/horn"},{"predicate":{"custom_model_data":69},"model":"modelengine:nalf/snout"},{"predicate":{"custom_model_data":70},"model":"modelengine:nalf/neck"},{"predicate":{"custom_model_data":71},"model":"modelengine:nalf/rightear"},{"predicate":{"custom_model_data":72},"model":"modelengine:raccoon/tag_body"},{"predicate":{"custom_model_data":73},"model":"modelengine:crow/tail"}],"parent":"minecraft:item/generated","textures":{"layer0":"minecraft:item/leather_horse_armor"}}