{"parent":"item/generated","textures":{"layer0":"item/paper"},"overrides":[{"predicate":{"custom_model_data":1000},"model":"default/caveblock"},{"predicate":{"custom_model_data":1001},"model":"amethyst_ore"},{"predicate":{"custom_model_data":1002},"model":"ruby_ore"},{"predicate":{"custom_model_data":1003},"model":"onyx_ore"},{"predicate":{"custom_model_data":1004},"model":"orax_ore"},{"predicate":{"custom_model_data":1005},"model":"brunnera"},{"predicate":{"custom_model_data":1006},"model":"daffodil"},{"predicate":{"custom_model_data":1007},"model":"dailily"},{"predicate":{"custom_model_data":1008},"model":"default/table"},{"predicate":{"custom_model_data":1009},"model":"default/cart"},{"predicate":{"custom_model_data":1010},"model":"default/chair"},{"predicate":{"custom_model_data":1011},"model":"default/coach"},{"predicate":{"custom_model_data":1012},"model":"default/shelf"},{"predicate":{"custom_model_data":1013},"model":"arrow_next_icon"},{"predicate":{"custom_model_data":1014},"model":"arrow_previous_icon"},{"predicate":{"custom_model_data":1015},"model":"exit_icon"},{"predicate":{"custom_model_data":1016},"model":"default/anubis_head"},{"predicate":{"custom_model_data":1017},"model":"default/crown"},{"predicate":{"custom_model_data":1018},"model":"default/pharaoh_head"},{"predicate":{"custom_model_data":1019},"model":"default/witch_hat"},{"predicate":{"custom_model_data":1020},"model":"default/space_helmet"},{"predicate":{"custom_model_data":1021},"model":"amethyst"},{"predicate":{"custom_model_data":1022},"model":"ruby"},{"predicate":{"custom_model_data":1023},"model":"onyx"},{"predicate":{"custom_model_data":1024},"model":"orax"},{"predicate":{"custom_model_data":1025},"model":"block/fire_floor0"},{"predicate":{"custom_model_data":1026},"model":"weed_seed"},{"predicate":{"custom_model_data":1027},"model":"default/weed/stage0"},{"predicate":{"custom_model_data":1028},"model":"default/weed/stage1"},{"predicate":{"custom_model_data":1029},"model":"default/weed/stage2"},{"predicate":{"custom_model_data":1030},"model":"default/weed/stage3"},{"predicate":{"custom_model_data":1031},"model":"grape_seeds"},{"predicate":{"custom_model_data":1032},"model":"default/grape/stage0"},{"predicate":{"custom_model_data":1033},"model":"default/grape/stage1"},{"predicate":{"custom_model_data":1034},"model":"default/grape/stage2"},{"predicate":{"custom_model_data":1035},"model":"default/grape/stage3"},{"predicate":{"custom_model_data":1036},"model":"default/grape/stage4"},{"predicate":{"custom_model_data":1037},"model":"iron_cog"},{"predicate":{"custom_model_data":1038},"model":"gold_cog"},{"predicate":{"custom_model_data":1039},"model":"diamond_cog"},{"predicate":{"custom_model_data":8000},"model":"default/alienpurpleaxoplush"},{"predicate":{"custom_model_data":8001},"model":"default/elderguardianplush"},{"predicate":{"custom_model_data":8002},"model":"default/allblackcatplush"},{"predicate":{"custom_model_data":8003},"model":"default/angrypandaplush"},{"predicate":{"custom_model_data":8004},"model":"default/beeplush"},{"predicate":{"custom_model_data":8005},"model":"default/blackcatplush"},{"predicate":{"custom_model_data":8006},"model":"default/blazeplush"},{"predicate":{"custom_model_data":8007},"model":"default/blueparrotplush"},{"predicate":{"custom_model_data":8008},"model":"default/feeblesplush"},{"predicate":{"custom_model_data":8009},"model":"default/ghastplush"},{"predicate":{"custom_model_data":8010},"model":"default/graycatplush"},{"predicate":{"custom_model_data":8011},"model":"default/greenparrotplush"},{"predicate":{"custom_model_data":8012},"model":"default/greyparrotplush"},{"predicate":{"custom_model_data":8013},"model":"default/guardianplush"},{"predicate":{"custom_model_data":8014},"model":"default/hoglinplush"},{"predicate":{"custom_model_data":8015},"model":"default/irongolemplush"},{"predicate":{"custom_model_data":8016},"model":"default/magmacubeplush"},{"predicate":{"custom_model_data":8018},"model":"default/ocelotplush"},{"predicate":{"custom_model_data":8019},"model":"default/parrotplush"},{"predicate":{"custom_model_data":8020},"model":"default/blankplush"},{"predicate":{"custom_model_data":8021},"model":"default/piglinplush"},{"predicate":{"custom_model_data":8022},"model":"default/brownaxoplush"},{"predicate":{"custom_model_data":8023},"model":"default/brownpandaplush"},{"predicate":{"custom_model_data":8024},"model":"default/calicoplush"},{"predicate":{"custom_model_data":8025},"model":"default/chickenplush"},{"predicate":{"custom_model_data":8026},"model":"default/codplush"},{"predicate":{"custom_model_data":8027},"model":"default/piglinbruteplush"},{"predicate":{"custom_model_data":8028},"model":"default/pigplush"},{"predicate":{"custom_model_data":8029},"model":"default/pinkbeeplush"},{"predicate":{"custom_model_data":8030},"model":"default/playfulpandaplush"},{"predicate":{"custom_model_data":8031},"model":"default/polarbearplush"},{"predicate":{"custom_model_data":8032},"model":"default/wardenplush"},{"predicate":{"custom_model_data":8033},"model":"default/whitecatplush"},{"predicate":{"custom_model_data":8034},"model":"default/zombieplush"},{"predicate":{"custom_model_data":8035},"model":"default/zompiglinplush"},{"predicate":{"custom_model_data":8036},"model":"default/cyanaxoplush"},{"predicate":{"custom_model_data":8037},"model":"default/dolphinplush"},{"predicate":{"custom_model_data":8038},"model":"default/drownedplush"},{"predicate":{"custom_model_data":8039},"model":"default/endermanplush"},{"predicate":{"custom_model_data":8040},"model":"default/feeblesfrogplush"},{"predicate":{"custom_model_data":8041},"model":"default/purplemushroomplush"},{"predicate":{"custom_model_data":8042},"model":"default/ragdollcatplush"},{"predicate":{"custom_model_data":8043},"model":"default/redparrotplush"},{"predicate":{"custom_model_data":8044},"model":"default/sheepplush"},{"predicate":{"custom_model_data":8045},"model":"default/mimicplush"},{"predicate":{"custom_model_data":8046},"model":"default/orangecatplush"},{"predicate":{"custom_model_data":8047},"model":"default/pandaplush"},{"predicate":{"custom_model_data":8048},"model":"default/siamesecatplush"},{"predicate":{"custom_model_data":8049},"model":"default/sickpandaplush"},{"predicate":{"custom_model_data":8050},"model":"default/silverfishplush"},{"predicate":{"custom_model_data":8051},"model":"default/orangefrogplush"},{"predicate":{"custom_model_data":8052},"model":"default/skeletonplush"},{"predicate":{"custom_model_data":8053},"model":"default/snowfoxplush"},{"predicate":{"custom_model_data":8054},"model":"default/tabbyplush"},{"predicate":{"custom_model_data":8055},"model":"default/turtleplush"},{"predicate":{"custom_model_data":8056},"model":"default/vexplush"},{"predicate":{"custom_model_data":8057},"model":"default/whitefrogplush"},{"predicate":{"custom_model_data":8058},"model":"default/whitegraycatplush"},{"predicate":{"custom_model_data":8059},"model":"default/witherplush"},{"predicate":{"custom_model_data":8060},"model":"default/witherskeleplush"},{"predicate":{"custom_model_data":8061},"model":"default/wolfplush"},{"predicate":{"custom_model_data":8062},"model":"default/yellowaxoplush"},{"predicate":{"custom_model_data":8063},"model":"default/yellowparrotplush"},{"predicate":{"custom_model_data":8064},"model":"default/zoglinplush"},{"predicate":{"custom_model_data":8065},"model":"default/persiancatplush"},{"predicate":{"custom_model_data":8066},"model":"default/phantomplush"},{"predicate":{"custom_model_data":8067},"model":"default/allayplush"},{"predicate":{"custom_model_data":8068},"model":"default/brownmooshroomplush"},{"predicate":{"custom_model_data":8069},"model":"default/cowplush"},{"predicate":{"custom_model_data":8070},"model":"default/creeperplush"},{"predicate":{"custom_model_data":8071},"model":"default/foxplush"},{"predicate":{"custom_model_data":8072},"model":"default/goatplush"},{"predicate":{"custom_model_data":8073},"model":"default/greenfrogplush"},{"predicate":{"custom_model_data":8074},"model":"default/mooshroomplush"},{"predicate":{"custom_model_data":8075},"model":"default/crowpiglinplush"},{"predicate":{"custom_model_data":8076},"model":"default/pinkaxoplush"},{"predicate":{"custom_model_data":8077},"model":"default/blueaxoplush"},{"predicate":{"custom_model_data":8078},"model":"default/armadilloplush"},{"predicate":{"custom_model_data":8079},"model":"default/endermiteplush"},{"predicate":{"custom_model_data":8080},"model":"default/snifferplush"},{"predicate":{"custom_model_data":8081},"model":"default/pufferplush"},{"predicate":{"custom_model_data":8082},"model":"default/shulkerplush"},{"predicate":{"custom_model_data":8083},"model":"default/ogsylphspawn"}]}