{"sources":[{"type":"single","resource":"modelengine:entity/raccoontext","sprite":"modelengine:entity/raccoontext"},{"type":"single","resource":"modelengine:entity/page","sprite":"modelengine:entity/page"},{"type":"single","resource":"modelengine:entity/nocsy_otter_v2","sprite":"modelengine:entity/nocsy_otter_v2"},{"type":"single","resource":"modelengine:entity/nalftext","sprite":"modelengine:entity/nalftext"},{"type":"single","resource":"modelengine:entity/mimictext","sprite":"modelengine:entity/mimictext"},{"type":"single","resource":"modelengine:entity/crow","sprite":"modelengine:entity/crow"},{"type":"single","resource":"modelengine:entity/crabbtext","sprite":"modelengine:entity/crabbtext"},{"type":"single","resource":"modelengine:entity/bs_vm_penguin_texture","sprite":"modelengine:entity/bs_vm_penguin_texture"},{"type":"single","resource":"modelengine:entity/bs_vm_crab_texture","sprite":"modelengine:entity/bs_vm_crab_texture"},{"type":"single","resource":"minecraft:required/particle","sprite":"minecraft:required/particle"},{"type":"single","resource":"minecraft:required/exit_icon","sprite":"minecraft:required/exit_icon"},{"type":"single","resource":"minecraft:required/ascii_offset","sprite":"minecraft:required/ascii_offset"},{"type":"single","resource":"minecraft:required/arrow_previous_icon","sprite":"minecraft:required/arrow_previous_icon"},{"type":"single","resource":"minecraft:required/arrow_next_icon","sprite":"minecraft:required/arrow_next_icon"},{"type":"single","resource":"minecraft:models/armor/leather_layer_2_overlay","sprite":"minecraft:models/armor/leather_layer_2_overlay"},{"type":"single","resource":"minecraft:models/armor/leather_layer_1_overlay","sprite":"minecraft:models/armor/leather_layer_1_overlay"},{"type":"single","resource":"minecraft:default/zompiglinplushietext","sprite":"minecraft:default/zompiglinplushietext"},{"type":"single","resource":"minecraft:default/zombieplushietext","sprite":"minecraft:default/zombieplushietext"},{"type":"single","resource":"minecraft:default/zoglinplushtext","sprite":"minecraft:default/zoglinplushtext"},{"type":"single","resource":"minecraft:default/yellowparrotplushietext","sprite":"minecraft:default/yellowparrotplushietext"},{"type":"single","resource":"minecraft:default/yellowaxoplushietext","sprite":"minecraft:default/yellowaxoplushietext"},{"type":"single","resource":"minecraft:default/wood_sword","sprite":"minecraft:default/wood_sword"},{"type":"single","resource":"minecraft:default/wolfplushietext","sprite":"minecraft:default/wolfplushietext"},{"type":"single","resource":"minecraft:default/withooker","sprite":"minecraft:default/withooker"},{"type":"single","resource":"minecraft:default/witherskeleplushietext","sprite":"minecraft:default/witherskeleplushietext"},{"type":"single","resource":"minecraft:default/witherplushietext","sprite":"minecraft:default/witherplushietext"},{"type":"single","resource":"minecraft:default/witch_hat2","sprite":"minecraft:default/witch_hat2"},{"type":"single","resource":"minecraft:default/witch_hat1","sprite":"minecraft:default/witch_hat1"},{"type":"single","resource":"minecraft:default/witch_hat0","sprite":"minecraft:default/witch_hat0"},{"type":"single","resource":"minecraft:default/whitegraycatplushietext","sprite":"minecraft:default/whitegraycatplushietext"},{"type":"single","resource":"minecraft:default/whitefrogplushietext","sprite":"minecraft:default/whitefrogplushietext"},{"type":"single","resource":"minecraft:default/whitecatplushietext","sprite":"minecraft:default/whitecatplushietext"},{"type":"single","resource":"minecraft:default/weed/vegatative","sprite":"minecraft:default/weed/vegatative"},{"type":"single","resource":"minecraft:default/weed/seedling","sprite":"minecraft:default/weed/seedling"},{"type":"single","resource":"minecraft:default/weed/seed","sprite":"minecraft:default/weed/seed"},{"type":"single","resource":"minecraft:default/weed/leaf","sprite":"minecraft:default/weed/leaf"},{"type":"single","resource":"minecraft:default/weed/harvest","sprite":"minecraft:default/weed/harvest"},{"type":"single","resource":"minecraft:default/weed/flowering","sprite":"minecraft:default/weed/flowering"},{"type":"single","resource":"minecraft:default/wardenplushietext","sprite":"minecraft:default/wardenplushietext"},{"type":"single","resource":"minecraft:default/vexplushietext","sprite":"minecraft:default/vexplushietext"},{"type":"single","resource":"minecraft:default/turtleplushietext","sprite":"minecraft:default/turtleplushietext"},{"type":"single","resource":"minecraft:default/table","sprite":"minecraft:default/table"},{"type":"single","resource":"minecraft:default/tabbyplushietext","sprite":"minecraft:default/tabbyplushietext"},{"type":"single","resource":"minecraft:default/storm_sword4","sprite":"minecraft:default/storm_sword4"},{"type":"single","resource":"minecraft:default/storm_sword3","sprite":"minecraft:default/storm_sword3"},{"type":"single","resource":"minecraft:default/storm_sword2","sprite":"minecraft:default/storm_sword2"},{"type":"single","resource":"minecraft:default/storm_sword1","sprite":"minecraft:default/storm_sword1"},{"type":"single","resource":"minecraft:default/storm_sword0","sprite":"minecraft:default/storm_sword0"},{"type":"single","resource":"minecraft:default/space_helmet","sprite":"minecraft:default/space_helmet"},{"type":"single","resource":"minecraft:default/snowfoxplushietext","sprite":"minecraft:default/snowfoxplushietext"},{"type":"single","resource":"minecraft:default/snifferplushtext","sprite":"minecraft:default/snifferplushtext"},{"type":"single","resource":"minecraft:default/skeletonplushietext","sprite":"minecraft:default/skeletonplushietext"},{"type":"single","resource":"minecraft:default/silverfishplushietext","sprite":"minecraft:default/silverfishplushietext"},{"type":"single","resource":"minecraft:default/sickpandaplushietext","sprite":"minecraft:default/sickpandaplushietext"},{"type":"single","resource":"minecraft:default/siameseplushietext","sprite":"minecraft:default/siameseplushietext"},{"type":"single","resource":"minecraft:default/shulkerplushtext","sprite":"minecraft:default/shulkerplushtext"},{"type":"single","resource":"minecraft:default/shelf","sprite":"minecraft:default/shelf"},{"type":"single","resource":"minecraft:default/sheep_wool","sprite":"minecraft:default/sheep_wool"},{"type":"single","resource":"minecraft:default/sheep","sprite":"minecraft:default/sheep"},{"type":"single","resource":"minecraft:default/sandwitch","sprite":"minecraft:default/sandwitch"},{"type":"single","resource":"minecraft:default/ruby_ore","sprite":"minecraft:default/ruby_ore"},{"type":"single","resource":"minecraft:default/ruby","sprite":"minecraft:default/ruby"},{"type":"single","resource":"minecraft:default/redparrotplushietext","sprite":"minecraft:default/redparrotplushietext"},{"type":"single","resource":"minecraft:default/ragdollcatplushietext","sprite":"minecraft:default/ragdollcatplushietext"},{"type":"single","resource":"minecraft:default/purplemushroomplushietext","sprite":"minecraft:default/purplemushroomplushietext"},{"type":"single","resource":"minecraft:default/polarbearplushietext","sprite":"minecraft:default/polarbearplushietext"},{"type":"single","resource":"minecraft:default/playfulpandaplushietext","sprite":"minecraft:default/playfulpandaplushietext"},{"type":"single","resource":"minecraft:default/pinkbeeplushietext","sprite":"minecraft:default/pinkbeeplushietext"},{"type":"single","resource":"minecraft:default/pinkaxoplushtext","sprite":"minecraft:default/pinkaxoplushtext"},{"type":"single","resource":"minecraft:default/pigplushietext","sprite":"minecraft:default/pigplushietext"},{"type":"single","resource":"minecraft:default/piglinplushietext","sprite":"minecraft:default/piglinplushietext"},{"type":"single","resource":"minecraft:default/piglinbruteplushietext","sprite":"minecraft:default/piglinbruteplushietext"},{"type":"single","resource":"minecraft:default/pharaoh_head","sprite":"minecraft:default/pharaoh_head"},{"type":"single","resource":"minecraft:default/phantomplushietext","sprite":"minecraft:default/phantomplushietext"},{"type":"single","resource":"minecraft:default/persiancatplushietext","sprite":"minecraft:default/persiancatplushietext"},{"type":"single","resource":"minecraft:default/pandaplushietext","sprite":"minecraft:default/pandaplushietext"},{"type":"single","resource":"minecraft:default/orax_ore","sprite":"minecraft:default/orax_ore"},{"type":"single","resource":"minecraft:default/orax_hammer","sprite":"minecraft:default/orax_hammer"},{"type":"single","resource":"minecraft:default/orax","sprite":"minecraft:default/orax"},{"type":"single","resource":"minecraft:default/orangefrogplushietext","sprite":"minecraft:default/orangefrogplushietext"},{"type":"single","resource":"minecraft:default/orangecatplushietext","sprite":"minecraft:default/orangecatplushietext"},{"type":"single","resource":"minecraft:default/onyx_ore","sprite":"minecraft:default/onyx_ore"},{"type":"single","resource":"minecraft:default/onyx_hammer","sprite":"minecraft:default/onyx_hammer"},{"type":"single","resource":"minecraft:default/onyx","sprite":"minecraft:default/onyx"},{"type":"single","resource":"minecraft:default/ogsylphspawn","sprite":"minecraft:default/ogsylphspawn"},{"type":"single","resource":"minecraft:default/octavia_sword","sprite":"minecraft:default/octavia_sword"},{"type":"single","resource":"minecraft:default/ocelotplushietext","sprite":"minecraft:default/ocelotplushietext"},{"type":"single","resource":"minecraft:default/obsidian_sword","sprite":"minecraft:default/obsidian_sword"},{"type":"single","resource":"minecraft:default/obsidian_pickaxe","sprite":"minecraft:default/obsidian_pickaxe"},{"type":"single","resource":"minecraft:default/mooshroomplushietext","sprite":"minecraft:default/mooshroomplushietext"},{"type":"single","resource":"minecraft:default/mimicplushietext","sprite":"minecraft:default/mimicplushietext"},{"type":"single","resource":"minecraft:default/magmacubeplushietext","sprite":"minecraft:default/magmacubeplushietext"},{"type":"single","resource":"minecraft:default/magical_wand1","sprite":"minecraft:default/magical_wand1"},{"type":"single","resource":"minecraft:default/magical_wand0","sprite":"minecraft:default/magical_wand0"},{"type":"single","resource":"minecraft:default/magical_axe1","sprite":"minecraft:default/magical_axe1"},{"type":"single","resource":"minecraft:default/magical_axe0","sprite":"minecraft:default/magical_axe0"},{"type":"single","resource":"minecraft:default/magic_book","sprite":"minecraft:default/magic_book"},{"type":"single","resource":"minecraft:default/legendary_hammer1","sprite":"minecraft:default/legendary_hammer1"},{"type":"single","resource":"minecraft:default/legendary_hammer0","sprite":"minecraft:default/legendary_hammer0"},{"type":"single","resource":"minecraft:default/katana2","sprite":"minecraft:default/katana2"},{"type":"single","resource":"minecraft:default/katana1","sprite":"minecraft:default/katana1"},{"type":"single","resource":"minecraft:default/katana0","sprite":"minecraft:default/katana0"},{"type":"single","resource":"minecraft:default/irongolemplushietext","sprite":"minecraft:default/irongolemplushietext"},{"type":"single","resource":"minecraft:default/iron_serpe","sprite":"minecraft:default/iron_serpe"},{"type":"single","resource":"minecraft:default/iron_cog","sprite":"minecraft:default/iron_cog"},{"type":"single","resource":"minecraft:default/ice_staff","sprite":"minecraft:default/ice_staff"},{"type":"single","resource":"minecraft:default/hoglinplushietext","sprite":"minecraft:default/hoglinplushietext"},{"type":"single","resource":"minecraft:default/guardianplushietext","sprite":"minecraft:default/guardianplushietext"},{"type":"single","resource":"minecraft:default/greyparrotplushietext","sprite":"minecraft:default/greyparrotplushietext"},{"type":"single","resource":"minecraft:default/greenparrotplushietext","sprite":"minecraft:default/greenparrotplushietext"},{"type":"single","resource":"minecraft:default/greenfrogplushietext","sprite":"minecraft:default/greenfrogplushietext"},{"type":"single","resource":"minecraft:default/great_sword","sprite":"minecraft:default/great_sword"},{"type":"single","resource":"minecraft:default/graycatplushietext","sprite":"minecraft:default/graycatplushietext"},{"type":"single","resource":"minecraft:default/grape_seeds","sprite":"minecraft:default/grape_seeds"},{"type":"single","resource":"minecraft:default/grape3","sprite":"minecraft:default/grape3"},{"type":"single","resource":"minecraft:default/grape2","sprite":"minecraft:default/grape2"},{"type":"single","resource":"minecraft:default/grape1","sprite":"minecraft:default/grape1"},{"type":"single","resource":"minecraft:default/grape0","sprite":"minecraft:default/grape0"},{"type":"single","resource":"minecraft:default/grape","sprite":"minecraft:default/grape"},{"type":"single","resource":"minecraft:default/gold_cog","sprite":"minecraft:default/gold_cog"},{"type":"single","resource":"minecraft:default/goblin_beetle4","sprite":"minecraft:default/goblin_beetle4"},{"type":"single","resource":"minecraft:default/goblin_beetle3","sprite":"minecraft:default/goblin_beetle3"},{"type":"single","resource":"minecraft:default/goblin_beetle2","sprite":"minecraft:default/goblin_beetle2"},{"type":"single","resource":"minecraft:default/goblin_beetle1","sprite":"minecraft:default/goblin_beetle1"},{"type":"single","resource":"minecraft:default/goblin_beetle0","sprite":"minecraft:default/goblin_beetle0"},{"type":"single","resource":"minecraft:default/goatplushietext","sprite":"minecraft:default/goatplushietext"},{"type":"single","resource":"minecraft:default/glass_sword","sprite":"minecraft:default/glass_sword"},{"type":"single","resource":"minecraft:default/ghastplushietext","sprite":"minecraft:default/ghastplushietext"},{"type":"single","resource":"minecraft:default/foxplushietext","sprite":"minecraft:default/foxplushietext"},{"type":"single","resource":"minecraft:default/flowers/dailily","sprite":"minecraft:default/flowers/dailily"},{"type":"single","resource":"minecraft:default/flowers/daffodil","sprite":"minecraft:default/flowers/daffodil"},{"type":"single","resource":"minecraft:default/flowers/brunnera","sprite":"minecraft:default/flowers/brunnera"},{"type":"single","resource":"minecraft:default/fire_hammer","sprite":"minecraft:default/fire_hammer"},{"type":"single","resource":"minecraft:default/feeblesplushietext","sprite":"minecraft:default/feeblesplushietext"},{"type":"single","resource":"minecraft:default/feeblesfrogplushietext","sprite":"minecraft:default/feeblesfrogplushietext"},{"type":"single","resource":"minecraft:default/energy_crystal_sword","sprite":"minecraft:default/energy_crystal_sword"},{"type":"single","resource":"minecraft:default/endermiteplushtext","sprite":"minecraft:default/endermiteplushtext"},{"type":"single","resource":"minecraft:default/endermiteplushietext","sprite":"minecraft:default/endermiteplushietext"},{"type":"single","resource":"minecraft:default/endermanplushietext","sprite":"minecraft:default/endermanplushietext"},{"type":"single","resource":"minecraft:default/emerald_hammer","sprite":"minecraft:default/emerald_hammer"},{"type":"single","resource":"minecraft:default/elderguardianplushietext","sprite":"minecraft:default/elderguardianplushietext"},{"type":"single","resource":"minecraft:default/earth_hammer","sprite":"minecraft:default/earth_hammer"},{"type":"single","resource":"minecraft:default/drownedouterplushietext","sprite":"minecraft:default/drownedouterplushietext"},{"type":"single","resource":"minecraft:default/drownedinnerplushietext","sprite":"minecraft:default/drownedinnerplushietext"},{"type":"single","resource":"minecraft:default/dolphinplushietext","sprite":"minecraft:default/dolphinplushietext"},{"type":"single","resource":"minecraft:default/divine_shield","sprite":"minecraft:default/divine_shield"},{"type":"single","resource":"minecraft:default/diamond_cog","sprite":"minecraft:default/diamond_cog"},{"type":"single","resource":"minecraft:default/dagger3","sprite":"minecraft:default/dagger3"},{"type":"single","resource":"minecraft:default/dagger2","sprite":"minecraft:default/dagger2"},{"type":"single","resource":"minecraft:default/dagger1","sprite":"minecraft:default/dagger1"},{"type":"single","resource":"minecraft:default/dagger0","sprite":"minecraft:default/dagger0"},{"type":"single","resource":"minecraft:default/cyanaxoplushietext","sprite":"minecraft:default/cyanaxoplushietext"},{"type":"single","resource":"minecraft:default/crowpiglin","sprite":"minecraft:default/crowpiglin"},{"type":"single","resource":"minecraft:default/crowoutfit","sprite":"minecraft:default/crowoutfit"},{"type":"single","resource":"minecraft:default/crown","sprite":"minecraft:default/crown"},{"type":"single","resource":"minecraft:default/creeperplushietext","sprite":"minecraft:default/creeperplushietext"},{"type":"single","resource":"minecraft:default/cowplushietext","sprite":"minecraft:default/cowplushietext"},{"type":"single","resource":"minecraft:default/combat_bow","sprite":"minecraft:default/combat_bow"},{"type":"single","resource":"minecraft:default/codplushietext","sprite":"minecraft:default/codplushietext"},{"type":"single","resource":"minecraft:default/coach","sprite":"minecraft:default/coach"},{"type":"single","resource":"minecraft:default/chickenplushietext","sprite":"minecraft:default/chickenplushietext"},{"type":"single","resource":"minecraft:default/chair","sprite":"minecraft:default/chair"},{"type":"single","resource":"minecraft:default/caveblock","sprite":"minecraft:default/caveblock"},{"type":"single","resource":"minecraft:default/cart","sprite":"minecraft:default/cart"},{"type":"single","resource":"minecraft:default/calicoplushietext","sprite":"minecraft:default/calicoplushietext"},{"type":"single","resource":"minecraft:default/brownpandaplushietext","sprite":"minecraft:default/brownpandaplushietext"},{"type":"single","resource":"minecraft:default/brownmooshroomplushietext","sprite":"minecraft:default/brownmooshroomplushietext"},{"type":"single","resource":"minecraft:default/brownaxoplushietext","sprite":"minecraft:default/brownaxoplushietext"},{"type":"single","resource":"minecraft:default/bone_sword","sprite":"minecraft:default/bone_sword"},{"type":"single","resource":"minecraft:default/blueparrotplushietext","sprite":"minecraft:default/blueparrotplushietext"},{"type":"single","resource":"minecraft:default/blueaxotex","sprite":"minecraft:default/blueaxotex"},{"type":"single","resource":"minecraft:default/blood_sword","sprite":"minecraft:default/blood_sword"},{"type":"single","resource":"minecraft:default/block","sprite":"minecraft:default/block"},{"type":"single","resource":"minecraft:default/blazeplushietext","sprite":"minecraft:default/blazeplushietext"},{"type":"single","resource":"minecraft:default/blackcatplushietext","sprite":"minecraft:default/blackcatplushietext"},{"type":"single","resource":"minecraft:default/beeplushietext","sprite":"minecraft:default/beeplushietext"},{"type":"single","resource":"minecraft:default/bedrock_pickaxe2","sprite":"minecraft:default/bedrock_pickaxe2"},{"type":"single","resource":"minecraft:default/bedrock_pickaxe1","sprite":"minecraft:default/bedrock_pickaxe1"},{"type":"single","resource":"minecraft:default/bedrock_pickaxe0","sprite":"minecraft:default/bedrock_pickaxe0"},{"type":"single","resource":"minecraft:default/battle_axe","sprite":"minecraft:default/battle_axe"},{"type":"single","resource":"minecraft:default/armors/ruby_leggings","sprite":"minecraft:default/armors/ruby_leggings"},{"type":"single","resource":"minecraft:default/armors/ruby_helmet","sprite":"minecraft:default/armors/ruby_helmet"},{"type":"single","resource":"minecraft:default/armors/ruby_chestplate","sprite":"minecraft:default/armors/ruby_chestplate"},{"type":"single","resource":"minecraft:default/armors/ruby_boots","sprite":"minecraft:default/armors/ruby_boots"},{"type":"single","resource":"minecraft:default/armors/obsidian_leggings","sprite":"minecraft:default/armors/obsidian_leggings"},{"type":"single","resource":"minecraft:default/armors/obsidian_helmet","sprite":"minecraft:default/armors/obsidian_helmet"},{"type":"single","resource":"minecraft:default/armors/obsidian_chestplate","sprite":"minecraft:default/armors/obsidian_chestplate"},{"type":"single","resource":"minecraft:default/armors/obsidian_boots","sprite":"minecraft:default/armors/obsidian_boots"},{"type":"single","resource":"minecraft:default/armors/emerald_leggings","sprite":"minecraft:default/armors/emerald_leggings"},{"type":"single","resource":"minecraft:default/armors/emerald_helmet","sprite":"minecraft:default/armors/emerald_helmet"},{"type":"single","resource":"minecraft:default/armors/emerald_chestplate","sprite":"minecraft:default/armors/emerald_chestplate"},{"type":"single","resource":"minecraft:default/armors/emerald_boots","sprite":"minecraft:default/armors/emerald_boots"},{"type":"single","resource":"minecraft:default/armadilloplushtext","sprite":"minecraft:default/armadilloplushtext"},{"type":"single","resource":"minecraft:default/anubis_head","sprite":"minecraft:default/anubis_head"},{"type":"single","resource":"minecraft:default/angrypandaplushietext","sprite":"minecraft:default/angrypandaplushietext"},{"type":"single","resource":"minecraft:default/amethyst_ore","sprite":"minecraft:default/amethyst_ore"},{"type":"single","resource":"minecraft:default/amethyst_hammer","sprite":"minecraft:default/amethyst_hammer"},{"type":"single","resource":"minecraft:default/amethyst","sprite":"minecraft:default/amethyst"},{"type":"single","resource":"minecraft:default/allblackcatplushietext","sprite":"minecraft:default/allblackcatplushietext"},{"type":"single","resource":"minecraft:default/allaypushietext","sprite":"minecraft:default/allaypushietext"},{"type":"single","resource":"minecraft:default/alienpurpleaxotext","sprite":"minecraft:default/alienpurpleaxotext"}]}